tweet_id,tfidf_amp,tfidf_donat,tfidf_flood,tfidf_hashtag,tfidf_help,tfidf_hospit,tfidf_manila,tfidf_need,tfidf_philippin,tfidf_pl,tfidf_pleas,tfidf_rain,tfidf_relief,tfidf_reliefph,tfidf_rescu,tfidf_rescueph,tfidf_rt,tfidf_st,tfidf_thi,tfidf_water
230634706436227073,0.0,0.0,0.3861184126404341,0.0,0.0,0.0,0.0,0.0,0.9224492243045314,0.0,0.0,0.0,0.0,0.0,0.0,0.0,0.0,0.0,0.0,0.0
230882841498628096,0.0,0.0,0.57822567835493,0.0,0.0,0.0,0.0,0.0,0.8158768687069029,0.0,0.0,0.0,0.0,0.0,0.0,0.0,0.0,0.0,0.0,0.0
232034974851805187,0.0,0.0,0.356152394174016,0.0,0.0,0.0,0.4464663163156808,0.0,0.5025312970670239,0.0,0.0,0.0,0.0,0.0,0.0,0.0,0.0,0.0,0.0,0.6490651708324497
232098107490439169,0.0,0.0,0.3971002195866972,0.0,0.0,0.0,0.4977977830478823,0.0,0.0,0.0,0.0,0.7108044288314241,0.0,0.0,0.0,0.0,0.2987739057388432,0.0,0.0,0.0
232214105191243778,0.0,0.0,0.3971002195866972,0.0,0.0,0.0,0.4977977830478823,0.0,0.0,0.0,0.0,0.7108044288314241,0.0,0.0,0.0,0.0,0.2987739057388432,0.0,0.0,0.0
232422541103357952,0.0,0.0,0.4161063233457913,0.0,0.0,0.0,0.5216234971849892,0.0,0.0,0.0,0.0,0.7448251169611222,0.0,0.0,0.0,0.0,0.0,0.0,0.0,0.0
232464438018596864,0.0,0.0,0.6236047308651985,0.0,0.0,0.0,0.781739815822722,0.0,0.0,0.0,0.0,0.0,0.0,0.0,0.0,0.0,0.0,0.0,0.0,0.0
232474613387513857,0.0,0.0,0.3971002195866972,0.0,0.0,0.0,0.4977977830478823,0.0,0.0,0.0,0.0,0.7108044288314241,0.0,0.0,0.0,0.0,0.2987739057388432,0.0,0.0,0.0
232500475491131395,0.0,0.0,0.3971002195866972,0.0,0.0,0.0,0.4977977830478823,0.0,0.0,0.0,0.0,0.7108044288314241,0.0,0.0,0.0,0.0,0.2987739057388432,0.0,0.0,0.0
232501180109058048,0.0,0.0,0.3971002195866972,0.0,0.0,0.0,0.4977977830478823,0.0,0.0,0.0,0.0,0.7108044288314241,0.0,0.0,0.0,0.0,0.2987739057388432,0.0,0.0,0.0
232502207713533952,0.0,0.0,0.4161063233457913,0.0,0.0,0.0,0.5216234971849892,0.0,0.0,0.0,0.0,0.7448251169611222,0.0,0.0,0.0,0.0,0.0,0.0,0.0,0.0
232502601978101760,0.0,0.0,0.5645522276480264,0.0,0.0,0.0,0.7077126465214008,0.0,0.0,0.0,0.0,0.0,0.0,0.0,0.0,0.0,0.42476298357004455,0.0,0.0,0.0
232502610396073986,0.0,0.0,0.4161063233457913,0.0,0.0,0.0,0.5216234971849892,0.0,0.0,0.0,0.0,0.7448251169611222,0.0,0.0,0.0,0.0,0.0,0.0,0.0,0.0
232509631631618048,0.0,0.0,0.4483901849549756,0.0,0.0,0.0,0.5620939727591482,0.6076036480025222,0.0,0.0,0.0,0.0,0.0,0.0,0.0,0.0,0.3373639203559086,0.0,0.0,0.0
232600203444760577,0.0,0.0,0.6236047308651985,0.0,0.0,0.0,0.781739815822722,0.0,0.0,0.0,0.0,0.0,0.0,0.0,0.0,0.0,0.0,0.0,0.0,0.0
232628821180952576,0.0,0.0,0.3508371484294729,0.6393784722628687,0.0,0.0,0.0,0.0,0.0,0.0,0.0,0.0,0.0,0.0,0.5492706738223749,0.3110178519853389,0.263966071899053,0.0,0.0,0.0
232631115448479744,0.0,0.0,0.57822567835493,0.0,0.0,0.0,0.0,0.0,0.8158768687069029,0.0,0.0,0.0,0.0,0.0,0.0,0.0,0.0,0.0,0.0,0.0
232699017044312065,0.0,0.0,0.3508371484294729,0.6393784722628687,0.0,0.0,0.0,0.0,0.0,0.0,0.0,0.0,0.0,0.0,0.5492706738223749,0.3110178519853389,0.263966071899053,0.0,0.0,0.0
232700514419216384,0.0,0.0,0.6236047308651985,0.0,0.0,0.0,0.781739815822722,0.0,0.0,0.0,0.0,0.0,0.0,0.0,0.0,0.0,0.0,0.0,0.0,0.0
232702632534351872,0.0,0.0,0.0,0.0,0.0,0.6269586564480463,0.0,0.0,0.0,0.5095456776488189,0.0,0.0,0.0,0.0,0.5128068966480736,0.29037068075898886,0.0,0.0,0.0,0.0
232703387513282560,0.0,0.0,0.5455185892517208,0.0,0.0,0.0,0.4038942528468925,0.0,0.45461324929505487,0.0,0.0,0.5767197715211912,0.0,0.0,0.0,0.0,0.0,0.0,0.0,0.0
232703890846523393,0.0,0.0,0.0,0.0,0.0,0.0,0.0,0.0,0.0,0.0,0.0,0.0,0.0,0.0,0.0,0.7624218912656299,0.6470802575561552,0.0,0.0,0.0
232705409159426049,0.0,0.0,0.0,0.0,0.0,0.0,0.0,0.0,0.0,0.0,0.0,0.0,0.0,0.0,0.0,1.0,0.0,0.0,0.0,0.0
232706738770563072,0.0,0.0,0.0,0.0,0.0,0.0,0.0,0.5298662168264697,0.0,0.0,0.0,0.0,0.0,0.0,0.6121851566502681,0.5869166263133898,0.0,0.0,0.0,0.0
232708580057415681,0.0,0.0,0.0,0.0,0.0,0.0,0.0,0.0,0.0,0.0,0.0,0.0,0.0,0.0,0.0,0.7624218912656299,0.6470802575561552,0.0,0.0,0.0
232710165521108992,0.0,0.0,0.0,0.0,0.0,0.0,0.0,0.0,0.0,0.0,0.0,0.0,0.0,0.0,0.8028107237328089,0.45458182776916045,0.3858112280917353,0.0,0.0,0.0
232712153612820480,0.0,0.0,0.41984019437581976,0.0,0.0,0.0,0.0,0.0,0.0,0.0,0.0,0.0,0.0,0.0,0.0,0.37218919380803267,0.315883216560228,0.0,0.0,0.7651321511311395
232713407713927168,0.0,0.0,0.0,0.0,0.0,0.0,0.0,0.0,0.0,0.0,0.4859810565239308,0.0,0.0,0.0,0.5335528886794043,0.30211784693115556,0.25641248820911994,0.567557195477106,0.0,0.0
232717140661268480,0.0,0.0,0.3508371484294729,0.6393784722628687,0.0,0.0,0.0,0.0,0.0,0.0,0.0,0.0,0.0,0.0,0.5492706738223749,0.3110178519853389,0.263966071899053,0.0,0.0,0.0
232718143095721986,0.0,0.0,0.41984019437581976,0.0,0.0,0.0,0.0,0.0,0.0,0.0,0.0,0.0,0.0,0.0,0.0,0.37218919380803267,0.315883216560228,0.0,0.0,0.7651321511311395
232719346844176386,0.0,0.0,0.0,0.0,0.0,0.0,0.0,0.0,0.0,0.6236005720088966,0.0,0.0,0.0,0.0,0.6275917706836955,0.35536622241885846,0.3016052783424571,0.0,0.0,0.0
232724610712473600,0.0,0.0,0.0,0.0,0.0,0.0,0.0,0.0,0.0,0.0,0.5902599344897872,0.0,0.0,0.0,0.6480394428774073,0.3669444686039901,0.31143193023867516,0.0,0.0,0.0
232725848011202563,0.0,0.0,0.4796318954721447,0.0,0.0,0.0,0.0,0.0,0.6767609666230825,0.0,0.0,0.0,0.0,0.0,0.0,0.0,0.21313554381601485,0.0,0.0,0.5162567954646605
232726884021055489,0.0,0.0,0.31115715526171256,0.0,0.0,0.0,0.390061083899625,0.42164219686942506,0.0,0.0,0.4437133518698587,0.0,0.0,0.0,0.0,0.0,0.23411127466232162,0.0,0.0,0.5670641990321826
232727089537773569,0.0,0.0,0.5645522276480264,0.0,0.0,0.0,0.7077126465214008,0.0,0.0,0.0,0.0,0.0,0.0,0.0,0.0,0.0,0.42476298357004455,0.0,0.0,0.0
232727764824903680,0.0,0.5551719315179153,0.0,0.0,0.0,0.0,0.0,0.0,0.0,0.0,0.0,0.0,0.0,0.0,0.0,0.34328354084177354,0.29135050366135457,0.0,0.699324975285508,0.0
232728221974667265,0.0,0.0,0.0,0.0,0.0,0.0,0.0,0.0,0.0,0.0,0.0,0.0,0.0,0.0,0.8028107237328089,0.45458182776916045,0.3858112280917353,0.0,0.0,0.0
232729551585816576,0.44130840635754154,0.0,0.25290870483654304,0.0,0.3299844705483594,0.4840939589112589,0.0,0.0,0.0,0.39343580601726225,0.0,0.0,0.0,0.0,0.39595389297561123,0.22420408579528794,0.19028577122926765,0.0,0.0,0.0
232729878724759552,0.0,0.0,0.424186602432168,0.0,0.0,0.0,0.5317527915474878,0.0,0.0,0.6598831698477381,0.0,0.0,0.0,0.0,0.0,0.0,0.3191534069224532,0.0,0.0,0.0
232730746958254080,0.0,0.0,0.0,0.0,0.0,0.0,0.0,0.0,0.0,0.0,0.6029829616714799,0.0,0.0,0.0,0.0,0.3748539406440598,0.0,0.7041988860524493,0.0,0.0
232731782972338176,0.0,0.0,0.57822567835493,0.0,0.0,0.0,0.0,0.0,0.8158768687069029,0.0,0.0,0.0,0.0,0.0,0.0,0.0,0.0,0.0,0.0,0.0
232738053427458048,0.0,0.7078000269190364,0.0,0.0,0.0,0.0,0.0,0.0,0.0,0.0,0.0,0.0,0.0,0.6008701876092424,0.0,0.0,0.37144870377461964,0.0,0.0,0.0
232741585039790080,0.0,0.6291358800175618,0.43882381533390036,0.0,0.0,0.0,0.5501017416942944,0.0,0.0,0.0,0.0,0.0,0.0,0.0,0.0,0.0,0.33016628742988086,0.0,0.0,0.0
232743292146708480,0.0,0.6291358800175618,0.43882381533390036,0.0,0.0,0.0,0.5501017416942944,0.0,0.0,0.0,0.0,0.0,0.0,0.0,0.0,0.0,0.33016628742988086,0.0,0.0,0.0
232743942242844672,0.0,0.0,0.0,0.0,0.0,0.0,0.0,0.4192594689040291,0.0,0.0,0.4412058983465404,0.0,0.0,0.0,0.4843947689010308,0.2742826582896226,0.23278829635205264,0.5152661383236218,0.0,0.0
232745036968767489,0.0,0.5807785099332128,0.0,0.0,0.0,0.0,0.0,0.0,0.5715885485515565,0.0,0.0,0.0,0.0,0.49303825791307004,0.0,0.0,0.3047886641568661,0.0,0.0,0.0
232746320409006080,0.0,0.6291358800175618,0.43882381533390036,0.0,0.0,0.0,0.5501017416942944,0.0,0.0,0.0,0.0,0.0,0.0,0.0,0.0,0.0,0.33016628742988086,0.0,0.0,0.0
232746374922375169,0.4465847987266199,0.0,0.0,0.4664208439691851,0.0,0.0,0.0,0.3468085441692596,0.0,0.0,0.0,0.0,0.4622014632324838,0.0,0.4006880155740163,0.22688472525368975,0.19256087493632204,0.0,0.0,0.0
232751710081257472,0.0,0.5495813271046754,0.3833343200670894,0.0,0.5001582398364192,0.0,0.0,0.0,0.0,0.0,0.0,0.0,0.0,0.46655414321098443,0.0,0.0,0.28841659198625347,0.0,0.0,0.0
232752523788816384,0.0,0.5807785099332128,0.0,0.0,0.0,0.0,0.0,0.0,0.5715885485515565,0.0,0.0,0.0,0.0,0.49303825791307004,0.0,0.0,0.3047886641568661,0.0,0.0,0.0
232753094197383168,0.0,0.0,0.0,0.0,0.0,0.7312347771575503,0.0,0.5176726583429152,0.0,0.0,0.0,0.0,0.0,0.0,0.0,0.33866529771007364,0.2874309231910763,0.0,0.0,0.0
232755824693501952,0.0,0.0,0.0,0.0,0.4179344883284707,0.0,0.0,0.0,0.0,0.0,0.45677380659329964,0.0,0.0,0.0,0.5014865923460982,0.2839606958542434,0.0,0.5334472551086553,0.0,0.0
232757363998871552,0.0,0.0,0.0,0.0,0.0,0.0,0.0,0.0,0.0,0.0,0.0,0.0,0.0,0.0,0.0,0.7624218912656299,0.6470802575561552,0.0,0.0,0.0
232758366458486784,0.0,0.5807785099332128,0.0,0.0,0.0,0.0,0.0,0.0,0.5715885485515565,0.0,0.0,0.0,0.0,0.49303825791307004,0.0,0.0,0.3047886641568661,0.0,0.0,0.0
232758387409055744,0.0,0.5807785099332128,0.0,0.0,0.0,0.0,0.0,0.0,0.5715885485515565,0.0,0.0,0.0,0.0,0.49303825791307004,0.0,0.0,0.3047886641568661,0.0,0.0,0.0
232759456969134083,0.0,0.0,0.0,0.0,0.0,0.0,0.0,0.4243287439860432,0.0,0.0,0.0,0.0,0.0,0.38112068788113573,0.0,0.2775990156964829,0.0,0.5214962320706696,0.0,0.5706773210113357
232759645729603584,0.0,0.0,0.0,0.0,0.0,0.0,0.0,0.0,0.0,0.0,0.0,0.0,0.0,0.0,0.0,0.0,1.0,0.0,0.0,0.0
232760975307190272,0.6327801428944286,0.0,0.3626389257041573,0.0,0.0,0.0,0.0,0.0,0.0,0.0,0.0,0.0,0.0,0.0,0.0,0.3214801517560817,0.0,0.6039311321247879,0.0,0.0
232761289905156096,0.0,0.0,0.42620762946080415,0.0,0.0,0.0,0.9046253680885816,0.0,0.0,0.0,0.0,0.0,0.0,0.0,0.0,0.0,0.0,0.0,0.0,0.0
232763143774941185,0.0,0.0,0.0,0.0,0.0,0.0,0.0,0.0,0.0,0.0,0.0,0.0,0.0,0.0,0.0,0.0,1.0,0.0,0.0,0.0
232763366064680961,0.0,0.0,0.0,0.0,0.0,0.0,0.7013983067333488,0.0,0.0,0.0,0.0,0.0,0.0,0.0,0.0,0.0,0.7127695387091055,0.0,0.0,0.0
232764309770469376,0.0,0.0,0.0,0.0,0.0,0.0,0.0,0.40582121602252713,0.0,0.46588698382520477,0.42706421074127315,0.0,0.0,0.0,0.4688687763313584,0.2654912534520845,0.3815115774837768,0.0,0.0,0.0
232765387731787776,0.0,0.0,0.0,0.0,0.6135851735993129,0.0,0.0,0.0,0.0,0.0,0.6706066219495485,0.0,0.0,0.0,0.0,0.41689326372168256,0.0,0.0,0.0,0.0
232765744222449664,0.0,0.0,0.3971002195866972,0.0,0.0,0.0,0.4977977830478823,0.0,0.0,0.0,0.0,0.7108044288314241,0.0,0.0,0.0,0.0,0.2987739057388432,0.0,0.0,0.0
232768445379403776,0.0,0.0,0.4681701522323724,0.0,0.0,0.0,0.5868897884595171,0.0,0.6605884382583912,0.0,0.0,0.0,0.0,0.0,0.0,0.0,0.0,0.0,0.0,0.0
232768537637294080,0.49159461290090434,0.0,0.28172714378946206,0.0,0.3675855381986617,0.5392554932340001,0.0,0.38176223755878347,0.0,0.0,0.0,0.0,0.0,0.0,0.0,0.24975169106123737,0.21196845267482703,0.0,0.0,0.0
232768722178285569,0.0,0.0,0.39992386996522605,0.0,0.0,0.0,0.0,0.0,0.5642928824549551,0.0,0.0,0.0,0.0,0.0,0.0,0.0,0.0,0.0,0.7222426469287974,0.0
232770148241666048,0.575858889904177,0.0,0.0,0.0,0.0,0.0,0.0,0.4472001371834628,0.0,0.0,0.470609140402958,0.0,0.0,0.40166315932984625,0.0,0.29256165098620945,0.0,0.0,0.0,0.0
232772820017491968,0.0,0.0,0.0,0.0,0.0,0.0,0.0,0.0,0.0,0.0,0.0,0.0,0.0,0.0,0.0,0.7624218912656299,0.6470802575561552,0.0,0.0,0.0
232775613436534784,0.0,0.5177117501261199,0.3611052121636953,0.0,0.0,0.0,0.0,0.0,0.0,0.0,0.0,0.0,0.6521380788687848,0.0,0.0,0.32012051155534843,0.2716916518784396,0.0,0.0,0.0
232778876592463872,0.613623341052684,0.5041708279408398,0.0,0.0,0.0,0.0,0.0,0.0,0.0,0.5470582257217917,0.0,0.0,0.0,0.0,0.0,0.0,0.2645854667945972,0.0,0.0,0.0
232780009046163459,0.0,0.0,0.4415761647996705,0.0,0.0,0.0,0.5535520381047557,0.0,0.6230643019129535,0.0,0.0,0.0,0.0,0.0,0.0,0.0,0.33223712536772493,0.0,0.0,0.0
232782278189793280,0.0,0.0,0.0,0.4690188054681267,0.3357898338106378,0.0,0.0,0.3487402658255826,0.0,0.0,0.6213770885894496,0.0,0.0,0.0,0.0,0.22814847190765783,0.3278499095026223,0.0,0.0,0.0
232782752125177856,0.0,0.3777949997497918,0.0,0.4802356293182859,0.0,0.0,0.0,0.0,0.3718169523556437,0.409932211059894,0.0,0.0,0.0,0.0,0.0,0.23360475892906407,0.1982642803228448,0.0,0.47589127595238645,0.0
232784652178427904,0.0,0.3777949997497918,0.0,0.4802356293182859,0.0,0.0,0.0,0.0,0.3718169523556437,0.409932211059894,0.0,0.0,0.0,0.0,0.0,0.23360475892906407,0.1982642803228448,0.0,0.47589127595238645,0.0
232785788818034689,0.0,0.0,0.0,0.0,0.0,0.0,0.0,0.0,0.0,0.0,0.0,0.0,0.0,0.0,0.0,0.0,0.0,0.0,0.0,0.0
232786367640387587,0.6326545439821523,0.0,0.36256694643121556,0.0,0.0,0.0,0.45450748510728256,0.0,0.5115822351447832,0.0,0.0,0.0,0.0,0.0,0.0,0.0,0.0,0.0,0.0,0.0
232787416207986688,0.0,0.6291358800175618,0.43882381533390036,0.0,0.0,0.0,0.5501017416942944,0.0,0.0,0.0,0.0,0.0,0.0,0.0,0.0,0.0,0.33016628742988086,0.0,0.0,0.0
232787630104915969,0.0,0.0,0.0,0.0,0.0,0.0,0.0,0.0,0.0,0.0,0.0,0.0,0.0,0.0,0.0,0.0,1.0,0.0,0.0,0.0
232791665042128896,0.0,0.5020894663482086,0.0,0.6382330390966144,0.0,0.0,0.0,0.0,0.4941446427589076,0.0,0.0,0.0,0.0,0.0,0.0,0.3104606700056261,0.0,0.0,0.0,0.0
232791925093175297,0.0,0.0,0.6236047308651985,0.0,0.0,0.0,0.781739815822722,0.0,0.0,0.0,0.0,0.0,0.0,0.0,0.0,0.0,0.0,0.0,0.0,0.0
232791988016148480,0.0,0.0,0.5645522276480264,0.0,0.0,0.0,0.7077126465214008,0.0,0.0,0.0,0.0,0.0,0.0,0.0,0.0,0.0,0.42476298357004455,0.0,0.0,0.0
232792755536027648,0.0,0.0,0.5645522276480264,0.0,0.0,0.0,0.7077126465214008,0.0,0.0,0.0,0.0,0.0,0.0,0.0,0.0,0.0,0.42476298357004455,0.0,0.0,0.0
232792877200183296,0.0,0.4761341071858989,0.0,0.0,0.43331602663935953,0.0,0.0,0.0,0.0,0.0,0.0,0.0,0.5997646023457531,0.40420285310991644,0.0,0.0,0.2498719839089784,0.0,0.0,0.0
232792889791496192,0.0,0.0,0.0,0.0,0.0,0.0,0.0,0.0,0.0,0.0,0.0,0.0,0.0,1.0,0.0,0.0,0.0,0.0,0.0,0.0
232793070146555904,0.0,0.0,0.0,0.0,0.0,0.8546668164591762,0.0,0.0,0.0,0.0,0.0,0.0,0.0,0.0,0.0,0.3958318188368992,0.3359491093005145,0.0,0.0,0.0
232793070121414658,0.0,0.5300919431584924,0.369740427088783,0.0,0.4824215091847926,0.0,0.0,0.0,0.5217040217684362,0.0,0.0,0.0,0.0,0.0,0.0,0.0,0.278188694092992,0.0,0.0,0.0
232793699283783680,0.6789998504502593,0.0,0.0,0.0,0.0,0.0,0.0,0.0,0.0,0.0,0.0,0.0,0.0,0.0,0.0,0.3449617966307205,0.0,0.648043642013276,0.0,0.0
232794856911683584,0.0,0.0,0.0,0.0,0.46185432699070145,0.0,0.0,0.47966669788539074,0.0,0.0,0.5047751858787145,0.0,0.0,0.0,0.0,0.31380151611823487,0.4509335425344823,0.0,0.0,0.0
232796169699483648,0.0,0.0,0.0,0.0,0.4609425582906959,0.0,0.0,0.0,0.0,0.5495752774286441,0.0,0.0,0.0,0.42997324291434297,0.0,0.31318202554796104,0.4500433330770015,0.0,0.0,0.0
232796673024344064,0.0,0.0,0.0,0.7561032227753043,0.5413253638433501,0.0,0.0,0.0,0.0,0.0,0.0,0.0,0.0,0.0,0.0,0.36779718183893584,0.0,0.0,0.0,0.0
232798531092631552,0.0,0.0,0.0,0.0,0.0,0.0,0.0,0.37548297510076,0.0,0.0,0.0,0.0,0.0,0.0,0.43381724788626774,0.24564375092672575,0.0,0.7813285342776849,0.0,0.0
232799218996232192,0.0,0.0,0.0,0.0,0.4609425582906959,0.0,0.0,0.0,0.0,0.5495752774286441,0.0,0.0,0.0,0.42997324291434297,0.0,0.31318202554796104,0.4500433330770015,0.0,0.0,0.0
232799655203844098,0.0,0.0,0.6236047308651985,0.0,0.0,0.0,0.781739815822722,0.0,0.0,0.0,0.0,0.0,0.0,0.0,0.0,0.0,0.0,0.0,0.0,0.0
232799713915699200,0.6985999093760623,0.0,0.0,0.0,0.0,0.45260700992265834,0.0,0.3204200365333807,0.0,0.0,0.33719264692219086,0.0,0.0,0.0,0.0,0.0,0.3012261280801881,0.0,0.0,0.0
232799785214697473,0.6305427652283994,0.0,0.0,0.0,0.0,0.0,0.0,0.0,0.0,0.0,0.0,0.0,0.652592272621506,0.0,0.0,0.32034346546829673,0.27188087660698745,0.0,0.0,0.0
232799952961667072,0.0,0.0,0.0,0.0,0.0,0.0,0.0,0.0,0.0,0.0,0.0,0.0,0.0,0.0,0.0,1.0,0.0,0.0,0.0,0.0
232799952978444288,0.0,0.3777949997497918,0.0,0.4802356293182859,0.0,0.0,0.0,0.0,0.3718169523556437,0.409932211059894,0.0,0.0,0.0,0.0,0.0,0.23360475892906407,0.1982642803228448,0.0,0.47589127595238645,0.0
232800825376927744,0.0,0.0,0.5645522276480264,0.0,0.0,0.0,0.7077126465214008,0.0,0.0,0.0,0.0,0.0,0.0,0.0,0.0,0.0,0.42476298357004455,0.0,0.0,0.0
232801022542770176,0.0,0.0,0.5645522276480264,0.0,0.0,0.0,0.7077126465214008,0.0,0.0,0.0,0.0,0.0,0.0,0.0,0.0,0.0,0.42476298357004455,0.0,0.0,0.0
232801509077823488,0.0,0.0,0.0,0.0,0.0,0.0,0.0,0.0,0.0,0.0,0.5859112055849275,0.0,0.0,0.500073045161198,0.0,0.3642410121708918,0.5234152211446926,0.0,0.0,0.0
232802767369019392,0.0,0.0,0.0,0.0,0.43135999529659097,0.0,0.0,0.0,0.0,0.0,0.0,0.0,0.0,0.0,0.0,0.29308249940797926,0.24874403709381826,0.5505834332432465,0.0,0.6025076680398729
232802863838003200,0.0,0.0,0.0,0.0,0.0,0.0,0.0,0.0,0.0,0.0,0.0,0.0,0.0,0.0,0.0,0.3894236705193625,0.5596027624924305,0.731569513477747,0.0,0.0
232803178385657856,0.0,0.0,0.0,0.0,0.0,0.0,0.0,0.0,0.0,0.0,0.0,0.0,0.0,0.0,0.8028107237328089,0.45458182776916045,0.3858112280917353,0.0,0.0,0.0
232803392303546369,0.0,0.0,0.0,0.0,0.0,0.0,0.0,0.0,0.0,0.0,0.6765849352441553,0.0,0.0,0.0,0.0,0.4206097771877946,0.6044172736898706,0.0,0.0,0.0
232805485282201600,0.5464433042644222,0.0,0.31316028962328046,0.0,0.4085981636531542,0.5994218525436281,0.0,0.0,0.0,0.0,0.0,0.0,0.0,0.0,0.0,0.27761723934236926,0.0,0.0,0.0,0.0
232805925658980352,0.0,0.0,1.0,0.0,0.0,0.0,0.0,0.0,0.0,0.0,0.0,0.0,0.0,0.0,0.0,0.0,0.0,0.0,0.0,0.0
232806412198223872,0.0,0.0,0.37602165981980784,0.0,0.0,0.7197451509476543,0.0,0.0,0.0,0.0,0.0,0.0,0.0,0.0,0.0,0.3333439730103958,0.4790161006598205,0.0,0.0,0.0
232808119296745472,0.0,0.0,0.29916413224493754,0.0,0.0,0.5726317298422126,0.0,0.405390715949292,0.0,0.0,0.0,0.0,0.0,0.0,0.0,0.2652096171069604,0.2250878539951985,0.0,0.0,0.545207674520439
232808412910604288,0.0,0.0,0.4120217278565126,0.0,0.5375883436239337,0.0,0.0,0.5583215540881153,0.0,0.0,0.0,0.0,0.0,0.0,0.0,0.3652581071955127,0.3100006870030974,0.0,0.0,0.0
232808844894535680,0.0,0.0,0.37602165981980784,0.0,0.0,0.7197451509476543,0.0,0.0,0.0,0.0,0.0,0.0,0.0,0.0,0.0,0.3333439730103958,0.4790161006598205,0.0,0.0,0.0
232810895909191680,0.0,0.0,0.4120217278565126,0.0,0.5375883436239337,0.0,0.0,0.5583215540881153,0.0,0.0,0.0,0.0,0.0,0.0,0.0,0.3652581071955127,0.3100006870030974,0.0,0.0,0.0
232812057731428352,0.0,0.0,0.0,0.0,0.0,0.0,0.0,0.0,0.0,0.0,0.0,0.0,0.0,0.0,0.0,0.4127315655830543,0.350292208052549,0.0,0.8408020122175202,0.0
232812619797512192,0.0,0.0,0.0,0.0,0.0,0.0,0.0,0.392989657680993,0.0,0.45115622117039406,0.0,0.0,0.0,0.0,0.4540437331338002,0.2570967526883582,0.3694486594519554,0.48298077523148175,0.0,0.0
232813211194359809,0.0,0.0,0.0,0.0,0.0,0.5234973492216409,0.0,0.0,0.0,0.0,0.6603375867179734,0.0,0.0,0.0,0.0,0.41050935477590067,0.34840618043724797,0.0,0.0,0.0
232813378928791552,0.0,0.6291358800175618,0.43882381533390036,0.0,0.0,0.0,0.5501017416942944,0.0,0.0,0.0,0.0,0.0,0.0,0.0,0.0,0.0,0.33016628742988086,0.0,0.0,0.0
232813618004123648,0.0,0.0,0.0,0.0,0.0,0.0,0.0,0.392989657680993,0.0,0.45115622117039406,0.0,0.0,0.0,0.0,0.4540437331338002,0.2570967526883582,0.3694486594519554,0.48298077523148175,0.0,0.0
232815073452773376,0.0,0.0,0.3235178273805359,0.0,0.42211223631119715,0.6192472731859237,0.0,0.43839187097728777,0.0,0.0,0.0,0.0,0.0,0.0,0.0,0.2867992178173944,0.2434113105332204,0.0,0.0,0.0
232815148958617602,0.0,0.0,0.3326506163069893,0.0,0.0,0.0,0.41700490495694076,0.0,0.0,0.0,0.0,0.595440444658046,0.0,0.0,0.0,0.0,0.0,0.0,0.6007504919497457,0.0
232815253786869760,0.0,0.0,0.0,0.0,0.0,0.0,0.0,0.392989657680993,0.0,0.45115622117039406,0.0,0.0,0.0,0.0,0.4540437331338002,0.2570967526883582,0.3694486594519554,0.48298077523148175,0.0,0.0
232815903933358080,0.0,0.0,0.4145116127288688,0.0,0.31942706766137213,0.4686060332192108,0.0,0.33174643563191825,0.0,0.0,0.5910978872338944,0.0,0.0,0.0,0.0,0.2170309819861418,0.0,0.0,0.0,0.0
232816298193731584,0.0,0.0,0.0,0.0,0.0,0.0,0.0,0.0,0.0,0.0,0.0,0.0,0.0,0.0,0.0,1.0,0.0,0.0,0.0,0.0
232816340119998464,0.0,0.0,0.0,0.0,0.0,0.6053644304197828,0.0,0.0,0.0,0.0,0.4509970684737558,0.0,0.0,0.38492432853420444,0.0,0.47470681963413575,0.23795429667468965,0.0,0.0,0.0
232816667284078592,0.0,0.3777949997497918,0.0,0.4802356293182859,0.0,0.0,0.0,0.0,0.3718169523556437,0.409932211059894,0.0,0.0,0.0,0.0,0.0,0.23360475892906407,0.1982642803228448,0.0,0.47589127595238645,0.0
232816742768992256,0.0,0.0,0.33720391300395636,0.0,0.0,0.0,0.0,0.0,0.4757949758303693,0.0,0.4808563003372735,0.6035907888239502,0.0,0.0,0.0,0.0,0.2537085731744787,0.0,0.0,0.0
232817053176827905,0.3024506313931425,0.0,0.0,0.0,0.2261547934041016,0.6962643672435959,0.0,0.23487692249180156,0.24457007619851978,0.2696411539602148,0.0,0.0,0.0,0.21096014714106648,0.0,0.15365822706483392,0.1304123167026083,0.0,0.0,0.3158846408468081
232817623602167809,0.0,0.0,0.2902672577190051,0.0,0.0,0.5556021728169652,0.0,0.3933347575470801,0.0,0.0,0.0,0.0,0.0,0.35328272121210247,0.0,0.0,0.21839394193000786,0.0,0.0,0.5289936844462132
232817770377658368,0.0,0.6291358800175618,0.43882381533390036,0.0,0.0,0.0,0.5501017416942944,0.0,0.0,0.0,0.0,0.0,0.0,0.0,0.0,0.0,0.33016628742988086,0.0,0.0,0.0
232818466648895488,0.0,0.0,0.0,0.0,0.0,0.6292764617379902,0.0,0.0,0.0,0.0,0.0,0.0,0.0,0.4001289261889877,0.0,0.29144415297758897,0.0,0.0,0.0,0.5991396188072853
232818701504749568,0.3024506313931425,0.0,0.0,0.0,0.2261547934041016,0.6962643672435959,0.0,0.23487692249180156,0.24457007619851978,0.2696411539602148,0.0,0.0,0.0,0.21096014714106648,0.0,0.15365822706483392,0.1304123167026083,0.0,0.0,0.3158846408468081
232819250992128001,0.0,0.0,0.0,0.0,0.5576499970198042,0.0,0.0,0.0,0.0,0.6648781855958809,0.0,0.0,0.0,0.0,0.0,0.3788887627584505,0.3215692531911479,0.0,0.0,0.0
232820098220576768,0.0,0.0,0.4417062183507949,0.0,0.0,0.0,0.0,0.0,0.0,0.0,0.0,0.0,0.0,0.0,0.0,0.3915734689299809,0.33233497625147684,0.7356081148684479,0.0,0.0
232820240847863808,0.0,0.0,0.0,0.0,0.0,0.6053644304197828,0.0,0.0,0.0,0.0,0.4509970684737558,0.0,0.0,0.38492432853420444,0.0,0.47470681963413575,0.23795429667468965,0.0,0.0,0.0
232820291179515904,0.0,0.4717543583040303,0.0,0.0,0.0,0.0,0.0,0.0,0.0,0.5118842422604595,0.0,0.0,0.0,0.40048476829465435,0.0,0.2917033396904006,0.5195608337086541,0.0,0.0,0.0
232821037761437697,0.0,0.0,0.0,0.0,0.0,0.0,0.0,0.0,0.0,0.0,0.0,1.0,0.0,0.0,0.0,0.0,0.0,0.0,0.0,0.0
232821184545308672,0.8070309705420975,0.0,0.0,0.0,0.0,0.0,0.0,0.0,0.0,0.0,0.0,0.0,0.0,0.0,0.0,0.24215687984761075,0.205522608907086,0.0,0.0,0.49781674877044346
232821574623981568,0.0,0.0,0.0,0.0,0.0,0.5828639472174204,0.0,0.41263454424470836,0.0,0.0,0.0,0.0,0.0,0.37061727157289825,0.47674060939515933,0.26994858337587774,0.22910989421855907,0.0,0.0,0.0
232822379921952768,0.0,0.0,0.0,0.0,0.33677016958153155,0.0,0.0,0.5921924662436977,0.0,0.0,0.3680667583143511,0.0,0.0,0.0,0.4040961668962004,0.22881454957161698,0.0,0.4298499587441352,0.0,0.0
232823264924295168,0.0,0.0,0.0,0.0,0.0,0.0,0.0,0.0,0.0,0.0,0.0,0.0,0.0,0.0,0.8028107237328089,0.45458182776916045,0.3858112280917353,0.0,0.0,0.0
232823478829604864,0.0,0.0,0.0,0.0,0.324107230361011,0.0,0.0,0.3366070985217289,0.0,0.6542802505342893,0.0,0.0,0.0,0.0,0.0,0.22021086374755325,0.31644354725439805,0.0,0.0,0.4527009775800086
232824699380441089,0.0,0.0,0.34554491692877337,0.0,0.0,0.0,0.43316897122252407,0.0,0.0,0.0,0.4927506590137671,0.618521081576825,0.0,0.0,0.0,0.0,0.2599842542179049,0.0,0.0,0.0
232824816833556480,0.0,0.0,0.0,0.0,0.0,0.0,0.0,0.8368311132047125,0.0,0.0,0.0,0.0,0.0,0.0,0.0,0.5474611291886957,0.0,0.0,0.0,0.0
232824829416448000,0.0,0.0,0.0,0.0,0.4906671503341477,0.0,0.0,0.0,0.0,0.0,0.0,0.0,0.0,0.45770073087428215,0.0,0.0,0.28294354871623373,0.0,0.0,0.6853457060345378
232825030738862080,0.0,0.0,0.0,0.0,0.0,0.0,0.0,0.0,0.7717304773731584,0.0,0.0,0.0,0.0,0.0,0.0,0.48486200261393697,0.41151052078239714,0.0,0.0,0.0
232825177505943552,0.0,0.0,0.0,0.0,0.0,0.0,0.0,0.0,0.0,0.0,0.0,0.8961212040442414,0.0,0.0,0.0,0.443809404657336,0.0,0.0,0.0,0.0
232825483715284992,0.0,0.0,0.0,0.0,0.0,0.0,0.0,0.0,0.0,0.0,0.0,0.0,0.0,0.0,0.0,0.0,0.0,0.0,1.0,0.0
232826255475621888,0.0,0.3777949997497918,0.0,0.4802356293182859,0.0,0.0,0.0,0.0,0.3718169523556437,0.409932211059894,0.0,0.0,0.0,0.0,0.0,0.23360475892906407,0.1982642803228448,0.0,0.47589127595238645,0.0
232826943333089280,0.0,0.3777949997497918,0.0,0.4802356293182859,0.0,0.0,0.0,0.0,0.3718169523556437,0.409932211059894,0.0,0.0,0.0,0.0,0.0,0.23360475892906407,0.1982642803228448,0.0,0.47589127595238645,0.0
232827383726608384,0.0,0.6346688216790222,0.44268305567770994,0.0,0.0,0.0,0.0,0.0,0.0,0.0,0.0,0.0,0.0,0.5387871707380324,0.0,0.0,0.3330699380798477,0.0,0.0,0.0
232827551515561985,0.0,0.0,0.0,0.0,0.0,0.0,0.0,0.6289388900031944,0.0,0.0,0.0,0.0,0.0,0.0,0.42917093537906287,0.41145649280800983,0.20624907060282732,0.4565227883348345,0.0,0.0
232827840909959168,0.0,0.0,0.0,0.0,0.0,0.0,0.0,0.0,0.0,0.0,0.0,0.0,0.7837994322172388,0.5282305183217584,0.0,0.0,0.32654397800213747,0.0,0.0,0.0
232828902073049088,0.0,0.0,0.0,0.0,0.0,0.0,0.0,0.0,0.0,0.0,0.0,0.0,0.0,0.0,0.8028107237328089,0.45458182776916045,0.3858112280917353,0.0,0.0,0.0
232829657030987776,0.0,0.0,0.0,0.0,0.0,0.0,0.0,0.0,0.0,0.0,0.0,0.0,0.0,0.0,0.0,0.7624218912656299,0.6470802575561552,0.0,0.0,0.0
232829770306551810,0.0,0.0,0.0,0.0,0.0,0.0,0.0,0.48374938024743475,0.0,0.0,0.0,0.0,0.0,0.0,0.5589037019569653,0.31647243724051943,0.0,0.5945236627049155,0.0,0.0
232830118429605889,0.0,0.0,0.0,0.0,0.0,0.7517465635402322,0.0,0.0,0.0,0.0,0.5600518949498975,0.0,0.0,0.0,0.0,0.3481651607620736,0.0,0.0,0.0,0.0
232830965662244864,0.0,0.0,0.0,0.0,0.7089824951744391,0.0,0.0,0.0,0.0,0.49925357192666747,0.0,0.0,0.0,0.0,0.0,0.28450560157948435,0.4088352420286023,0.0,0.0,0.0
232831213109407744,0.0,0.0,0.0,0.0,0.454316550273108,0.0,0.0,0.0,0.0,0.541675182006746,0.0,0.0,0.0,0.0,0.0,0.3086800619628662,0.2619819502635335,0.5798849424054894,0.0,0.0
232831414469525504,0.0,0.0,0.4415761647996705,0.0,0.0,0.0,0.5535520381047557,0.0,0.6230643019129535,0.0,0.0,0.0,0.0,0.0,0.0,0.0,0.33223712536772493,0.0,0.0,0.0
232831787762585600,0.0,0.0,0.0,0.0,0.0,0.0,0.0,0.0,0.0,0.0,0.0,0.0,0.0,0.0,0.8028107237328089,0.45458182776916045,0.3858112280917353,0.0,0.0,0.0
232832932803387393,0.0,0.0,0.0,0.0,0.0,0.0,0.0,0.0,0.8467481189539248,0.0,0.0,0.0,0.0,0.0,0.0,0.5319940065902905,0.0,0.0,0.0,0.0
232833146683535361,0.0,0.0,0.0,0.0,0.0,0.0,0.0,0.0,0.0,0.0,0.0,0.0,0.0,0.0,0.0,0.4127315655830543,0.350292208052549,0.0,0.8408020122175202,0.0
232834761503170560,0.0,0.0,0.0,0.0,0.0,0.0,1.0,0.0,0.0,0.0,0.0,0.0,0.0,0.0,0.0,0.0,0.0,0.0,0.0,0.0
232837269717921792,0.0,0.0,0.0,0.0,0.0,0.0,0.0,0.666764249678861,0.0,0.0,0.0,0.0,0.0,0.0,0.4549819406310563,0.25762800129568414,0.21865320938693766,0.48397877641789877,0.0,0.0
232837819159166976,0.0,0.0,0.0,0.0,0.4972678698029812,0.0,0.0,0.0,0.0,0.0,0.0,0.0,0.0,0.0,0.0,0.3378628332396292,0.4855097138092821,0.6347075620896012,0.0,0.0
232838494425337856,0.0,0.0,0.0,0.0,0.5450863958644393,0.0,0.0,0.0,0.0,0.0,0.0,0.0,0.0,0.0,0.0,0.7772264566822525,0.3143244439693903,0.0,0.0,0.0
232841250078863360,0.0,0.0,0.0,0.0,0.5191761483821433,0.0,0.0,0.0,0.0,0.0,0.0,0.0,0.7186059527887582,0.0,0.0,0.3527481566672045,0.2993832819907168,0.0,0.0,0.0
232842114109698048,0.0,0.0,0.0,0.0,0.0,0.0,0.0,0.0,0.0,0.0,0.0,0.0,0.0,0.0,0.0,0.3379598409431267,0.0,0.6348898003145058,0.0,0.6947647712472932
232843166884167681,0.0,0.0,0.0,0.0,0.0,0.0,0.0,0.5549825142093042,0.0,0.0,0.0,0.0,0.0,0.0,0.0,0.3630736825086012,0.30814672910234475,0.6820685473873495,0.0,0.0
232847461872455680,0.0,0.0,0.0,0.0,0.5450863958644393,0.0,0.0,0.0,0.0,0.0,0.0,0.0,0.0,0.0,0.0,0.7772264566822525,0.3143244439693903,0.0,0.0,0.0
232847801606881280,0.0,0.0,0.0,0.0,0.0,0.0,0.0,0.0,0.0,0.0,0.0,0.0,0.0,0.0,0.0,0.7624218912656299,0.6470802575561552,0.0,0.0,0.0
232847814202368000,0.0,0.0,0.0,0.0,0.0,0.0,0.5064204153975616,0.0,0.0,0.0,0.0,0.7231166677988434,0.0,0.0,0.0,0.3581278697404388,0.30394913478283425,0.0,0.0,0.0
232849718416384000,0.0,0.0,0.0,0.0,0.49051465688859264,0.0,0.0,0.0,0.0,0.0,0.5360989659238554,0.0,0.0,0.0,0.0,0.0,0.28285561326628167,0.6260878310242062,0.0,0.0
232849919721996288,0.0,0.0,0.0,0.0,0.0,0.0,0.0,0.0,0.0,0.0,0.0,0.0,0.0,0.0,0.0,0.7624218912656299,0.6470802575561552,0.0,0.0,0.0
232850490138955776,0.593345176725347,0.0,0.0,0.0,0.44366862532753665,0.0,0.0,0.0,0.0,0.5289798120506674,0.0,0.0,0.0,0.4138598924751968,0.0,0.0,0.0,0.0,0.0,0.0
232850498556948482,0.0,0.0,0.0,0.0,0.0,0.0,0.0,0.0,0.0,0.0,0.0,0.0,0.0,0.8083118198264351,0.0,0.5887546194543842,0.0,0.0,0.0,0.0
232851010228469760,0.0,0.0,0.0,0.0,0.0,0.0,0.0,0.0,0.0,0.0,0.0,0.0,0.0,0.0,0.0,0.44065100649918965,0.0,0.0,0.8976785006177052,0.0
232851245138862080,0.6241886147800519,0.0,0.35771522106433834,0.0,0.0,0.0,0.0,0.0,0.0,0.0,0.0,0.6403057738360954,0.0,0.0,0.0,0.0,0.2691410592793497,0.0,0.0,0.0
232854109819138048,0.0,0.0,0.0,0.0,0.46535128336400444,0.0,0.0,0.0,0.0,0.0,0.5085971199825804,0.0,0.0,0.0,0.0,0.3161774821915459,0.2683451366674907,0.5939695615086846,0.0,0.0
232855493964623872,0.0,0.0,0.0,0.0,0.0,0.0,0.0,0.0,0.8467481189539248,0.0,0.0,0.0,0.0,0.0,0.0,0.5319940065902905,0.0,0.0,0.0,0.0
232855925952745474,0.0,0.7078000269190364,0.0,0.0,0.0,0.0,0.0,0.0,0.0,0.0,0.0,0.0,0.0,0.6008701876092424,0.0,0.0,0.37144870377461964,0.0,0.0,0.0
232857196826853376,0.0,0.0,0.0,0.0,0.0,0.0,0.0,0.0,0.0,0.0,0.0,0.0,0.0,0.0,0.5520204757090048,0.529235300365396,0.2652875595318499,0.5872017557899402,0.0,0.0
232860539695538176,0.0,0.8505353981024653,0.0,0.0,0.0,0.0,0.0,0.0,0.0,0.0,0.0,0.0,0.0,0.0,0.0,0.5259178040099813,0.0,0.0,0.0,0.0
232860850086629377,0.6629197500012325,0.0,0.0,0.0,0.0,0.0,0.0,0.5148098055610615,0.0,0.0,0.0,0.0,0.0,0.4623883486663796,0.0,0.0,0.285841361902129,0.0,0.0,0.0
232861286281666560,0.0,0.0,0.0,0.0,0.0,0.0,0.0,0.0,0.0,0.0,0.0,0.0,0.0,0.0,0.7101834088015265,0.4021327350028985,0.5778657190923621,0.0,0.0,0.0
232863114994020352,0.0,0.0,0.35322373409353963,0.0,0.46087123397078705,0.0,0.0,0.0,0.0,0.0,0.5037007324572284,0.0,0.0,0.0,0.0,0.3131335650737043,0.5577307969957768,0.0,0.0,0.0
232870580880277504,0.0,0.0,0.57822567835493,0.0,0.0,0.0,0.0,0.0,0.8158768687069029,0.0,0.0,0.0,0.0,0.0,0.0,0.0,0.0,0.0,0.0,0.0
232870945767972864,0.0,0.0,0.0,0.0,0.3539065384069181,0.0,0.0,0.36755567874351286,0.0,0.4219577483798571,0.0,0.0,0.0,0.0,0.42465838285927965,0.24045765477581663,0.34553823524784344,0.4517226425443949,0.0,0.0
232871587509055488,0.0,0.0,0.0,0.0,0.0,0.7209306118851612,0.0,0.0,0.0,0.0,0.5370939820625666,0.0,0.0,0.0,0.0,0.33389300937172023,0.2833806019680226,0.0,0.0,0.0
232872501854756865,0.0,0.0,0.0,0.0,0.0,0.0,0.0,0.0,0.0,0.0,0.0,0.0,0.0,0.0,0.0,0.7624218912656299,0.6470802575561552,0.0,0.0,0.0
232872908685443072,0.0,0.0,0.0,0.0,0.0,0.0,0.456199083379818,0.0,0.0,0.5661241501830891,0.0,0.0,0.0,0.0,0.0,0.32261259803299336,0.0,0.6060585404837483,0.0,0.0
232873953075556353,0.0,0.0,0.0,0.0,0.0,0.0,0.0,0.48920032997193796,0.0,0.0,0.5148078625890248,0.0,0.0,0.0,0.5652015001653017,0.32003848903309584,0.27162203798692797,0.0,0.0,0.0
232876373193138176,0.0,0.0,0.0,0.0,0.0,0.0,0.0,0.0,0.0,0.0,0.0,0.921872771161931,0.0,0.0,0.0,0.0,0.38749270159607135,0.0,0.0,0.0
232877480514560001,0.0,0.0,0.0,0.0,0.48973566698759624,0.0,0.0,0.5086233396387972,0.0,0.0,0.0,0.0,0.0,0.0,0.0,0.3327451662068692,0.0,0.6250935363774401,0.0,0.0
232878059311751169,0.0,0.0,0.0,0.0,0.0,0.0,0.0,0.6689446032540437,0.0,0.0,0.0,0.0,0.0,0.6008280866189452,0.0,0.43762852752889325,0.0,0.0,0.0,0.0
232878705234550784,0.7330022677539456,0.0,0.0,0.0,0.0,0.0,0.0,0.569234443441343,0.0,0.0,0.0,0.0,0.0,0.0,0.0,0.3723974004576262,0.0,0.0,0.0,0.0
232880445849759744,0.5710685164799836,0.0,0.0,0.0,0.0,0.0,0.0,0.0,0.4617820433925267,0.0,0.46669430369748666,0.0,0.0,0.3983218606928634,0.0,0.2901279305342152,0.0,0.0,0.0,0.0
232883469963911168,0.0,0.0,0.0,0.0,0.0,0.0,0.0,0.0,0.0,0.0,0.0,0.0,0.8292576716709291,0.5588664545085075,0.0,0.0,0.0,0.0,0.0,0.0
232883662897692673,0.0,0.0,0.0,0.0,0.0,0.0,0.0,0.5966836973034975,0.0,0.0,0.0,0.0,0.0,0.0,0.0,0.0,0.0,0.0,0.0,0.8024765201376475
232885659398975489,0.0,0.0,0.0,0.0,0.0,0.0,0.0,0.0,0.0,0.0,0.0,0.0,0.0,0.0,0.6104938266821301,0.34568471916341226,0.29338842401044757,0.6494017209528999,0.0,0.0
232886863172624386,0.0,0.0,0.0,0.0,0.7235307473873953,0.0,0.0,0.0,0.0,0.0,0.4670412721720458,0.0,0.0,0.0,0.0,0.2903436290003994,0.4172245016436985,0.0,0.0,0.0
232886884139933698,0.0,0.0,0.0,0.0,0.5096193677419009,0.0,0.0,0.0,0.0,0.0,0.5569791080131855,0.0,0.0,0.0,0.0,0.5862605312765642,0.2938723578809382,0.0,0.0,0.0
232887236465659904,0.0,0.0,0.0,0.0,0.0,0.0,0.0,0.743969570048379,0.0,0.0,0.0,0.0,0.0,0.6682134979495924,0.0,0.0,0.0,0.0,0.0,0.0
232887844614578176,0.0,0.0,0.0,0.0,0.0,0.0,0.0,0.5259185305008226,0.0,0.0,0.0,0.0,0.0,0.47236590722334443,0.0,0.0,0.0,0.0,0.0,0.7073048486818974
232888096289595392,0.0,0.0,0.5645522276480264,0.0,0.0,0.0,0.7077126465214008,0.0,0.0,0.0,0.0,0.0,0.0,0.0,0.0,0.0,0.42476298357004455,0.0,0.0,0.0
232888532488826881,0.0,0.0,0.5645522276480264,0.0,0.0,0.0,0.7077126465214008,0.0,0.0,0.0,0.0,0.0,0.0,0.0,0.0,0.0,0.42476298357004455,0.0,0.0,0.0
232888893186375680,0.0,0.0,0.57822567835493,0.0,0.0,0.0,0.0,0.0,0.8158768687069029,0.0,0.0,0.0,0.0,0.0,0.0,0.0,0.0,0.0,0.0,0.0
232890386379571200,0.0,0.0,0.35344798342063466,0.3804374250477271,0.272370783948885,0.0,0.0,0.0,0.4987153714522303,0.0,0.0,0.0,0.6383095040552629,0.0,0.0,0.0,0.0,0.0,0.0,0.0
232890398966693891,0.0,0.0,0.35344798342063466,0.3804374250477271,0.272370783948885,0.0,0.0,0.0,0.4987153714522303,0.0,0.0,0.0,0.6383095040552629,0.0,0.0,0.0,0.0,0.0,0.0,0.0
232890889696063488,0.0,0.0,0.2875662406649085,0.0,0.0,0.0,0.3604879323194429,0.0,0.0,0.0,0.0,0.0,0.0,0.0,0.0,0.0,0.0,0.0,0.0,0.8873297627612322
232892567409287168,0.0,0.0,0.44139302287040927,0.47509798593194497,0.3401421688851621,0.0,0.32680115526148024,0.0,0.3678391906287366,0.0,0.0,0.0,0.47080010920579407,0.0,0.0,0.0,0.0,0.0,0.0,0.0
232894358356127744,0.0,0.0,0.6236047308651985,0.0,0.0,0.0,0.781739815822722,0.0,0.0,0.0,0.0,0.0,0.0,0.0,0.0,0.0,0.0,0.0,0.0,0.0
232895985767043072,0.0,0.0,0.5533434481690521,0.0,0.0,0.0,0.6936615196267509,0.0,0.46113417196895096,0.0,0.0,0.0,0.0,0.0,0.0,0.0,0.0,0.0,0.0,0.0
232901333517221888,0.0,0.0,0.2977978581211572,0.5427177265036297,0.38855391951043106,0.0,0.0,0.0,0.42019300264000586,0.0,0.0,0.0,0.5378081416291874,0.0,0.0,0.0,0.0,0.0,0.0,0.0
232902025581572098,0.0,0.0,0.2977978581211572,0.5427177265036297,0.38855391951043106,0.0,0.0,0.0,0.42019300264000586,0.0,0.0,0.0,0.5378081416291874,0.0,0.0,0.0,0.0,0.0,0.0,0.0
232903225123143681,0.0,0.0,0.44139302287040927,0.47509798593194497,0.3401421688851621,0.0,0.32680115526148024,0.0,0.3678391906287366,0.0,0.0,0.0,0.47080010920579407,0.0,0.0,0.0,0.0,0.0,0.0,0.0
232903422272229376,0.0,0.0,0.0,0.0,0.0,0.0,0.0,0.47732532419656754,0.0,0.5479744449363204,0.0,0.0,0.0,0.0,0.5514816175987957,0.3122697720622245,0.26502859748373436,0.0,0.0,0.0
232904521179877376,0.0,0.0,0.2977978581211572,0.5427177265036297,0.38855391951043106,0.0,0.0,0.0,0.42019300264000586,0.0,0.0,0.0,0.5378081416291874,0.0,0.0,0.0,0.0,0.0,0.0,0.0
232904588284526592,0.0,0.0,0.29059288546585205,0.5295871203814824,0.37915317907916396,0.0,0.0,0.0,0.41002678078376903,0.0,0.0,0.0,0.5247963188488426,0.0,0.0,0.0,0.21863894072110313,0.0,0.0,0.0
232906270196248576,0.0,0.0,0.0,0.0,0.0,0.0,0.0,0.0,0.0,0.0,0.0,0.0,0.0,0.5588664545085075,0.0,0.0,0.0,0.0,0.8292576716709291,0.0
232907696263819264,0.0,0.0,0.6236047308651985,0.0,0.0,0.0,0.781739815822722,0.0,0.0,0.0,0.0,0.0,0.0,0.0,0.0,0.0,0.0,0.0,0.0,0.0
232912876241838080,0.0,0.0,0.0,0.0,0.0,0.0,0.0,0.0,0.0,0.0,0.0,0.0,0.0,0.8505935066801246,0.0,0.0,0.5258238168755849,0.0,0.0,0.0
232916596555907073,0.0,0.0,0.0,0.6827782564424504,0.0,0.0,0.0,0.0,0.0,0.0,0.0,0.0,0.0,0.0,0.5865541134973096,0.3321291471535805,0.28188358249431267,0.0,0.0,0.0
232919062806675456,0.0,0.0,0.0,0.0,0.0,0.0,0.0,0.0,0.0,0.5609603767107336,0.5142150539818022,0.0,0.0,0.0,0.5645506625645937,0.3196699601415844,0.0,0.0,0.0,0.0
232921218704101376,0.0,0.0,0.0,0.0,0.0,0.0,0.0,0.0,0.0,0.0,0.0,0.0,0.0,0.0,0.0,0.7624218912656299,0.6470802575561552,0.0,0.0,0.0
232921508111077377,0.0,0.0,0.0,0.0,0.3740663825265608,0.0,0.0,0.0,0.0,0.4459940447159043,0.40882896778538697,0.0,0.0,0.0,0.4488485174667935,0.25415502487662445,0.0,0.4774544589160307,0.0,0.0
232923064189468672,0.0,0.0,0.0,0.0,0.0,0.0,0.0,0.0,0.0,0.0,0.0,0.0,0.0,0.0,0.8701821908769463,0.49273010328231215,0.0,0.0,0.0,0.0
232924712555118592,0.0,0.0,0.6236047308651985,0.0,0.0,0.0,0.781739815822722,0.0,0.0,0.0,0.0,0.0,0.0,0.0,0.0,0.0,0.0,0.0,0.0,0.0
232927044588142592,0.0,0.0,0.0,0.0,0.0,0.0,0.0,0.0,0.0,0.0,0.5478062439549596,0.0,0.6937613092117263,0.4675506014591265,0.0,0.0,0.0,0.0,0.0,0.0
232930165129347072,0.0,0.0,0.0,0.0,0.0,0.0,0.0,0.0,0.0,0.5765657341391918,0.0,0.0,0.0,0.0,0.5802558981597565,0.3285628591666484,0.47214562842791014,0.0,0.0,0.0
232938176283549697,0.0,0.0,0.0,0.0,0.5168856600841526,0.0,0.0,0.5368204285804333,0.0,0.0,0.0,0.0,0.0,0.4821576994462346,0.0,0.3511919112050394,0.2980624703429731,0.0,0.0,0.0
232939950440607744,0.0,0.0,0.2784350884082087,0.5074303056211416,0.3632902050162753,0.0,0.0,0.0,0.3928721199565559,0.0,0.0,0.0,0.5028399411800153,0.0,0.0,0.0,0.35470002020651326,0.0,0.0,0.0
232942701904023552,0.0,0.4913376278019815,0.34270919732499566,0.0,0.0,0.0,0.4296141634876526,0.0,0.0,0.0,0.0,0.0,0.0,0.0,0.0,0.0,0.2578506894908879,0.0,0.0,0.6245657964015136
232963962835181568,0.4665925575792392,0.0,0.0,0.0,0.3488904717347426,0.0,0.0,0.3623461570471537,0.0,0.0,0.3813134194686515,0.0,0.0,0.32544959204894097,0.0,0.0,0.20118792977822625,0.0,0.0,0.4873172913999524
232965535724339200,0.0,0.0,0.0,0.0,0.0,0.0,0.0,0.0,0.7021440809549724,0.0,0.0,0.0,0.0,0.6056522569517291,0.0,0.0,0.37440490545554284,0.0,0.0,0.0
232993671115591680,0.0,0.0,0.6236047308651985,0.0,0.0,0.0,0.781739815822722,0.0,0.0,0.0,0.0,0.0,0.0,0.0,0.0,0.0,0.0,0.0,0.0,0.0
232995298484551680,0.0,0.4913376278019815,0.34270919732499566,0.0,0.0,0.0,0.4296141634876526,0.0,0.0,0.0,0.0,0.0,0.0,0.0,0.0,0.0,0.2578506894908879,0.0,0.0,0.6245657964015136
233000138719784960,0.5414147211884883,0.0,0.0,0.0,0.0,0.0,0.0,0.0,0.0,0.0,0.4424603336112768,0.0,0.560347501890933,0.37763825692860714,0.0,0.0,0.23345015932636076,0.0,0.0,0.0
233009206821806080,0.0,0.37813074189205037,0.0,0.0,0.34412596819677915,0.0,0.0,0.3573979005395035,0.0,0.0,0.37610614302140993,0.0,0.0,0.32100520087644474,0.0,0.0,0.4164496205495409,0.4392388239610969,0.0,0.0
233010385425428481,0.0,0.0,0.0,0.0,0.0,0.0,0.47791215336669424,0.0,0.0,0.0,0.0,0.0,0.6884954057637522,0.46400172046557064,0.0,0.0,0.28683872352178347,0.0,0.0,0.0
233011400442777600,0.0,0.0,0.0,0.0,0.0,0.0,0.0,0.0,0.0,0.0,0.0,0.0,0.0,0.613753854655934,0.7894974388147074,0.0,0.0,0.0,0.0,0.0
233011601748406272,0.7017813544846162,0.0,0.4021827159515791,0.0,0.0,0.0,0.5041691102292685,0.0,0.0,0.0,0.0,0.0,0.0,0.0,0.0,0.0,0.30259792097464366,0.0,0.0,0.0
233011945693908992,0.0,0.0,0.0,0.0,0.5024045189307359,0.0,0.0,0.5217807921566926,0.0,0.5990097852900663,0.0,0.0,0.0,0.0,0.0,0.3413528693611036,0.0,0.0,0.0,0.0
233012356723118082,0.0,0.0,0.39992386996522605,0.0,0.0,0.0,0.0,0.0,0.5642928824549551,0.0,0.0,0.0,0.0,0.0,0.0,0.0,0.0,0.0,0.7222426469287974,0.0
233012889387147265,0.0,0.0,0.0,0.0,0.5712290544461993,0.0,0.0,0.0,0.0,0.0,0.6243142811200896,0.0,0.0,0.5328499279778561,0.0,0.0,0.0,0.0,0.0,0.0
233013828919635968,0.0,0.4824264856019672,0.0,0.0,0.0,0.0,0.0,0.0,0.0,0.0,0.4798434633567259,0.0,0.0,0.4095446197891706,0.0,0.0,0.0,0.0,0.6076908268727617,0.0
233013942182608896,0.0,0.0,0.6236047308651985,0.0,0.0,0.0,0.781739815822722,0.0,0.0,0.0,0.0,0.0,0.0,0.0,0.0,0.0,0.0,0.0,0.0,0.0
233015812854800385,0.0,0.4672226701221157,0.0,0.0,0.0,0.0,0.0,0.44160493418378627,0.0,0.5069670650678642,0.0,0.0,0.0,0.39663769818375555,0.0,0.0,0.4151517673628072,0.0,0.0,0.0
233017532506836993,0.0,0.0,0.0,0.0,0.0,0.0,0.0,0.6876136841466849,0.0,0.0,0.0,0.0,0.0,0.6175961539553073,0.0,0.0,0.38178843879017027,0.0,0.0,0.0
233017939345956865,0.0,0.6311690911394543,0.0,0.0,0.0,0.0,0.0,0.0,0.0,0.0,0.0,0.0,0.0,0.5358161567991865,0.0,0.0,0.5608267330496515,0.0,0.0,0.0
233020544000356353,0.0,0.5008971510514443,0.0,0.0,0.0,0.0,0.0,0.47343304931052566,0.0,0.0,0.4982152326196039,0.0,0.0,0.42522485685020184,0.0,0.30972341692484806,0.0,0.0,0.0,0.0
233020678226468864,0.0,0.7623430186139526,0.0,0.0,0.0,0.0,0.0,0.0,0.0,0.0,0.0,0.0,0.0,0.6471731777280072,0.0,0.0,0.0,0.0,0.0,0.0
233021261251493888,0.0,0.0,0.0,0.0,0.0,0.0,0.0,0.0,0.7021440809549724,0.0,0.0,0.0,0.0,0.6056522569517291,0.0,0.0,0.37440490545554284,0.0,0.0,0.0
233021282197860352,0.0,0.7623430186139526,0.0,0.0,0.0,0.0,0.0,0.0,0.0,0.0,0.0,0.0,0.0,0.6471731777280072,0.0,0.0,0.0,0.0,0.0,0.0
233021286413111296,0.0,0.0,0.0,0.0,0.0,0.0,0.0,0.0,0.0,0.0,0.0,0.0,0.0,0.0,0.0,0.7624218912656299,0.6470802575561552,0.0,0.0,0.0
233027812750155776,0.0,0.0,0.0,0.0,0.0,0.0,0.0,0.0,0.0,0.0,0.0,0.0,0.0,0.0,0.0,0.43645902417609955,0.3704301004628176,0.8199299121792996,0.0,0.0
233029884740517888,0.0,0.39673192662592754,0.0,0.0,0.0,0.0,0.3468931446360422,0.0,0.0,0.0,0.0,0.0,0.0,0.33679623921456203,0.0,0.0,0.0,0.780280217518761,0.0,0.0
233031482745171968,0.0,0.0,0.0,0.0,0.0,0.0,0.0,0.6876136841466849,0.0,0.0,0.0,0.0,0.0,0.6175961539553073,0.0,0.0,0.38178843879017027,0.0,0.0,0.0
233034200645763074,0.0,0.0,0.0,0.0,0.5090655954294409,0.0,0.0,0.0,0.0,0.0,0.5563738727569136,0.0,0.0,0.474863040927709,0.0,0.34587865981519034,0.29355302469720757,0.0,0.0,0.0
233037333816041473,0.0,0.0,0.0,0.0,0.4108760278778199,0.0,0.0,0.4267223148401672,0.0,0.4898816630147776,0.0,0.0,0.0,0.0,0.0,0.27916490752568796,0.23693194323485947,0.5244379092474127,0.0,0.0
233037983907983362,0.0,0.0,0.0,0.0,0.0,0.0,0.0,0.0,0.0,0.0,0.7750192796125933,0.0,0.0,0.0,0.0,0.4818030516692825,0.40891433776641256,0.0,0.0,0.0
233039510672404480,0.0,0.0,0.2630932874493096,0.0,0.0,0.0,0.0,0.35651190990103504,0.0,0.6929702396440988,0.0,0.0,0.0,0.0,0.0,0.2332327391798273,0.19794854091673655,0.0,0.0,0.47947084550475144
233040043332231168,0.0,0.5882932271152033,0.0,0.0,0.0,0.0,0.0,0.5560372140612863,0.0,0.0,0.0,0.0,0.0,0.4994177003420677,0.0,0.0,0.3087323372994535,0.0,0.0,0.0
233041171608379392,0.0,0.0,0.5645522276480264,0.0,0.0,0.0,0.7077126465214008,0.0,0.0,0.0,0.0,0.0,0.0,0.0,0.0,0.0,0.42476298357004455,0.0,0.0,0.0
233045584020385793,0.0,0.0,0.6236047308651985,0.0,0.0,0.0,0.781739815822722,0.0,0.0,0.0,0.0,0.0,0.0,0.0,0.0,0.0,0.0,0.0,0.0,0.0
233054459146682368,0.0,0.0,0.7990826765491255,0.0,0.0,0.0,0.0,0.0,0.0,0.0,0.0,0.0,0.0,0.0,0.0,0.0,0.6012211540182911,0.0,0.0,0.0
233056145282052097,0.0,0.0,0.0,0.0,0.0,0.0,0.0,0.0,0.0,0.0,0.0,0.0,0.0,0.0,0.0,0.7624218912656299,0.6470802575561552,0.0,0.0,0.0
233058502468308992,0.0,0.0,0.0,0.0,0.0,0.0,0.0,0.0,0.0,0.7360053047179791,0.0,0.0,0.0,0.5758311930485949,0.0,0.0,0.3559699826378994,0.0,0.0,0.0
233059400028418048,0.7363003656258357,0.0,0.42196515896466547,0.0,0.0,0.0,0.5289680294679304,0.0,0.0,0.0,0.0,0.0,0.0,0.0,0.0,0.0,0.0,0.0,0.0,0.0
233060410885042179,0.0,0.7623430186139526,0.0,0.0,0.0,0.0,0.0,0.0,0.0,0.0,0.0,0.0,0.0,0.6471731777280072,0.0,0.0,0.0,0.0,0.0,0.0
233061128090038272,0.0,0.0,0.5645522276480264,0.0,0.0,0.0,0.7077126465214008,0.0,0.0,0.0,0.0,0.0,0.0,0.0,0.0,0.0,0.42476298357004455,0.0,0.0,0.0
233061639820279808,0.0,0.0,0.0,0.0,0.0,0.0,0.0,0.0,0.0,0.0,0.0,0.0,0.0,0.0,0.0,0.0,1.0,0.0,0.0,0.0
233074747016097792,0.0,0.0,0.5645522276480264,0.0,0.0,0.0,0.7077126465214008,0.0,0.0,0.0,0.0,0.0,0.0,0.0,0.0,0.0,0.42476298357004455,0.0,0.0,0.0
233083198542843905,0.0,0.6291358800175618,0.43882381533390036,0.0,0.0,0.0,0.5501017416942944,0.0,0.0,0.0,0.0,0.0,0.0,0.0,0.0,0.0,0.33016628742988086,0.0,0.0,0.0
233083836064473088,0.0,0.7623430186139526,0.0,0.0,0.0,0.0,0.0,0.0,0.0,0.0,0.0,0.0,0.0,0.6471731777280072,0.0,0.0,0.0,0.0,0.0,0.0
233086897881231360,0.0,0.0,0.0,0.0,0.0,0.0,0.0,0.0,0.0,0.0,0.0,0.0,0.0,0.0,0.0,0.0,1.0,0.0,0.0,0.0
233087602553675776,0.6801643819335995,0.5588428872132658,0.0,0.0,0.0,0.0,0.0,0.0,0.0,0.0,0.0,0.0,0.0,0.47441652686223496,0.0,0.0,0.0,0.0,0.0,0.0
233090328855474176,0.0,0.8939297368099542,0.0,0.0,0.0,0.0,0.0,0.0,0.0,0.0,0.0,0.0,0.0,0.4482071236012272,0.0,0.0,0.0,0.0,0.0,0.0
233090911830163456,0.0,0.0,0.0,0.0,0.0,0.0,0.0,0.0,0.0,0.7079340757210784,0.0,0.0,0.0,0.0,0.0,0.40342467518935604,0.579722240285212,0.0,0.0,0.0
233091578749657088,0.0,0.0,0.0,0.0,0.0,0.0,0.0,0.0,0.0,0.0,0.0,0.0,0.0,1.0,0.0,0.0,0.0,0.0,0.0,0.0
233093571052466176,0.0,0.0,0.0,0.0,0.3433851797226431,0.0,0.0,0.0,0.0,0.0,0.3752965118934193,0.0,0.0,0.0,0.0,0.23330904077827855,0.19801329936418333,0.0,0.8047339754686083,0.0
233093885604282368,0.0,0.0,0.5645522276480264,0.0,0.0,0.0,0.7077126465214008,0.0,0.0,0.0,0.0,0.0,0.0,0.0,0.0,0.0,0.42476298357004455,0.0,0.0,0.0
233094825140961281,0.0,0.0,0.5645522276480264,0.0,0.0,0.0,0.7077126465214008,0.0,0.0,0.0,0.0,0.0,0.0,0.0,0.0,0.0,0.42476298357004455,0.0,0.0,0.0
233098134446804993,0.0,0.0,0.5645522276480264,0.0,0.0,0.0,0.7077126465214008,0.0,0.0,0.0,0.0,0.0,0.0,0.0,0.0,0.0,0.42476298357004455,0.0,0.0,0.0
233098679685361664,0.0,0.0,0.0,0.0,0.0,0.0,0.0,0.0,0.0,0.0,0.0,0.0,0.0,1.0,0.0,0.0,0.0,0.0,0.0,0.0
233099053003571200,0.0,0.0,0.0,0.0,0.0,0.0,0.0,0.0,0.0,0.0,0.0,0.0,0.0,0.0,0.0,0.7624218912656299,0.6470802575561552,0.0,0.0,0.0
233100231607214080,0.0,0.0,0.0,0.0,0.0,0.0,0.0,0.0,0.0,0.0,0.0,0.921872771161931,0.0,0.0,0.0,0.0,0.38749270159607135,0.0,0.0,0.0
233102941102415873,0.0,0.0,0.6236047308651985,0.0,0.0,0.0,0.781739815822722,0.0,0.0,0.0,0.0,0.0,0.0,0.0,0.0,0.0,0.0,0.0,0.0,0.0
233104295887785984,0.0,0.0,0.4161063233457913,0.0,0.0,0.0,0.5216234971849892,0.0,0.0,0.0,0.0,0.7448251169611222,0.0,0.0,0.0,0.0,0.0,0.0,0.0,0.0
233106682421587969,0.0,0.0,0.3262594802501445,0.0,0.0,0.0,0.0,0.4421070242991608,0.0,0.0,0.0,0.0,0.0,0.0,0.5107918741220739,0.2892296987120552,0.0,0.0,0.0,0.5945872293667599
233107168956657664,0.0,0.0,0.0,0.0,0.0,0.0,0.0,0.0,0.0,0.0,0.0,0.0,0.0,0.8505935066801246,0.0,0.0,0.5258238168755849,0.0,0.0,0.0
233108087530192896,0.0,0.0,0.0,0.0,0.0,0.0,0.0,0.0,1.0,0.0,0.0,0.0,0.0,0.0,0.0,0.0,0.0,0.0,0.0,0.0
233108775370899456,0.0,0.0,0.0,0.0,0.0,0.0,0.0,0.0,0.0,0.0,0.0,0.0,0.0,0.5588664545085075,0.0,0.0,0.0,0.0,0.8292576716709291,0.0
233111380037890049,0.0,0.7127231923206405,0.0,0.0,0.0,0.0,0.0,0.0,0.7014454013879307,0.0,0.0,0.0,0.0,0.0,0.0,0.0,0.0,0.0,0.0,0.0
233115977024405505,0.0,0.0,0.0,0.0,0.4504211151909756,0.0,0.0,0.4677925405381344,0.0,0.0,0.4922794674797971,0.0,0.0,0.0,0.0,0.5181595108131377,0.25973564495211887,0.0,0.0,0.0
233118061593509888,0.0,0.0,0.0,0.0,0.4504211151909756,0.0,0.0,0.4677925405381344,0.0,0.0,0.4922794674797971,0.0,0.0,0.0,0.0,0.5181595108131377,0.25973564495211887,0.0,0.0,0.0
233118661383163904,0.0,0.0,0.0,0.0,0.4825611108901961,0.0,0.0,0.5011720818916706,0.0,0.5753507712049928,0.0,0.0,0.0,0.0,0.0,0.3278704980501177,0.2782691955121452,0.0,0.0,0.0
233120230052855809,0.0,0.0,0.0,0.0,0.5174653762309284,0.0,0.0,0.5374225026838559,0.0,0.0,0.0,0.0,0.0,0.0,0.0,0.5952864933893449,0.29839676405655297,0.0,0.0,0.0
233122532709003264,0.0,0.0,0.4551313864572845,0.0,0.0,0.0,0.0,0.0,0.0,0.0,0.0,0.0,0.8219446798308508,0.0,0.0,0.0,0.34243592737799905,0.0,0.0,0.0
233129386189139969,0.0,0.0,0.0,0.0,0.0,0.0,0.35628776786580024,0.0,0.0,0.0,0.0,0.8613760475140583,0.0,0.0,0.0,0.0,0.36206398776772086,0.0,0.0,0.0
233132120875360256,0.0,0.0,0.2873203616227271,0.0,0.0,0.0,0.0,0.0,0.4054092471704338,0.0,0.4097218352856157,0.0,0.5188863033181325,0.0,0.0,0.0,0.21617672921376233,0.0,0.5188863033181325,0.0
233133630820605952,0.0,0.7078000269190364,0.0,0.0,0.0,0.0,0.0,0.0,0.0,0.0,0.0,0.0,0.0,0.6008701876092424,0.0,0.0,0.37144870377461964,0.0,0.0,0.0
233134935249133568,0.0,0.0,0.0,0.0,0.0,0.0,0.0,0.0,0.0,0.5812575442633469,0.0,0.0,0.6747832615574075,0.45476061522397787,0.0,0.0,0.0,0.0,0.0,0.0
233138693362302977,0.0,0.8505353981024653,0.0,0.0,0.0,0.0,0.0,0.0,0.0,0.0,0.0,0.0,0.0,0.0,0.0,0.5259178040099813,0.0,0.0,0.0,0.0
233145865638924290,0.0,0.0,0.0,0.0,0.0,0.0,0.0,0.0,0.7572202568450229,0.0,0.0,0.0,0.0,0.653159614966784,0.0,0.0,0.0,0.0,0.0,0.0
233147400749981696,0.0,0.5077548113187487,0.0,0.0,0.0,0.0,0.0,0.4799147052845523,0.0,0.0,0.5050361753982351,0.0,0.0,0.43104650626340113,0.0,0.0,0.2664663172176593,0.0,0.0,0.0
233148323467509760,0.0,0.0,0.6236047308651985,0.0,0.0,0.0,0.781739815822722,0.0,0.0,0.0,0.0,0.0,0.0,0.0,0.0,0.0,0.0,0.0,0.0,0.0
233148805846011904,0.0,0.4583405421923989,0.0,0.0,0.0,0.0,0.0,0.0,0.0,0.49732937705304897,0.0,0.0,0.5773508532116816,0.3890974245577011,0.0,0.0,0.24053404042070972,0.0,0.0,0.0
233150760366505984,0.0,0.0,0.5645522276480264,0.0,0.0,0.0,0.7077126465214008,0.0,0.0,0.0,0.0,0.0,0.0,0.0,0.0,0.0,0.42476298357004455,0.0,0.0,0.0
233150907179757568,0.0,0.0,0.0,0.0,0.0,0.0,0.0,0.0,0.0,0.0,0.0,0.0,0.0,0.0,0.0,0.0,0.0,0.0,0.0,0.0
233151972507803649,0.0,0.47796813156795054,0.0,0.0,0.4349851197498853,0.0,0.0,0.0,0.0,0.5186265914572213,0.4754089803745497,0.0,0.0,0.0,0.0,0.2955455477829357,0.0,0.0,0.0,0.0
233152798789881856,0.0,0.0,0.0,0.0,0.0,0.0,0.0,0.5083107795951703,0.0,0.0,0.5349186620323036,0.0,0.0,0.0,0.5872809104480052,0.33254068710502527,0.0,0.0,0.0,0.0
233155093099319297,0.0,0.47796813156795054,0.0,0.0,0.4349851197498853,0.0,0.0,0.0,0.0,0.5186265914572213,0.4754089803745497,0.0,0.0,0.0,0.0,0.2955455477829357,0.0,0.0,0.0,0.0
233155919373033473,0.44494040257277473,0.0,0.0,0.0,0.3327002637008387,0.0,0.0,0.585035752797664,0.0,0.0,0.0,0.0,0.0,0.3103471543881397,0.0,0.0,0.19185183521300583,0.0,0.0,0.46470340834647
233157597077852160,0.0,0.5432907413581685,0.0,0.0,0.4944333577501073,0.0,0.0,0.0,0.0,0.5895058828222243,0.0,0.0,0.0,0.0,0.0,0.3359369572054199,0.0,0.0,0.0,0.0
233157701943832576,0.0,0.0,0.0,0.0,0.0,0.0,0.0,0.6876136841466849,0.0,0.0,0.0,0.0,0.0,0.6175961539553073,0.0,0.0,0.38178843879017027,0.0,0.0,0.0
233167399174696961,0.0,0.0,0.7990826765491255,0.0,0.0,0.0,0.0,0.0,0.0,0.0,0.0,0.0,0.0,0.0,0.0,0.0,0.6012211540182911,0.0,0.0,0.0
233168099606683648,0.0,0.0,0.0,0.0,0.0,0.0,0.0,0.0,0.0,0.0,0.0,0.0,0.0,0.8505935066801246,0.0,0.0,0.5258238168755849,0.0,0.0,0.0
233170838495580161,0.0,0.0,0.0,0.0,0.0,0.0,0.0,0.0,0.0,0.0,0.0,0.0,0.0,1.0,0.0,0.0,0.0,0.0,0.0,0.0
233174764372516864,0.0,0.0,0.0,0.0,0.0,0.0,0.0,0.0,0.0,0.0,0.0,0.0,0.0,0.0,0.0,0.0,1.0,0.0,0.0,0.0
233177331307520000,0.0,0.7623430186139526,0.0,0.0,0.0,0.0,0.0,0.0,0.0,0.0,0.0,0.0,0.0,0.6471731777280072,0.0,0.0,0.0,0.0,0.0,0.0
233177805263876096,0.7363003656258357,0.0,0.42196515896466547,0.0,0.0,0.0,0.5289680294679304,0.0,0.0,0.0,0.0,0.0,0.0,0.0,0.0,0.0,0.0,0.0,0.0,0.0
233180565111709698,0.0,0.0,0.0,0.0,0.6414329944852014,0.5557669860673843,0.0,0.39345143596027904,0.0,0.0,0.0,0.0,0.0,0.35338751863091866,0.0,0.0,0.0,0.0,0.0,0.0
233181231997673472,0.0,0.0,0.0,0.0,0.0,0.0,0.0,0.6876136841466849,0.0,0.0,0.0,0.0,0.0,0.6175961539553073,0.0,0.0,0.38178843879017027,0.0,0.0,0.0
233181693362704384,0.0,0.5186389402529251,0.0,0.0,0.47199845896169274,0.0,0.0,0.4902020593642862,0.0,0.0,0.0,0.0,0.0,0.44028633156138736,0.0,0.0,0.27217823503421257,0.0,0.0,0.0
233181932429664257,0.0,0.0,0.34754622653692446,0.0,0.0,0.0,0.435677777405424,0.0,0.8302990393195782,0.0,0.0,0.0,0.0,0.0,0.0,0.0,0.0,0.0,0.0,0.0
233186609099571200,0.0,0.0,0.0,0.0,0.0,0.0,0.0,0.0,0.0,0.0,0.0,0.0,1.0,0.0,0.0,0.0,0.0,0.0,0.0,0.0
233194230154145793,0.0,0.0,0.2977978581211572,0.5427177265036297,0.38855391951043106,0.0,0.0,0.0,0.42019300264000586,0.0,0.0,0.0,0.5378081416291874,0.0,0.0,0.0,0.0,0.0,0.0,0.0
233198638334095360,0.0,0.0,0.5645522276480264,0.0,0.0,0.0,0.7077126465214008,0.0,0.0,0.0,0.0,0.0,0.0,0.0,0.0,0.0,0.42476298357004455,0.0,0.0,0.0
233215281332375552,0.0,0.0,0.48889902179119366,0.0,0.6378945515602009,0.0,0.0,0.0,0.0,0.0,0.0,0.0,0.0,0.5950363750069603,0.0,0.0,0.0,0.0,0.0,0.0
233216099246809088,0.0,0.0,0.4161063233457913,0.0,0.0,0.0,0.5216234971849892,0.0,0.0,0.0,0.0,0.7448251169611222,0.0,0.0,0.0,0.0,0.0,0.0,0.0,0.0
233221715424059393,0.0,0.0,0.6236047308651985,0.0,0.0,0.0,0.781739815822722,0.0,0.0,0.0,0.0,0.0,0.0,0.0,0.0,0.0,0.0,0.0,0.0,0.0
233237179806121985,0.0,0.0,0.44249688521973235,0.0,0.0,0.0,0.0,0.0,0.0,0.0,0.0,0.0,0.0,0.0,0.0,0.3922743967317081,0.0,0.0,0.0,0.8064225345559297
233240442991419392,0.0,0.0,0.4415761647996705,0.0,0.0,0.0,0.5535520381047557,0.0,0.6230643019129535,0.0,0.0,0.0,0.0,0.0,0.0,0.0,0.33223712536772493,0.0,0.0,0.0
233270105084133376,0.0,0.0,0.5302214564534711,0.0,0.0,0.0,0.0,0.0,0.7481428753617771,0.0,0.0,0.0,0.0,0.0,0.0,0.0,0.398932883028928,0.0,0.0,0.0
233273506685661185,0.0,0.0,0.0,0.0,0.0,0.0,0.0,0.0,0.0,0.0,0.0,0.0,0.0,0.8505935066801246,0.0,0.0,0.5258238168755849,0.0,0.0,0.0
233279991054479360,0.0,0.0,0.4588411113961853,0.0,0.5986762745384695,0.0,0.0,0.0,0.0,0.0,0.0,0.0,0.0,0.5584530536163753,0.0,0.0,0.34522708425614373,0.0,0.0,0.0
233281488421023744,0.0,0.0,0.0,0.0,0.0,0.0,0.0,0.0,0.0,0.0,0.6765849352441553,0.0,0.0,0.0,0.0,0.4206097771877946,0.6044172736898706,0.0,0.0,0.0
233294348169646080,0.0,0.0,0.0,0.0,0.0,0.0,0.0,0.0,0.0,0.0,0.0,0.6647205943256148,0.0,0.0,0.0,0.3292068638703443,0.0,0.0,0.6706484714513663,0.0
233295199634354176,0.0,0.0,0.0,0.0,0.0,0.0,0.0,0.0,0.0,0.0,0.0,0.0,0.0,0.5588664545085075,0.0,0.0,0.0,0.0,0.8292576716709291,0.0
233306666840502272,0.0,0.7623430186139526,0.0,0.0,0.0,0.0,0.0,0.0,0.0,0.0,0.0,0.0,0.0,0.6471731777280072,0.0,0.0,0.0,0.0,0.0,0.0
233307052716486656,0.0,0.0,0.6236047308651985,0.0,0.0,0.0,0.781739815822722,0.0,0.0,0.0,0.0,0.0,0.0,0.0,0.0,0.0,0.0,0.0,0.0,0.0
233310043242651649,0.6174988226500816,0.0,0.0,0.0,0.0,0.0,0.0,0.4795368501573258,0.0,0.0,0.0,0.0,0.0,0.43070712693063373,0.0,0.0,0.450811472988557,0.0,0.0,0.0
233312639525195776,0.0,0.0,0.0,0.0,0.0,0.0,0.0,0.0,0.0,0.0,0.0,0.0,0.8292576716709291,0.5588664545085075,0.0,0.0,0.0,0.0,0.0,0.0
233315055440117761,0.0,0.0,0.5889158818879077,0.0,0.0,0.0,0.43602499491548713,0.0,0.0,0.0,0.0,0.0,0.0,0.0,0.0,0.0,0.26169841483229067,0.0,0.6281514367916415,0.0
233318473802084353,0.5140282385850508,0.0,0.0,0.0,0.38436008404283384,0.0,0.0,0.0,0.0,0.0,0.4200792793936212,0.0,0.5320033388827143,0.3585361099994192,0.0,0.0,0.0,0.0,0.0,0.0
233326807913476096,0.0,0.0,0.6236047308651985,0.0,0.0,0.0,0.781739815822722,0.0,0.0,0.0,0.0,0.0,0.0,0.0,0.0,0.0,0.0,0.0,0.0,0.0
233345350893699072,0.0,0.0,0.0,0.0,0.0,0.0,0.0,0.0,0.0,0.0,0.0,0.0,0.7157901859701868,0.4823966507287088,0.0,0.0,0.5049137362307442,0.0,0.0,0.0
233356503552233473,0.0,0.0,0.0,0.0,0.0,0.0,0.0,0.0,0.0,0.0,0.0,0.0,0.0,0.0,0.0,0.0,1.0,0.0,0.0,0.0
233360790135111680,0.0,0.0,0.31411596706047934,0.0,0.40984509073434305,0.0,0.39377019782410233,0.0,0.0,0.0,0.4479326483847617,0.0,0.0,0.0,0.0,0.0,0.23633745262410621,0.0,0.5672778359343392,0.0
233371607253528576,0.0,0.0,0.57822567835493,0.0,0.0,0.0,0.0,0.0,0.8158768687069029,0.0,0.0,0.0,0.0,0.0,0.0,0.0,0.0,0.0,0.0,0.0
233379316367503361,0.0,0.0,0.3971002195866972,0.0,0.0,0.0,0.4977977830478823,0.0,0.0,0.0,0.0,0.7108044288314241,0.0,0.0,0.0,0.0,0.2987739057388432,0.0,0.0,0.0
233381543555510273,0.0,0.0,0.57822567835493,0.0,0.0,0.0,0.0,0.0,0.8158768687069029,0.0,0.0,0.0,0.0,0.0,0.0,0.0,0.0,0.0,0.0,0.0
233383426785431553,0.0,0.0,0.3971002195866972,0.0,0.0,0.0,0.4977977830478823,0.0,0.0,0.0,0.0,0.7108044288314241,0.0,0.0,0.0,0.0,0.2987739057388432,0.0,0.0,0.0
233389747609927680,,,,,,,,,,,,,,,,,,,,
233390322225393666,,,,,,,,,,,,,,,,,,,,
233398803116478465,,,,,,,,,,,,,,,,,,,,
233402498323460097,,,,,,,,,,,,,,,,,,,,
233409926406475776,,,,,,,,,,,,,,,,,,,,
233427404079628289,,,,,,,,,,,,,,,,,,,,
233428360389337088,,,,,,,,,,,,,,,,,,,,
233429060825526272,,,,,,,,,,,,,,,,,,,,
233430658859556866,,,,,,,,,,,,,,,,,,,,
233439819236265985,,,,,,,,,,,,,,,,,,,,
233450258846330880,,,,,,,,,,,,,,,,,,,,
233451022197088257,,,,,,,,,,,,,,,,,,,,
233451835887845377,,,,,,,,,,,,,,,,,,,,
233452716691705856,,,,,,,,,,,,,,,,,,,,
233470605394059266,,,,,,,,,,,,,,,,,,,,
233477844787941376,,,,,,,,,,,,,,,,,,,,
233481258955591680,,,,,,,,,,,,,,,,,,,,
233495007871524865,,,,,,,,,,,,,,,,,,,,
233500162658545664,,,,,,,,,,,,,,,,,,,,
233505988576174080,,,,,,,,,,,,,,,,,,,,
233510828786208768,,,,,,,,,,,,,,,,,,,,
233550926349230080,,,,,,,,,,,,,,,,,,,,
233559411417821184,,,,,,,,,,,,,,,,,,,,
233563320496582659,,,,,,,,,,,,,,,,,,,,
233568521420947456,,,,,,,,,,,,,,,,,,,,
233570362728775680,,,,,,,,,,,,,,,,,,,,
233586905084727296,,,,,,,,,,,,,,,,,,,,
233592848409300992,,,,,,,,,,,,,,,,,,,,
233606597350391808,,,,,,,,,,,,,,,,,,,,
233629741503115264,,,,,,,,,,,,,,,,,,,,
233632757224468483,,,,,,,,,,,,,,,,,,,,
233644866146553857,,,,,,,,,,,,,,,,,,,,
233689321587240961,,,,,,,,,,,,,,,,,,,,
233702139363459072,,,,,,,,,,,,,,,,,,,,
233749446930874368,,,,,,,,,,,,,,,,,,,,
233763539817463809,,,,,,,,,,,,,,,,,,,,
233847954371379200,,,,,,,,,,,,,,,,,,,,
233893089251565568,,,,,,,,,,,,,,,,,,,,
233898856423751680,,,,,,,,,,,,,,,,,,,,
233903897972969472,,,,,,,,,,,,,,,,,,,,
233908964725760001,,,,,,,,,,,,,,,,,,,,
233963566166839296,,,,,,,,,,,,,,,,,,,,
233977998758531072,,,,,,,,,,,,,,,,,,,,
234123545293234176,,,,,,,,,,,,,,,,,,,,
234124224766296064,,,,,,,,,,,,,,,,,,,,
234125751518130176,,,,,,,,,,,,,,,,,,,,
234257943380516865,,,,,,,,,,,,,,,,,,,,
234517184926334977,,,,,,,,,,,,,,,,,,,,
234518627775287296,,,,,,,,,,,,,,,,,,,,
234533693706870784,,,,,,,,,,,,,,,,,,,,
234603084284841984,,,,,,,,,,,,,,,,,,,,
234653403316375552,,,,,,,,,,,,,,,,,,,,
234692456497696768,,,,,,,,,,,,,,,,,,,,
234734055613165568,,,,,,,,,,,,,,,,,,,,
234839483651080192,,,,,,,,,,,,,,,,,,,,
234893086851997697,,,,,,,,,,,,,,,,,,,,
234948774613635073,,,,,,,,,,,,,,,,,,,,
235364799238782976,,,,,,,,,,,,,,,,,,,,
235382264312246273,,,,,,,,,,,,,,,,,,,,
235578067018452992,,,,,,,,,,,,,,,,,,,,
