tweet_id,tfidf_amp,tfidf_australia,tfidf_bigwet,tfidf_bigwet qldflood,tfidf_brisban,tfidf_bundaberg,tfidf_flood,tfidf_ha,tfidf_hit,tfidf_peopl,tfidf_qld,tfidf_qld flood,tfidf_qldflood,tfidf_qpsmedia,tfidf_queensland,tfidf_queensland flood,tfidf_rt,tfidf_rt qpsmedia,tfidf_thi,tfidf_water
297239100556193792,0.0,0.0,0.38132440966887227,0.0,0.0,0.9244412878007374,0.0,0.0,0.0,0.0,0.0,0.0,0.0,0.0,0.0,0.0,0.0,0.0,0.0,0.0
297242577613250561,0.0,0.0,0.26924889346696784,0.0,0.0,0.0,0.2629803201660035,0.0,0.0,0.0,0.0,0.0,0.0,0.6026105891866573,0.0,0.0,0.30485730749439693,0.6342467062898918,0.0,0.0
297254644625838080,0.0,0.0,0.0,0.0,0.0,0.0,0.3185988143775106,0.0,0.0,0.0,0.0,0.0,0.0,0.0,0.5550482981384148,0.7683854385729169,0.0,0.0,0.0,0.0
297276920578584576,0.0,0.8597707627255046,0.0,0.0,0.0,0.0,0.51068016954098,0.0,0.0,0.0,0.0,0.0,0.0,0.0,0.0,0.0,0.0,0.0,0.0,0.0
297299506888835075,0.0,0.0,0.28286752978124324,0.0,0.0,0.0,0.0,0.0,0.6806843149096387,0.6757624020552293,0.0,0.0,0.0,0.0,0.0,0.0,0.0,0.0,0.0,0.0
297300895216058368,0.0,0.0,0.37763911618470497,0.0,0.0,0.0,0.0,0.0,0.0,0.0,0.0,0.0,0.0,0.0,0.0,0.0,0.4275822369489399,0.0,0.8213173129631295,0.0
297307861980164096,0.0,0.8597707627255046,0.0,0.0,0.0,0.0,0.51068016954098,0.0,0.0,0.0,0.0,0.0,0.0,0.0,0.0,0.0,0.0,0.0,0.0,0.0
297369233023717376,0.0,0.8597707627255046,0.0,0.0,0.0,0.0,0.51068016954098,0.0,0.0,0.0,0.0,0.0,0.0,0.0,0.0,0.0,0.0,0.0,0.0,0.0
297428813099450368,0.0,0.0,0.0,0.0,0.0,0.0,0.5345768895524551,0.0,0.0,0.0,0.8451198430734083,0.0,0.0,0.0,0.0,0.0,0.0,0.0,0.0,0.0
297433858851352576,0.0,0.0,0.38132440966887227,0.0,0.0,0.9244412878007374,0.0,0.0,0.0,0.0,0.0,0.0,0.0,0.0,0.0,0.0,0.0,0.0,0.0,0.0
297467400717217792,0.0,0.0,0.0,0.0,0.0,0.0,0.5345768895524551,0.0,0.0,0.0,0.8451198430734083,0.0,0.0,0.0,0.0,0.0,0.0,0.0,0.0,0.0
297489085273079808,0.0,0.0,0.7153854376072591,0.0,0.0,0.0,0.6987300449096705,0.0,0.0,0.0,0.0,0.0,0.0,0.0,0.0,0.0,0.0,0.0,0.0,0.0
297574862954844160,0.0,0.0,0.0,0.0,0.0,0.0,0.0,0.0,0.0,0.0,0.0,0.0,1.0,0.0,0.0,0.0,0.0,0.0,0.0,0.0
297613274399272960,0.0,0.0,0.0,0.0,0.0,0.0,0.3185988143775106,0.0,0.0,0.0,0.0,0.0,0.0,0.0,0.5550482981384148,0.7683854385729169,0.0,0.0,0.0,0.0
297677740839153664,0.0,0.0,0.5559013191793156,0.0,0.0,0.0,0.5429589886742292,0.0,0.0,0.0,0.0,0.0,0.0,0.0,0.0,0.0,0.6294197803950515,0.0,0.0,0.0
297677816357597184,0.0,0.0,0.24055038234471696,0.0,0.0,0.5831640975431175,0.0,0.0,0.0,0.0,0.3714355719917722,0.0,0.4174180001667164,0.538379956802346,0.0,0.0,0.0,0.0,0.0,0.0
297693561779003392,0.0,0.0,0.0,0.0,0.0,0.0,0.0,0.0,0.0,0.0,0.0,0.0,1.0,0.0,0.0,0.0,0.0,0.0,0.0,0.0
297836172305125376,0.8804073121994506,0.0,0.0,0.0,0.0,0.0,0.23607556587246972,0.0,0.0,0.0,0.0,0.0,0.0,0.0,0.41128006494812314,0.0,0.0,0.0,0.0,0.0
297864009913360384,0.9068208624626631,0.0,0.4215162196196867,0.0,0.0,0.0,0.0,0.0,0.0,0.0,0.0,0.0,0.0,0.0,0.0,0.0,0.0,0.0,0.0,0.0
297884494873108480,0.0,0.0,0.33184578983470314,0.7471862354435413,0.0,0.0,0.0,0.0,0.0,0.0,0.0,0.0,0.5758394753164209,0.0,0.0,0.0,0.0,0.0,0.0,0.0
297997619442098176,0.0,0.0,0.0,0.0,0.0,0.0,0.3262091135019859,0.0,0.0,0.0,0.515708404534129,0.7922325768113249,0.0,0.0,0.0,0.0,0.0,0.0,0.0,0.0
298091039175081989,0.0,0.8597707627255046,0.0,0.0,0.0,0.0,0.51068016954098,0.0,0.0,0.0,0.0,0.0,0.0,0.0,0.0,0.0,0.0,0.0,0.0,0.0
298174971417612290,0.0,0.0,0.0,0.0,0.0,0.0,0.3185988143775106,0.0,0.0,0.0,0.0,0.0,0.0,0.0,0.5550482981384148,0.7683854385729169,0.0,0.0,0.0,0.0
298204356677890048,0.0,0.0,1.0,0.0,0.0,0.0,0.0,0.0,0.0,0.0,0.0,0.0,0.0,0.0,0.0,0.0,0.0,0.0,0.0,0.0
298243938328932352,0.0,0.0,0.0,0.0,0.0,0.0,0.0,0.0,0.0,0.0,0.0,0.0,1.0,0.0,0.0,0.0,0.0,0.0,0.0,0.0
298311265317707776,0.0,0.0,0.0,0.0,0.0,0.0,0.49782048134618867,0.0,0.0,0.0,0.0,0.0,0.0,0.0,0.8672800979800293,0.0,0.0,0.0,0.0,0.0
298313161151488000,0.0,0.0,0.0,0.0,0.0,0.0,0.2547675339162579,0.0,0.0,0.0,0.6819411759696973,0.618729310519753,0.0,0.0,0.0,0.0,0.2953367171264789,0.0,0.0,0.0
298341430756265985,0.0,0.0,0.0,0.0,0.0,0.0,0.3185988143775106,0.0,0.0,0.0,0.0,0.0,0.0,0.0,0.5550482981384148,0.7683854385729169,0.0,0.0,0.0,0.0
298418580767252480,0.0,0.0,0.0,0.0,0.0,0.0,0.2639297650741146,0.0,0.0,0.0,0.4172501393177984,0.6409807366727677,0.0,0.0,0.0,0.0,0.0,0.0,0.5876964314692037,0.0
298435026637451265,0.0,0.0,0.0,0.0,0.0,0.0,0.3185988143775106,0.0,0.0,0.0,0.0,0.0,0.0,0.0,0.5550482981384148,0.7683854385729169,0.0,0.0,0.0,0.0
298618057666998272,0.0,0.0,0.0,0.0,0.0,0.0,0.5345768895524551,0.0,0.0,0.0,0.8451198430734083,0.0,0.0,0.0,0.0,0.0,0.0,0.0,0.0,0.0
298649594626183168,0.0,0.0,0.0,0.0,0.0,0.0,0.3262091135019859,0.0,0.0,0.0,0.515708404534129,0.7922325768113249,0.0,0.0,0.0,0.0,0.0,0.0,0.0,0.0
298654954967670786,0.0,0.8597707627255046,0.0,0.0,0.0,0.0,0.51068016954098,0.0,0.0,0.0,0.0,0.0,0.0,0.0,0.0,0.0,0.0,0.0,0.0,0.0
298671019160391680,0.0,0.0,0.0,0.0,0.0,0.0,0.39119878621384574,0.0,0.0,0.0,0.6184514581098668,0.0,0.0,0.0,0.6815286520951217,0.0,0.0,0.0,0.0,0.0
293071229055799297,0.7473594567981009,0.5712488293088653,0.0,0.0,0.0,0.0,0.3393060820965316,0.0,0.0,0.0,0.0,0.0,0.0,0.0,0.0,0.0,0.0,0.0,0.0,0.0
293186081652871169,0.0,0.0,0.0,0.0,0.5330609546767224,0.0,0.26955907798608086,0.0,0.0,0.0,0.0,0.0,0.0,0.0,0.46961350994436024,0.6501131235040356,0.0,0.0,0.0,0.0
293237197652520960,0.0,0.0,0.0,0.0,0.0,0.0,0.0,0.0,0.0,0.0,0.0,0.0,0.0,0.0,0.0,0.0,1.0,0.0,0.0,0.0
293253358318391297,0.0,0.0,0.0,0.0,0.0,0.0,0.29886654489540226,0.0,0.0,0.0,0.0,0.0,0.0,0.0,0.5206716397825075,0.7207958435843956,0.34645805480597325,0.0,0.0,0.0
293266591339147264,0.0,0.0,0.0,0.0,0.0,0.0,0.2547675339162579,0.0,0.0,0.0,0.6819411759696973,0.618729310519753,0.0,0.0,0.0,0.0,0.2953367171264789,0.0,0.0,0.0
293803277689180160,0.0,0.0,0.0,0.0,0.0,0.0,0.3185988143775106,0.0,0.0,0.0,0.0,0.0,0.0,0.0,0.5550482981384148,0.7683854385729169,0.0,0.0,0.0,0.0
293846957166833664,0.0,0.0,0.5435852852294668,0.0,0.0,0.0,0.0,0.0,0.0,0.0,0.8393539406484007,0.0,0.0,0.0,0.0,0.0,0.0,0.0,0.0,0.0
293904771461562368,0.0,0.0,0.2790718897231721,0.0,0.0,0.0,0.0,0.0,0.0,0.0,0.0,0.0,0.0,0.6245956064147997,0.0,0.0,0.31597940404838465,0.6573859026712496,0.0,0.0
293905736172457984,0.0,0.0,0.2790718897231721,0.0,0.0,0.0,0.0,0.0,0.0,0.0,0.0,0.0,0.0,0.6245956064147997,0.0,0.0,0.31597940404838465,0.6573859026712496,0.0,0.0
293925403238748161,0.7600171981581425,0.0,0.3532776863376992,0.0,0.0,0.0,0.0,0.0,0.0,0.0,0.5454986112170488,0.0,0.0,0.0,0.0,0.0,0.0,0.0,0.0,0.0
293961394578128896,0.9068208624626631,0.0,0.4215162196196867,0.0,0.0,0.0,0.0,0.0,0.0,0.0,0.0,0.0,0.0,0.0,0.0,0.0,0.0,0.0,0.0,0.0
293965794398859265,0.0,0.0,0.33730947846454606,0.0,0.0,0.0,0.32945633870364127,0.0,0.0,0.0,0.8818621415085056,0.0,0.0,0.0,0.0,0.0,0.0,0.0,0.0,0.0
293978649948979201,0.0,0.0,0.35734999506507936,0.0,0.0,0.0,0.0,0.0,0.0,0.0,0.0,0.0,0.0,0.0,0.0,0.0,0.40460986088338846,0.0,0.0,0.841778974258037
294218337645367297,0.0,0.0,0.0,0.0,0.0,0.0,0.49782048134618867,0.0,0.0,0.0,0.0,0.0,0.0,0.0,0.8672800979800293,0.0,0.0,0.0,0.0,0.0
294219100979343360,0.5090034240125144,0.0,0.0,0.0,0.0,0.0,0.3912708787841864,0.0,0.0,0.0,0.7666959069663714,0.0,0.0,0.0,0.0,0.0,0.0,0.0,0.0,0.0
294225799316373504,0.0,0.7364230811719704,0.4478415565968068,0.0,0.0,0.0,0.0,0.0,0.0,0.0,0.0,0.0,0.0,0.0,0.0,0.0,0.5070690147328375,0.0,0.0,0.0
294318355005968384,0.0,0.0,1.0,0.0,0.0,0.0,0.0,0.0,0.0,0.0,0.0,0.0,0.0,0.0,0.0,0.0,0.0,0.0,0.0,0.0
294365138268614656,0.0,0.0,0.23856799201060136,0.0,0.0,0.0,0.0,0.5188552079475828,0.0,0.0,0.0,0.0,0.0,0.533943134827492,0.0,0.0,0.2701188285760563,0.5619743175564076,0.0,0.0
294366161687150592,0.0,0.0,0.2977589135325247,0.0,0.0,0.0,0.0,0.6475879756421771,0.0,0.0,0.0,0.0,0.0,0.0,0.0,0.0,0.0,0.0,0.0,0.7014053344647427
294383769383739392,0.7056585000013413,0.0,0.32801021191251095,0.0,0.0,0.0,0.0,0.0,0.0,0.0,0.5064829225932083,0.0,0.0,0.0,0.0,0.0,0.37138986439913624,0.0,0.0,0.0
294404577304907776,0.7056585000013413,0.0,0.32801021191251095,0.0,0.0,0.0,0.0,0.0,0.0,0.0,0.5064829225932083,0.0,0.0,0.0,0.0,0.0,0.37138986439913624,0.0,0.0,0.0
294405693010755584,0.0,0.0,0.0,0.0,0.0,0.0,0.35606485066827576,0.0,0.0,0.0,0.0,0.0,0.0,0.0,0.620319914800932,0.0,0.6988712509611072,0.0,0.0,0.0
294579706265751552,0.0,0.0,0.3128794023075331,0.0,0.0,0.0,0.0,0.0,0.0,0.0,0.48311933087681785,0.0,0.0,0.0,0.0,0.0,0.3542579912947076,0.0,0.0,0.7370233831763111
294592310157647875,0.0,0.0,0.0,0.0,0.0,0.0,0.3438569082863671,0.0,0.0,0.0,0.5436080422667934,0.0,0.0,0.0,0.0,0.0,0.0,0.0,0.7656714197399593,0.0
294603387343892483,0.0,0.0,0.0,0.0,0.0,0.0,0.3185988143775106,0.0,0.0,0.0,0.0,0.0,0.0,0.0,0.5550482981384148,0.7683854385729169,0.0,0.0,0.0,0.0
294609615847571456,0.0,0.0,0.0,0.0,0.0,0.0,0.49782048134618867,0.0,0.0,0.0,0.0,0.0,0.0,0.0,0.8672800979800293,0.0,0.0,0.0,0.0,0.0
294626745422864384,0.0,0.0,0.4214824592750681,0.0,0.0,0.0,0.41166962900855997,0.0,0.0,0.0,0.0,0.0,0.0,0.0,0.0,0.0,0.8080103050551987,0.0,0.0,0.0
294648903926681600,0.0,0.0,0.0,0.0,0.0,0.0,0.35606485066827576,0.0,0.0,0.0,0.0,0.0,0.0,0.0,0.620319914800932,0.0,0.6988712509611072,0.0,0.0,0.0
294649323357102080,0.0,0.0,0.21497955038137465,0.0,0.0,0.0,0.0,0.46755333092902623,0.0,0.0,0.0,0.0,0.0,0.0,0.0,0.0,0.0,0.0,0.0,0.8574250262588529
294673100845490177,0.0,0.0,0.0,0.0,0.0,0.0,0.3262091135019859,0.0,0.0,0.0,0.515708404534129,0.7922325768113249,0.0,0.0,0.0,0.0,0.0,0.0,0.0,0.0
294675231556124672,0.0,0.0,0.4078188860836885,0.0,0.7876976815988584,0.0,0.0,0.0,0.0,0.0,0.0,0.0,0.0,0.0,0.0,0.0,0.4617533092000996,0.0,0.0,0.0
294677202899968001,0.0,0.8597707627255046,0.0,0.0,0.0,0.0,0.51068016954098,0.0,0.0,0.0,0.0,0.0,0.0,0.0,0.0,0.0,0.0,0.0,0.0,0.0
294706311365537792,0.0,0.0,0.3907645026206947,0.0,0.0,0.0,0.0,0.0,0.0,0.0,0.0,0.0,0.0,0.0,0.0,0.0,0.0,0.0,0.0,0.920490686260106
294716738371743744,0.0,0.5141573996181764,0.0,0.0,0.0,0.0,0.30539534419082043,0.0,0.0,0.0,0.0,0.0,0.0,0.0,0.5320458156245911,0.0,0.5994189705379777,0.0,0.0,0.0
294748434739630080,0.0,0.0,0.42181561834937326,0.0,0.0,0.0,0.4119950315715894,0.0,0.0,0.0,0.6513285239852106,0.0,0.0,0.0,0.0,0.0,0.4776011221930993,0.0,0.0,0.0
294752738095554561,0.0,0.0,1.0,0.0,0.0,0.0,0.0,0.0,0.0,0.0,0.0,0.0,0.0,0.0,0.0,0.0,0.0,0.0,0.0,0.0
294763987239854080,0.0,0.0,0.0,0.0,0.5045845109972168,0.0,0.25515906643913633,0.0,0.628643352075206,0.0,0.0,0.0,0.0,0.0,0.4445264677407616,0.0,0.29579059729000545,0.0,0.0,0.0
294765144850984960,0.0,0.0,0.5435852852294668,0.0,0.0,0.0,0.0,0.0,0.0,0.0,0.8393539406484007,0.0,0.0,0.0,0.0,0.0,0.0,0.0,0.0,0.0
294767623667855360,0.0,0.4384739643209683,0.26664952216892746,0.0,0.0,0.0,0.440965734982421,0.5799289842198714,0.0,0.0,0.0,0.0,0.0,0.0,0.4537292240674587,0.0,0.0,0.0,0.0,0.0
294839698591981568,0.0,0.0,0.0,0.0,0.0,0.0,0.3262091135019859,0.0,0.0,0.0,0.5157084045341291,0.7922325768113249,0.0,0.0,0.0,0.0,0.0,0.0,0.0,0.0
294872292545155072,0.0,0.0,0.2790718897231721,0.0,0.0,0.0,0.0,0.0,0.0,0.0,0.0,0.0,0.0,0.6245956064147997,0.0,0.0,0.31597940404838465,0.6573859026712496,0.0,0.0
294888574833270784,0.0,0.0,0.2690842832715952,0.605872000771429,0.0,0.0,0.0,0.5852242816635085,0.0,0.0,0.0,0.0,0.46693180158227393,0.0,0.0,0.0,0.0,0.0,0.0,0.0
294890223207337984,0.0,0.0,1.0,0.0,0.0,0.0,0.0,0.0,0.0,0.0,0.0,0.0,0.0,0.0,0.0,0.0,0.0,0.0,0.0,0.0
294896032305799168,0.0,0.5874524651761105,0.0,0.0,0.0,0.0,0.3489305958281144,0.0,0.0,0.0,0.0,0.0,0.0,0.0,0.607890941971092,0.0,0.40449430542721654,0.0,0.0,0.0
294936935150006272,0.0,0.0,0.0,0.0,0.0,0.0,0.3438569082863671,0.7656714197399593,0.0,0.0,0.5436080422667934,0.0,0.0,0.0,0.0,0.0,0.0,0.0,0.0,0.0
294959261455372288,0.0,0.0,0.0,0.0,0.0,0.0,0.0,0.0,0.0,0.0,0.0,0.0,0.8374873201877249,0.0,0.0,0.0,0.5464567581472327,0.0,0.0,0.0
294960435843719169,0.0,0.0,0.0,0.0,0.0,0.0,0.4543987839302047,0.0,0.0,0.0,0.7183651902523187,0.0,0.0,0.0,0.0,0.0,0.5267572482619495,0.0,0.0,0.0
294976487440920576,0.0,0.0,0.7153854376072591,0.0,0.0,0.0,0.6987300449096705,0.0,0.0,0.0,0.0,0.0,0.0,0.0,0.0,0.0,0.0,0.0,0.0,0.0
294978668491599872,0.9068208624626631,0.0,0.4215162196196867,0.0,0.0,0.0,0.0,0.0,0.0,0.0,0.0,0.0,0.0,0.0,0.0,0.0,0.0,0.0,0.0,0.0
294981885501796352,0.0,0.0,1.0,0.0,0.0,0.0,0.0,0.0,0.0,0.0,0.0,0.0,0.0,0.0,0.0,0.0,0.0,0.0,0.0,0.0
294998411080507392,0.0,0.0,0.66197704086898,0.0,0.0,0.0,0.0,0.0,0.0,0.0,0.0,0.0,0.0,0.0,0.0,0.0,0.7495241139298647,0.0,0.0,0.0
294999522558504960,0.0,0.0,0.0,0.0,0.0,0.0,0.5345768895524551,0.0,0.0,0.0,0.8451198430734083,0.0,0.0,0.0,0.0,0.0,0.0,0.0,0.0,0.0
295000478855593985,0.0,0.0,0.2429346761635802,0.0,0.0,0.0,0.0,0.8945780270570441,0.0,0.0,0.37511717719137155,0.0,0.0,0.0,0.0,0.0,0.0,0.0,0.0,0.0
295005935670280193,0.0,0.0,0.41775326583198785,0.0,0.0,0.0,0.0,0.9085605147081336,0.0,0.0,0.0,0.0,0.0,0.0,0.0,0.0,0.0,0.0,0.0,0.0
295017344139419648,0.0,0.0,0.23974622835869594,0.0,0.0,0.5812145943705488,0.0,0.5214177229784124,0.5769184512931319,0.0,0.0,0.0,0.0,0.0,0.0,0.0,0.0,0.0,0.0,0.0
295019969798868992,0.0,0.4494744448016281,0.0,0.0,0.0,0.0,0.26697544930231226,0.0,0.0,0.0,0.0,0.0,0.0,0.0,0.4651124300933594,0.6438820185227886,0.3094886210117685,0.0,0.0,0.0
295019986576084992,0.0,0.0,0.39542677502909357,0.0,0.0,0.0,0.0,0.0,0.0,0.0,0.6105813216015407,0.0,0.6861691593924975,0.0,0.0,0.0,0.0,0.0,0.0,0.0
295020468925239297,0.0,0.0,0.2790718897231721,0.0,0.0,0.0,0.0,0.0,0.0,0.0,0.0,0.0,0.0,0.6245956064147997,0.0,0.0,0.31597940404838465,0.6573859026712496,0.0,0.0
295024369598607361,0.44525180075132376,0.0,0.2069657454967115,0.0,0.0,0.5017451688019695,0.0,0.0,0.0,0.0,0.0,0.0,0.0,0.4632136022149708,0.0,0.0,0.23433715586815865,0.4875315946738533,0.0,0.0
295040974848159745,0.0,0.0,0.0,0.0,0.0,0.0,0.49782048134618867,0.0,0.0,0.0,0.0,0.0,0.0,0.0,0.8672800979800293,0.0,0.0,0.0,0.0,0.0
295045731205672960,0.0,0.0,0.38132440966887227,0.0,0.0,0.9244412878007374,0.0,0.0,0.0,0.0,0.0,0.0,0.0,0.0,0.0,0.0,0.0,0.0,0.0,0.0
295050860843651072,0.0,0.0,0.3500876458148559,0.0,0.0,0.8487142861408916,0.0,0.0,0.0,0.0,0.0,0.0,0.0,0.0,0.0,0.0,0.396387059259215,0.0,0.0,0.0
295058347676274688,0.0,0.0,0.25628939029113884,0.0,0.0,0.0,0.0,0.0,0.0,0.0,0.39573828713268894,0.0,0.0,0.5736057017615183,0.0,0.0,0.29018389809324374,0.6037191074627073,0.0,0.0
295061992513880064,0.0,0.0,0.2790718897231721,0.0,0.0,0.0,0.0,0.0,0.0,0.0,0.0,0.0,0.0,0.6245956064147997,0.0,0.0,0.31597940404838465,0.6573859026712496,0.0,0.0
295067088589058048,0.0,0.0,0.66197704086898,0.0,0.0,0.0,0.0,0.0,0.0,0.0,0.0,0.0,0.0,0.0,0.0,0.0,0.7495241139298647,0.0,0.0,0.0
295073547825577985,0.9105512424221036,0.0,0.0,0.0,0.0,0.0,0.41339622025795475,0.0,0.0,0.0,0.0,0.0,0.0,0.0,0.0,0.0,0.0,0.0,0.0,0.0
295075074569023488,0.0,0.0,0.0,0.0,0.0,0.0,0.49567158512489873,0.0,0.0,0.0,0.4628150048076221,0.0,0.0,0.0,0.0,0.0,0.3393693927474057,0.0,0.6518745019487632,0.0
295076387386191872,0.0,0.0,0.2790718897231721,0.0,0.0,0.0,0.0,0.0,0.0,0.0,0.0,0.0,0.0,0.6245956064147997,0.0,0.0,0.31597940404838465,0.6573859026712496,0.0,0.0
295082720781021185,0.0,0.0,0.0,0.0,0.0,0.0,0.5345768895524551,0.0,0.0,0.0,0.8451198430734083,0.0,0.0,0.0,0.0,0.0,0.0,0.0,0.0,0.0
295084197155074048,0.0,0.0,0.4394844796749669,0.0,0.0,0.0,0.0,0.0,0.0,0.0,0.0,0.0,0.0,0.0,0.7478241488326595,0.0,0.49760670669468676,0.0,0.0,0.0
295088479543648256,0.0,0.0,0.3177007200361671,0.0,0.0,0.0,0.0,0.0,0.0,0.0,0.0,0.0,0.0,0.0,0.5405976354848341,0.0,0.359716932731385,0.0,0.6909588824981062,0.0
295089276490764288,0.0,0.0,0.3316525995933947,0.0,0.0,0.0,0.0,0.0,0.0,0.7923085322745118,0.5121071595554512,0.0,0.0,0.0,0.0,0.0,0.0,0.0,0.0,0.0
295094800355586048,0.0,0.0,0.23219884075215982,0.0,0.0,0.0,0.0,0.0,0.0,0.5547163596417982,0.0,0.0,0.0,0.5196882276186003,0.0,0.0,0.2629073512003424,0.5469710499272901,0.0,0.0
295109748876005376,0.0,0.0,0.23856799201060136,0.0,0.0,0.0,0.0,0.5188552079475828,0.0,0.0,0.0,0.0,0.0,0.533943134827492,0.0,0.0,0.2701188285760563,0.5619743175564076,0.0,0.0
295120154956820480,0.0,0.0,0.66197704086898,0.0,0.0,0.0,0.0,0.0,0.0,0.0,0.0,0.0,0.0,0.0,0.0,0.0,0.7495241139298647,0.0,0.0,0.0
295123149656297472,0.48283506253343034,0.0,0.22443551828551617,0.0,0.0,0.0,0.0,0.0,0.0,0.0,0.346552494729308,0.0,0.0,0.5023130017989849,0.0,0.0,0.25411732219068894,0.5286836518216442,0.0,0.0
295130586153095168,0.0,0.0,0.7153854376072591,0.0,0.0,0.0,0.6987300449096705,0.0,0.0,0.0,0.0,0.0,0.0,0.0,0.0,0.0,0.0,0.0,0.0,0.0
295139872346345473,0.0,0.0,0.2790265043760741,0.0,0.0,0.0,0.0,0.0,0.0,0.0,0.7294870924078712,0.0,0.0,0.6244940286872074,0.0,0.0,0.0,0.0,0.0,0.0
295143408140427264,0.0,0.0,0.38132440966887227,0.0,0.0,0.9244412878007374,0.0,0.0,0.0,0.0,0.0,0.0,0.0,0.0,0.0,0.0,0.0,0.0,0.0,0.0
295163796685717504,0.0,0.0,1.0,0.0,0.0,0.0,0.0,0.0,0.0,0.0,0.0,0.0,0.0,0.0,0.0,0.0,0.0,0.0,0.0,0.0
295233594073444353,0.0,0.0,1.0,0.0,0.0,0.0,0.0,0.0,0.0,0.0,0.0,0.0,0.0,0.0,0.0,0.0,0.0,0.0,0.0,0.0
295247082955083777,0.0,0.0,0.7153854376072591,0.0,0.0,0.0,0.6987300449096705,0.0,0.0,0.0,0.0,0.0,0.0,0.0,0.0,0.0,0.0,0.0,0.0,0.0
295276862538645504,0.0,0.0,0.26924889346696784,0.0,0.0,0.0,0.2629803201660035,0.0,0.0,0.0,0.0,0.0,0.0,0.6026105891866573,0.0,0.0,0.30485730749439693,0.6342467062898918,0.0,0.0
295284248699621376,0.0,0.0,0.3500876458148559,0.0,0.0,0.8487142861408916,0.0,0.0,0.0,0.0,0.0,0.0,0.0,0.0,0.0,0.0,0.396387059259215,0.0,0.0,0.0
295288770138370049,0.7388735215277181,0.0,0.0,0.0,0.0,0.0,0.3354534119746411,0.0,0.0,0.0,0.0,0.0,0.0,0.0,0.5844116080125381,0.0,0.0,0.0,0.0,0.0
295294411494002688,0.0,0.0,0.7153854376072591,0.0,0.0,0.0,0.6987300449096705,0.0,0.0,0.0,0.0,0.0,0.0,0.0,0.0,0.0,0.0,0.0,0.0,0.0
295306205872676864,0.0,0.0,0.3106420014662069,0.6994436414630966,0.0,0.0,0.0,0.0,0.0,0.0,0.0,0.0,0.5390453415866626,0.0,0.0,0.0,0.35172469213239893,0.0,0.0,0.0
295308487565664256,0.0,0.8597707627255046,0.0,0.0,0.0,0.0,0.51068016954098,0.0,0.0,0.0,0.0,0.0,0.0,0.0,0.0,0.0,0.0,0.0,0.0,0.0
295310098195173376,0.0,0.0,0.0,0.0,0.5420834150874527,0.0,0.27412156955134165,0.0,0.0,0.0,0.43336250101686097,0.6657325881359906,0.0,0.0,0.0,0.0,0.0,0.0,0.0,0.0
295311247438647297,0.0,0.0,1.0,0.0,0.0,0.0,0.0,0.0,0.0,0.0,0.0,0.0,0.0,0.0,0.0,0.0,0.0,0.0,0.0,0.0
295312237269237761,0.0,0.0,0.2790718897231721,0.0,0.0,0.0,0.0,0.0,0.0,0.0,0.0,0.0,0.0,0.6245956064147997,0.0,0.0,0.31597940404838465,0.6573859026712496,0.0,0.0
295313797562892288,0.0,0.0,0.66197704086898,0.0,0.0,0.0,0.0,0.0,0.0,0.0,0.0,0.0,0.0,0.0,0.0,0.0,0.7495241139298647,0.0,0.0,0.0
295332831318667264,0.0,0.0,0.0,0.0,0.0,0.0,0.0,0.0,0.0,0.0,0.0,0.0,1.0,0.0,0.0,0.0,0.0,0.0,0.0,0.0
295335339529228288,0.0,0.0,0.33289389065114294,0.0,0.6429808790918013,0.0,0.0,0.0,0.0,0.0,0.0,0.0,0.5776582051081053,0.0,0.0,0.0,0.3769194141467924,0.0,0.0,0.0
295335389848289281,0.0,0.0,1.0,0.0,0.0,0.0,0.0,0.0,0.0,0.0,0.0,0.0,0.0,0.0,0.0,0.0,0.0,0.0,0.0,0.0
295336987852951552,0.0,0.0,0.31511814496198226,0.0,0.0,0.0,0.0,0.0,0.0,0.0,0.48657618947871384,0.0,0.5468126244662562,0.0,0.0,0.0,0.6041027398319089,0.0,0.0,0.0
295345078694727681,0.36724370166160697,0.0,0.17070535450976596,0.0,0.0,0.7006910703920465,0.0,0.0,0.0,0.0,0.0,0.0,0.0,0.382058596170489,0.0,0.0,0.19328129479242692,0.4021160772463867,0.0,0.0
295347096125591552,0.0,0.0,0.23114194423534287,0.0,0.0,0.5603553068612518,0.0,0.0,0.0,0.0,0.0,0.0,0.0,0.5173227693078626,0.0,0.0,0.26171067914621365,0.5444814087404726,0.0,0.0
295348610273513472,0.0,0.0,0.40009264379849535,0.0,0.0,0.0,0.3907778049052571,0.0,0.0,0.0,0.0,0.0,0.6942656653792268,0.0,0.0,0.0,0.4530052642600289,0.0,0.0,0.0
295350711628230657,0.0,0.0,0.4078188860836885,0.0,0.7876976815988584,0.0,0.0,0.0,0.0,0.0,0.0,0.0,0.0,0.0,0.0,0.0,0.4617533092000996,0.0,0.0,0.0
295354293584805888,0.0,0.0,0.21882541016126303,0.49270878054299316,0.0,0.0,0.0,0.47591758951633306,0.5265751941045757,0.0,0.0,0.0,0.3797194758322193,0.0,0.0,0.0,0.24776527210242338,0.0,0.0,0.0
295355887420309504,0.0,0.0,0.4597689168739482,0.0,0.8880385932359902,0.0,0.0,0.0,0.0,0.0,0.0,0.0,0.0,0.0,0.0,0.0,0.0,0.0,0.0,0.0
295357305090875392,0.0,0.0,0.4078188860836885,0.0,0.7876976815988584,0.0,0.0,0.0,0.0,0.0,0.0,0.0,0.0,0.0,0.0,0.0,0.4617533092000996,0.0,0.0,0.0
295358001328553984,0.0,0.0,1.0,0.0,0.0,0.0,0.0,0.0,0.0,0.0,0.0,0.0,0.0,0.0,0.0,0.0,0.0,0.0,0.0,0.0
295359003763040256,0.0,0.0,0.3500876458148559,0.0,0.0,0.8487142861408916,0.0,0.0,0.0,0.0,0.0,0.0,0.0,0.0,0.0,0.0,0.396387059259215,0.0,0.0,0.0
295359125414637568,0.0,0.0,0.46248998808598535,0.0,0.0,0.0,0.0,0.0,0.0,0.0,0.0,0.0,0.0,0.0,0.0,0.0,0.8866245039024272,0.0,0.0,0.0
295359268012556288,0.0,0.0,0.21882541016126303,0.49270878054299316,0.0,0.0,0.0,0.47591758951633306,0.5265751941045757,0.0,0.0,0.0,0.3797194758322193,0.0,0.0,0.0,0.24776527210242338,0.0,0.0,0.0
295363516842516480,0.456611192986818,0.0,0.21224591523087433,0.0,0.0,0.0,0.0,0.46160802023368935,0.0,0.0,0.0,0.0,0.0,0.475031241104914,0.0,0.0,0.24031563291050817,0.4999696411943869,0.0,0.0
295365144249245697,0.0,0.0,0.66197704086898,0.0,0.0,0.0,0.0,0.0,0.0,0.0,0.0,0.0,0.0,0.0,0.0,0.0,0.7495241139298647,0.0,0.0,0.0
295365962134343680,0.0,0.0,1.0,0.0,0.0,0.0,0.0,0.0,0.0,0.0,0.0,0.0,0.0,0.0,0.0,0.0,0.0,0.0,0.0,0.0
295368910738444288,0.6684408494985977,0.0,0.3107103856817386,0.0,0.0,0.0,0.0,0.0,0.0,0.0,0.0,0.0,0.0,0.0,0.0,0.0,0.0,0.0,0.6757557894321723,0.0
295369267216527360,0.0,0.0,1.0,0.0,0.0,0.0,0.0,0.0,0.0,0.0,0.0,0.0,0.0,0.0,0.0,0.0,0.0,0.0,0.0,0.0
295369619538067456,0.0,0.0,0.26080343941789447,0.5872267964781203,0.0,0.0,0.0,0.0,0.0,0.0,0.0,0.0,0.7662546936142324,0.0,0.0,0.0,0.0,0.0,0.0,0.0
295376699527417856,0.0,0.8597707627255046,0.0,0.0,0.0,0.0,0.51068016954098,0.0,0.0,0.0,0.0,0.0,0.0,0.0,0.0,0.0,0.0,0.0,0.0,0.0
295379857859305473,0.0,0.0,0.41775326583198785,0.0,0.0,0.0,0.0,0.0,0.0,0.0,0.0,0.0,0.0,0.0,0.0,0.0,0.0,0.0,0.9085605147081336,0.0
295382131167854593,0.0,0.0,0.4597689168739482,0.0,0.8880385932359902,0.0,0.0,0.0,0.0,0.0,0.0,0.0,0.0,0.0,0.0,0.0,0.0,0.0,0.0,0.0
295386124124291072,0.0,0.0,0.0,0.0,0.862698210992901,0.0,0.0,0.0,0.0,0.0,0.0,0.0,0.0,0.0,0.0,0.0,0.5057190887732518,0.0,0.0,0.0
295390037409935360,0.0,0.0,0.4597689168739482,0.0,0.8880385932359902,0.0,0.0,0.0,0.0,0.0,0.0,0.0,0.0,0.0,0.0,0.0,0.0,0.0,0.0,0.0
295393011171479554,0.0,0.0,0.0,0.0,0.0,0.0,0.49782048134618867,0.0,0.0,0.0,0.0,0.0,0.0,0.0,0.8672800979800293,0.0,0.0,0.0,0.0,0.0
295393233494765568,0.0,0.0,0.0,0.0,0.0,0.0,0.49782048134618867,0.0,0.0,0.0,0.0,0.0,0.0,0.0,0.8672800979800293,0.0,0.0,0.0,0.0,0.0
295395573916372992,0.0,0.0,0.4597689168739482,0.0,0.8880385932359902,0.0,0.0,0.0,0.0,0.0,0.0,0.0,0.0,0.0,0.0,0.0,0.0,0.0,0.0,0.0
295395657802469376,0.0,0.537335389446788,0.0,0.0,0.0,0.0,0.31916243221992746,0.0,0.0,0.7806446189576464,0.0,0.0,0.0,0.0,0.0,0.0,0.0,0.0,0.0,0.0
295397859824660481,0.0,0.0,0.41775326583198785,0.0,0.0,0.0,0.0,0.9085605147081336,0.0,0.0,0.0,0.0,0.0,0.0,0.0,0.0,0.0,0.0,0.0,0.0
295402234454360064,0.0,0.0,1.0,0.0,0.0,0.0,0.0,0.0,0.0,0.0,0.0,0.0,0.0,0.0,0.0,0.0,0.0,0.0,0.0,0.0
295403480154243073,0.0,0.0,1.0,0.0,0.0,0.0,0.0,0.0,0.0,0.0,0.0,0.0,0.0,0.0,0.0,0.0,0.0,0.0,0.0,0.0
295407477363716096,0.0,0.0,0.3177007200361671,0.0,0.0,0.0,0.0,0.0,0.0,0.0,0.0,0.0,0.0,0.0,0.5405976354848341,0.0,0.359716932731385,0.0,0.6909588824981062,0.0
295409297683279872,0.0,0.0,0.4078188860836885,0.0,0.7876976815988584,0.0,0.0,0.0,0.0,0.0,0.0,0.0,0.0,0.0,0.0,0.0,0.4617533092000996,0.0,0.0,0.0
295409335432007682,0.0,0.0,0.66197704086898,0.0,0.0,0.0,0.0,0.0,0.0,0.0,0.0,0.0,0.0,0.0,0.0,0.0,0.7495241139298647,0.0,0.0,0.0
295409385772044288,0.0,0.0,0.41775326583198785,0.0,0.0,0.0,0.0,0.0,0.0,0.0,0.0,0.0,0.0,0.0,0.0,0.0,0.0,0.0,0.9085605147081336,0.0
295411029914046464,0.0,0.0,1.0,0.0,0.0,0.0,0.0,0.0,0.0,0.0,0.0,0.0,0.0,0.0,0.0,0.0,0.0,0.0,0.0,0.0
295411759714562048,0.0,0.0,0.0,0.0,0.0,0.0,0.3438569082863671,0.0,0.0,0.0,0.5436080422667934,0.0,0.0,0.0,0.0,0.0,0.0,0.0,0.7656714197399593,0.0
295415245181161472,0.0,0.0,1.0,0.0,0.0,0.0,0.0,0.0,0.0,0.0,0.0,0.0,0.0,0.0,0.0,0.0,0.0,0.0,0.0,0.0
295419720520310786,0.0,0.0,0.2388771288833658,0.0,0.46138854042626665,0.0,0.23331566204482893,0.0,0.0,0.0,0.0,0.0,0.0,0.5346350193906453,0.0,0.0,0.27046884908483054,0.5627025249812141,0.0,0.0
295421847028236288,0.0,0.0,1.0,0.0,0.0,0.0,0.0,0.0,0.0,0.0,0.0,0.0,0.0,0.0,0.0,0.0,0.0,0.0,0.0,0.0
295421918352404481,0.0,0.0,0.0,0.0,0.0,0.0,0.0,0.0,0.0,0.0,0.0,0.0,0.8374873201877249,0.0,0.0,0.0,0.5464567581472327,0.0,0.0,0.0
295423872872890368,0.0,0.0,1.0,0.0,0.0,0.0,0.0,0.0,0.0,0.0,0.0,0.0,0.0,0.0,0.0,0.0,0.0,0.0,0.0,0.0
295424011297488897,0.0,0.0,0.37763911618470497,0.0,0.0,0.0,0.0,0.8213173129631295,0.0,0.0,0.0,0.0,0.0,0.0,0.0,0.0,0.4275822369489399,0.0,0.0,0.0
295424996963147778,0.0,0.0,0.2388771288833658,0.0,0.46138854042626665,0.0,0.23331566204482893,0.0,0.0,0.0,0.0,0.0,0.0,0.5346350193906453,0.0,0.0,0.27046884908483054,0.5627025249812141,0.0,0.0
295425693205008384,0.0,0.0,0.41941983425252494,0.0,0.8101047850674942,0.0,0.4096550254132536,0.0,0.0,0.0,0.0,0.0,0.0,0.0,0.0,0.0,0.0,0.0,0.0,0.0
295426339132026880,0.7388735215277181,0.0,0.0,0.0,0.0,0.0,0.3354534119746411,0.0,0.0,0.0,0.0,0.0,0.0,0.0,0.5844116080125381,0.0,0.0,0.0,0.0,0.0
295426657886552064,0.0,0.0,0.0,0.0,0.0,0.0,0.5345768895524551,0.0,0.0,0.0,0.8451198430734083,0.0,0.0,0.0,0.0,0.0,0.0,0.0,0.0,0.0
295427165422493696,0.0,0.0,0.26924889346696784,0.0,0.0,0.0,0.2629803201660035,0.0,0.0,0.0,0.0,0.0,0.0,0.6026105891866573,0.0,0.0,0.30485730749439693,0.6342467062898918,0.0,0.0
295428713120690176,0.0,0.0,1.0,0.0,0.0,0.0,0.0,0.0,0.0,0.0,0.0,0.0,0.0,0.0,0.0,0.0,0.0,0.0,0.0,0.0
295430298554998784,0.0,0.0,1.0,0.0,0.0,0.0,0.0,0.0,0.0,0.0,0.0,0.0,0.0,0.0,0.0,0.0,0.0,0.0,0.0,0.0
295430566990454786,0.0,0.0,0.7153854376072591,0.0,0.0,0.0,0.6987300449096705,0.0,0.0,0.0,0.0,0.0,0.0,0.0,0.0,0.0,0.0,0.0,0.0,0.0
295430621499645952,0.0,0.0,0.41941983425252494,0.0,0.8101047850674942,0.0,0.4096550254132536,0.0,0.0,0.0,0.0,0.0,0.0,0.0,0.0,0.0,0.0,0.0,0.0,0.0
295431238062317568,0.0,0.4736219850957642,0.0,0.0,0.0,0.0,0.28131842362295,0.6264160225479793,0.0,0.0,0.44474010506688244,0.0,0.0,0.0,0.0,0.0,0.32611557062568164,0.0,0.0,0.0
295431955313467394,0.0,0.0,1.0,0.0,0.0,0.0,0.0,0.0,0.0,0.0,0.0,0.0,0.0,0.0,0.0,0.0,0.0,0.0,0.0,0.0
295432240534532096,0.5324839165100901,0.0,0.2475137227060206,0.0,0.809442916906611,0.0,0.0,0.0,0.0,0.0,0.0,0.0,0.0,0.0,0.0,0.0,0.0,0.0,0.0,0.0
295432269869486081,0.0,0.0,0.0,0.0,0.0,0.0,0.0,0.0,0.0,0.0,0.0,0.0,1.0,0.0,0.0,0.0,0.0,0.0,0.0,0.0
295432802567081985,0.0,0.0,0.357344264461559,0.0,0.0,0.8663064405289683,0.34902468072395193,0.0,0.0,0.0,0.0,0.0,0.0,0.0,0.0,0.0,0.0,0.0,0.0,0.0
295432966119755776,0.0,0.0,0.32622765815265187,0.0,0.0,0.0,0.0,0.0,0.0,0.0,0.503730468537864,0.0,0.0,0.0,0.0,0.0,0.369371566263544,0.0,0.7095038943930309,0.0
295434299916820480,0.0,0.0,0.66197704086898,0.0,0.0,0.0,0.0,0.0,0.0,0.0,0.0,0.0,0.0,0.0,0.0,0.0,0.7495241139298647,0.0,0.0,0.0
295434442535743489,0.0,0.0,0.35734999506507936,0.0,0.0,0.0,0.0,0.0,0.0,0.0,0.0,0.0,0.0,0.0,0.0,0.0,0.40460986088338846,0.0,0.0,0.841778974258037
295436086677733377,0.0,0.0,1.0,0.0,0.0,0.0,0.0,0.0,0.0,0.0,0.0,0.0,0.0,0.0,0.0,0.0,0.0,0.0,0.0,0.0
295436241892171776,0.0,0.0,0.3788688724815977,0.0,0.7317810495477799,0.0,0.37004815917049183,0.0,0.0,0.0,0.0,0.0,0.0,0.0,0.0,0.0,0.4289746296481915,0.0,0.0,0.0
295436468376178688,0.0,0.0,0.41775326583198785,0.0,0.0,0.0,0.0,0.0,0.0,0.0,0.0,0.0,0.0,0.0,0.0,0.0,0.0,0.0,0.9085605147081336,0.0
295436833263853570,0.0,0.0,0.2925989292891527,0.0,0.0,0.0,0.2857867273431575,0.0,0.0,0.0,0.0,0.0,0.0,0.0,0.4978845792389236,0.68925039867754,0.33129540704975247,0.0,0.0,0.0
295439509229801473,0.0,0.0,1.0,0.0,0.0,0.0,0.0,0.0,0.0,0.0,0.0,0.0,0.0,0.0,0.0,0.0,0.0,0.0,0.0,0.0
295440813654151168,0.0,0.0,0.4079367199189995,0.0,0.0,0.0,0.0,0.0,0.0,0.0,0.0,0.0,0.0,0.9130102039636401,0.0,0.0,0.0,0.0,0.0,0.0
295442847916777472,0.0,0.0,0.0,0.0,0.0,0.7146537352162551,0.4875003984802762,0.0,0.0,0.0,0.0,0.0,0.0,0.0,0.5016108055285757,0.0,0.0,0.0,0.0,0.0
295443124753424385,0.0,0.0,1.0,0.0,0.0,0.0,0.0,0.0,0.0,0.0,0.0,0.0,0.0,0.0,0.0,0.0,0.0,0.0,0.0,0.0
295444420763996160,0.48500025809473596,0.0,0.22544196298205782,0.507606655836953,0.4354386656326196,0.0,0.2201932897122466,0.0,0.0,0.0,0.0,0.0,0.3912009302349638,0.0,0.0,0.0,0.25525687012486586,0.0,0.0,0.0
295444429148389376,0.0,0.0,0.3907645026206947,0.0,0.0,0.0,0.0,0.0,0.0,0.0,0.0,0.0,0.0,0.0,0.0,0.0,0.0,0.0,0.0,0.920490686260106
295445112853508096,0.0,0.0,0.0,0.0,0.0,0.0,0.5345768895524551,0.0,0.0,0.0,0.8451198430734083,0.0,0.0,0.0,0.0,0.0,0.0,0.0,0.0,0.0
295447193190535168,0.0,0.0,0.66197704086898,0.0,0.0,0.0,0.0,0.0,0.0,0.0,0.0,0.0,0.0,0.0,0.0,0.0,0.7495241139298647,0.0,0.0,0.0
295449281991671808,0.0,0.8597707627255046,0.0,0.0,0.0,0.0,0.51068016954098,0.0,0.0,0.0,0.0,0.0,0.0,0.0,0.0,0.0,0.0,0.0,0.0,0.0
295450062094475264,0.0,0.0,0.0,0.0,0.0,0.0,0.252381247511485,0.5619811713566849,0.0,0.0,0.3989929315315977,0.6129339671365843,0.0,0.0,0.0,0.0,0.2925704384642188,0.0,0.0,0.0
295454294164004864,0.0,0.0,0.3788688724815977,0.0,0.7317810495477799,0.0,0.37004815917049183,0.0,0.0,0.0,0.0,0.0,0.0,0.0,0.0,0.0,0.4289746296481915,0.0,0.0,0.0
295455401447669760,0.0,0.8597707627255046,0.0,0.0,0.0,0.0,0.51068016954098,0.0,0.0,0.0,0.0,0.0,0.0,0.0,0.0,0.0,0.0,0.0,0.0,0.0
295456835916398593,0.0,0.0,0.0,0.0,0.0,0.0,0.3051214894929867,0.0,0.0,0.0,0.48237069420363465,0.7410191004981437,0.0,0.0,0.0,0.0,0.35370903680851445,0.0,0.0,0.0
295457427325874176,0.5971517681216209,0.0,0.0,0.0,0.5361295478738639,0.0,0.2711108088822923,0.0,0.0,0.0,0.42860274870828513,0.0,0.0,0.0,0.0,0.0,0.3142824952692721,0.0,0.0,0.0
295466944172265472,0.5971517681216209,0.0,0.0,0.0,0.5361295478738639,0.0,0.2711108088822923,0.0,0.0,0.0,0.42860274870828513,0.0,0.0,0.0,0.0,0.0,0.3142824952692721,0.0,0.0,0.0
295471356580073472,0.0,0.0,0.66197704086898,0.0,0.0,0.0,0.0,0.0,0.0,0.0,0.0,0.0,0.0,0.0,0.0,0.0,0.7495241139298647,0.0,0.0,0.0
295471880880664578,0.0,0.0,0.0,0.0,0.0,0.0,0.0,0.0,0.0,0.0,0.0,0.0,1.0,0.0,0.0,0.0,0.0,0.0,0.0,0.0
295472887509417984,0.0,0.0,0.29351825953294136,0.0,0.0,0.7115736390211295,0.0,0.6383650895615927,0.0,0.0,0.0,0.0,0.0,0.0,0.0,0.0,0.0,0.0,0.0,0.0
295473197896331265,0.0,0.9436198734742536,0.0,0.0,0.0,0.0,0.33103101725432554,0.0,0.0,0.0,0.0,0.0,0.0,0.0,0.0,0.0,0.0,0.0,0.0,0.0
295474997231751168,0.0,0.0,0.7153854376072591,0.0,0.0,0.0,0.6987300449096705,0.0,0.0,0.0,0.0,0.0,0.0,0.0,0.0,0.0,0.0,0.0,0.0,0.0
295476821787545601,0.0,0.0,0.4394844796749669,0.0,0.0,0.0,0.0,0.0,0.0,0.0,0.0,0.0,0.0,0.0,0.7478241488326595,0.0,0.49760670669468676,0.0,0.0,0.0
295479212540837890,0.0,0.0,0.41941983425252494,0.0,0.8101047850674942,0.0,0.4096550254132536,0.0,0.0,0.0,0.0,0.0,0.0,0.0,0.0,0.0,0.0,0.0,0.0,0.0
295479883608514561,0.0,0.0,0.0,0.0,0.0,0.0,0.4543987839302047,0.0,0.0,0.0,0.7183651902523187,0.0,0.0,0.0,0.0,0.0,0.5267572482619495,0.0,0.0,0.0
295480454025465856,0.0,0.0,0.0,0.0,0.5505046581405446,0.0,0.2783800366046354,0.0,0.0,0.0,0.0,0.0,0.0,0.0,0.48498098103411974,0.0,0.0,0.0,0.6198730713789288,0.0
295481058013634560,0.0,0.0,0.4078188860836885,0.0,0.7876976815988584,0.0,0.0,0.0,0.0,0.0,0.0,0.0,0.0,0.0,0.0,0.0,0.4617533092000996,0.0,0.0,0.0
295486070219501568,0.0,0.0,0.0,0.0,0.0,0.0,0.5345768895524551,0.0,0.0,0.0,0.8451198430734083,0.0,0.0,0.0,0.0,0.0,0.0,0.0,0.0,0.0
295487290761957378,0.0,0.0,0.0,0.0,0.0,0.0,0.49782048134618867,0.0,0.0,0.0,0.0,0.0,0.0,0.0,0.8672800979800293,0.0,0.0,0.0,0.0,0.0
295489526321803265,0.0,0.0,0.0,0.0,0.0,0.0,0.5345768895524551,0.0,0.0,0.0,0.8451198430734083,0.0,0.0,0.0,0.0,0.0,0.0,0.0,0.0,0.0
295489895407960064,0.0,0.0,0.0,0.0,0.7438832699305599,0.0,0.0,0.0,0.0,0.0,0.0,0.0,0.6683095695240475,0.0,0.0,0.0,0.0,0.0,0.0,0.0
295491552187404288,0.0,0.0,0.0,0.0,0.0,0.0,0.2001789567712746,0.0,0.0,0.0,0.3164656232609882,0.48615530401281765,0.0,0.0,0.0,0.0,0.2320554547192202,0.0,0.7547060228163409,0.0
295491917091840001,0.0,0.0,1.0,0.0,0.0,0.0,0.0,0.0,0.0,0.0,0.0,0.0,0.0,0.0,0.0,0.0,0.0,0.0,0.0,0.0
295493842260594689,0.0,0.0,0.2790718897231721,0.0,0.0,0.0,0.0,0.0,0.0,0.0,0.0,0.0,0.0,0.6245956064147997,0.0,0.0,0.31597940404838465,0.6573859026712496,0.0,0.0
295494077133238272,0.0,0.0,0.0,0.0,0.0,0.0,0.3262091135019859,0.0,0.0,0.0,0.5157084045341291,0.7922325768113249,0.0,0.0,0.0,0.0,0.0,0.0,0.0,0.0
295500481822875648,0.0,0.0,0.0,0.0,0.5605427635400444,0.0,0.2834561210795473,0.0,0.0,0.0,0.0,0.0,0.5035952657414069,0.0,0.4938243034881332,0.0,0.32859367503457626,0.0,0.0,0.0
295500930638569472,0.0,0.5349575607776927,0.0,0.0,0.0,0.0,0.31775006743559403,0.0,0.7828507538550733,0.0,0.0,0.0,0.0,0.0,0.0,0.0,0.0,0.0,0.0,0.0
295503757607858177,0.6886377315917072,0.0,0.0,0.0,0.0,0.0,0.31264603473579655,0.0,0.0,0.0,0.0,0.0,0.0,0.0,0.5446776374195983,0.0,0.36243179066855535,0.0,0.0,0.0
295504885879828480,0.0,0.0,0.2620718430697606,0.0,0.0,0.0,0.0,0.0,0.0,0.0,0.0,0.0,0.0,0.0,0.0,0.0,0.0,0.0,0.965048366181726,0.0
295506983002447874,0.0,0.0,1.0,0.0,0.0,0.0,0.0,0.0,0.0,0.0,0.0,0.0,0.0,0.0,0.0,0.0,0.0,0.0,0.0,0.0
295508648141139968,0.0,0.0,0.31658006966491814,0.0,0.6114709137435289,0.0,0.3092095458838709,0.0,0.0,0.0,0.0,0.0,0.549349447230559,0.0,0.0,0.0,0.3584480753168847,0.0,0.0,0.0
295513568051339264,0.5893855240975052,0.0,0.0,0.0,0.0,0.0,0.2675848832939309,0.0,0.0,0.0,0.0,0.0,0.47539802597162417,0.0,0.0,0.0,0.0,0.0,0.5958353389311223,0.0
295524066411036675,0.0,0.0,1.0,0.0,0.0,0.0,0.0,0.0,0.0,0.0,0.0,0.0,0.0,0.0,0.0,0.0,0.0,0.0,0.0,0.0
295525060477870081,0.0,0.0,0.3345775138049304,0.0,0.0,0.0,0.0,0.0,0.0,0.0,0.5166235405838203,0.0,0.0,0.0,0.0,0.0,0.0,0.0,0.0,0.7881357780044942
295530815054548993,0.0,0.0,1.0,0.0,0.0,0.0,0.0,0.0,0.0,0.0,0.0,0.0,0.0,0.0,0.0,0.0,0.0,0.0,0.0,0.0
295534451520335872,0.0,0.0,0.0,0.0,0.0,0.0,0.25840682434743134,0.575398415156507,0.0,0.6320414828451763,0.0,0.0,0.0,0.0,0.4501845631837306,0.0,0.0,0.0,0.0,0.0
295534501831008256,0.0,0.0,0.0,0.0,0.0,0.0,0.5345768895524551,0.0,0.0,0.0,0.8451198430734083,0.0,0.0,0.0,0.0,0.0,0.0,0.0,0.0,0.0
295553250395045890,0.0,0.0,1.0,0.0,0.0,0.0,0.0,0.0,0.0,0.0,0.0,0.0,0.0,0.0,0.0,0.0,0.0,0.0,0.0,0.0
295559353078001664,0.0,0.0,0.0,0.0,0.0,0.0,0.0,0.0,0.0,0.0,0.0,0.0,0.0,0.0,0.0,0.0,0.0,0.0,0.0,1.0
295563169919823872,0.0,0.0,0.0,0.0,0.0,0.0,0.0,0.0,0.0,0.8090857516070646,0.0,0.0,0.5876906044394714,0.0,0.0,0.0,0.0,0.0,0.0,0.0
295584598589591553,0.0,0.0,0.36507779184591754,0.0,0.0,0.0,0.35657815840537715,0.0,0.0,0.0,0.0,0.0,0.0,0.0,0.0,0.0,0.0,0.0,0.0,0.8599826875287307
295594912408301568,0.0,0.0,0.0,0.0,0.0,0.0,0.5345768895524551,0.0,0.0,0.0,0.8451198430734083,0.0,0.0,0.0,0.0,0.0,0.0,0.0,0.0,0.0
295598964097576960,0.0,0.0,0.2614453705717803,0.5886721730264405,0.0,0.0,0.0,0.0,0.0,0.0,0.0,0.0,0.45367628466509236,0.0,0.0,0.0,0.0,0.0,0.0,0.6158646114556278
295601686213451776,0.0,0.0,0.0,0.0,0.0,0.7482441972770884,0.3014587908393285,0.0,0.0,0.0,0.4765802843076958,0.0,0.0,0.0,0.0,0.0,0.34946309000529846,0.0,0.0,0.0
295605087798185986,0.8183920050453729,0.0,0.38041196272974426,0.0,0.0,0.0,0.0,0.0,0.0,0.0,0.0,0.0,0.0,0.0,0.0,0.0,0.43072179500220076,0.0,0.0,0.0
295605876327329793,0.0,0.0,0.25012596243061574,0.5631853167349726,0.0,0.0,0.0,0.0,0.0,0.0,0.0,0.0,0.734883685334121,0.0,0.0,0.0,0.2832053512242088,0.0,0.0,0.0
295612754973323264,0.0,0.0,1.0,0.0,0.0,0.0,0.0,0.0,0.0,0.0,0.0,0.0,0.0,0.0,0.0,0.0,0.0,0.0,0.0,0.0
295617955906072576,0.0,0.0,0.7153854376072591,0.0,0.0,0.0,0.6987300449096705,0.0,0.0,0.0,0.0,0.0,0.0,0.0,0.0,0.0,0.0,0.0,0.0,0.0
295622418637152256,0.0,0.0,0.41775326583198785,0.0,0.0,0.0,0.0,0.9085605147081336,0.0,0.0,0.0,0.0,0.0,0.0,0.0,0.0,0.0,0.0,0.0,0.0
295625082020196352,0.0,0.0,0.0,0.0,0.0,0.0,0.49782048134618867,0.0,0.0,0.0,0.0,0.0,0.0,0.0,0.8672800979800293,0.0,0.0,0.0,0.0,0.0
295628391342800896,0.0,0.0,0.2793828257990496,0.6290602691097942,0.5396248473771975,0.0,0.0,0.0,0.0,0.0,0.0,0.0,0.4848024737655405,0.0,0.0,0.0,0.0,0.0,0.0,0.0
295633973953056768,0.0,0.0,0.33184578983470314,0.7471862354435413,0.0,0.0,0.0,0.0,0.0,0.0,0.0,0.0,0.5758394753164209,0.0,0.0,0.0,0.0,0.0,0.0,0.0
295635609748381696,0.0,0.0,0.0,0.0,0.0,0.0,0.3276330069183594,0.0,0.0,0.0,0.5179594569161471,0.0,0.0,0.0,0.0,0.0,0.0,0.0,0.0,0.7901737870676071
295643679576711169,0.0,0.0,0.66197704086898,0.0,0.0,0.0,0.0,0.0,0.0,0.0,0.0,0.0,0.0,0.0,0.0,0.0,0.7495241139298647,0.0,0.0,0.0
295647504777764865,0.0,0.0,0.42181561834937326,0.0,0.0,0.0,0.4119950315715894,0.0,0.0,0.0,0.6513285239852106,0.0,0.0,0.0,0.0,0.0,0.4776011221930993,0.0,0.0,0.0
295647806755045376,0.0,0.0,0.2690842832715952,0.605872000771429,0.0,0.0,0.0,0.0,0.0,0.0,0.0,0.0,0.46693180158227393,0.0,0.0,0.0,0.0,0.0,0.5852242816635085,0.0
295648612057227264,0.0,0.0,1.0,0.0,0.0,0.0,0.0,0.0,0.0,0.0,0.0,0.0,0.0,0.0,0.0,0.0,0.0,0.0,0.0,0.0
295649727750488064,0.0,0.0,0.66197704086898,0.0,0.0,0.0,0.0,0.0,0.0,0.0,0.0,0.0,0.0,0.0,0.0,0.0,0.7495241139298647,0.0,0.0,0.0
295653766886211584,0.0,0.0,0.3907645026206947,0.0,0.0,0.0,0.0,0.0,0.0,0.0,0.0,0.0,0.0,0.0,0.0,0.0,0.0,0.0,0.0,0.920490686260106
295654739939577857,0.0,0.0,0.0,0.0,0.0,0.0,0.0,0.0,0.0,0.0,0.0,0.0,1.0,0.0,0.0,0.0,0.0,0.0,0.0,0.0
295655528464527360,0.0,0.0,0.2695281056750534,0.606871314311042,0.5205905641221438,0.0,0.2632530318378366,0.0,0.0,0.0,0.0,0.0,0.46770194984923946,0.0,0.0,0.0,0.0,0.0,0.0,0.0
295656140845502464,0.0,0.42239020570497743,0.0,0.0,0.0,0.0,0.2508881567199034,0.0,0.618120978562174,0.6136514505837467,0.0,0.0,0.0,0.0,0.0,0.0,0.0,0.0,0.0,0.0
295657009079021569,0.0,0.42239020570497743,0.0,0.0,0.0,0.0,0.2508881567199034,0.0,0.618120978562174,0.6136514505837467,0.0,0.0,0.0,0.0,0.0,0.0,0.0,0.0,0.0,0.0
295657218794209280,0.0,0.0,0.37763911618470497,0.0,0.0,0.0,0.0,0.8213173129631295,0.0,0.0,0.0,0.0,0.0,0.0,0.0,0.0,0.4275822369489399,0.0,0.0,0.0
295658036658315264,0.0,0.0,0.43465415167732807,0.0,0.0,0.0,0.0,0.0,0.0,0.0,0.0,0.0,0.7542389456580116,0.0,0.0,0.0,0.4921375633726339,0.0,0.0,0.0
295661283049623555,0.0,0.0,0.2790718897231721,0.0,0.0,0.0,0.0,0.0,0.0,0.0,0.0,0.0,0.0,0.6245956064147997,0.0,0.0,0.31597940404838465,0.6573859026712496,0.0,0.0
295664550433411072,0.0,0.0,0.66197704086898,0.0,0.0,0.0,0.0,0.0,0.0,0.0,0.0,0.0,0.0,0.0,0.0,0.0,0.7495241139298647,0.0,0.0,0.0
295665531908919296,0.0,0.0,0.3260734693661577,0.0,0.0,0.0,0.0,0.7091685532845888,0.0,0.0,0.0,0.0,0.0,0.0,0.0,0.0,0.6251048356937903,0.0,0.0,0.0
295667620672335873,0.0,0.0,0.66197704086898,0.0,0.0,0.0,0.0,0.0,0.0,0.0,0.0,0.0,0.0,0.0,0.0,0.0,0.7495241139298647,0.0,0.0,0.0
295669986234601472,0.0,0.0,0.43465415167732807,0.0,0.0,0.0,0.0,0.0,0.0,0.0,0.0,0.0,0.7542389456580116,0.0,0.0,0.0,0.4921375633726339,0.0,0.0,0.0
295670170788179969,0.0,0.0,0.2884200470262244,0.0,0.0,0.0,0.0,0.0,0.0,0.0,0.0,0.0,0.0,0.6455178783976669,0.0,0.0,0.32656386376053664,0.0,0.6272771221941343,0.0
295672016307097601,0.0,0.0,0.0,0.0,0.0,0.0,0.4543987839302047,0.0,0.0,0.0,0.7183651902523187,0.0,0.0,0.0,0.0,0.0,0.5267572482619495,0.0,0.0,0.0
295673287172829184,0.0,0.0,0.0,0.0,0.0,0.0,0.0,0.0,0.0,0.759856217907249,0.0,0.0,0.0,0.0,0.5412232406030393,0.0,0.3601332141567005,0.0,0.0,0.0
295673643671904257,0.5147327528523187,0.0,0.23926247517896862,0.0,0.0,0.0,0.0,0.0,0.0,0.0,0.0,0.0,0.0,0.5354974695765831,0.0,0.0,0.27090515778277074,0.5636102524582709,0.0,0.0
295674570625667072,0.0,0.0,0.3907645026206947,0.0,0.0,0.0,0.0,0.0,0.0,0.0,0.0,0.0,0.0,0.0,0.0,0.0,0.0,0.0,0.0,0.920490686260106
295677397582376961,0.0,0.0,0.66197704086898,0.0,0.0,0.0,0.0,0.0,0.0,0.0,0.0,0.0,0.0,0.0,0.0,0.0,0.7495241139298647,0.0,0.0,0.0
295683886191620097,0.0,0.0,0.7153854376072591,0.0,0.0,0.0,0.6987300449096705,0.0,0.0,0.0,0.0,0.0,0.0,0.0,0.0,0.0,0.0,0.0,0.0,0.0
295684318200750080,0.0,0.0,0.0,0.0,0.0,0.0,0.3185988143775106,0.0,0.0,0.0,0.0,0.0,0.0,0.0,0.5550482981384148,0.7683854385729169,0.0,0.0,0.0,0.0
295686591479947264,0.0,0.0,0.4078188860836885,0.0,0.7876976815988584,0.0,0.0,0.0,0.0,0.0,0.0,0.0,0.0,0.0,0.0,0.0,0.4617533092000996,0.0,0.0,0.0
295688655106887681,0.0,0.0,0.35734999506507936,0.0,0.0,0.0,0.0,0.0,0.0,0.0,0.0,0.0,0.0,0.0,0.0,0.0,0.40460986088338846,0.0,0.0,0.841778974258037
295690588676816897,0.0,0.0,0.2689812515084682,0.0,0.0,0.0,0.0,0.0,0.0,0.6425884822049205,0.41533588113752107,0.0,0.0,0.0,0.0,0.0,0.0,0.0,0.5850002006104218,0.0
295691150713569280,0.7783568160910892,0.0,0.0,0.0,0.0,0.0,0.0,0.0,0.0,0.0,0.0,0.0,0.6278221617978632,0.0,0.0,0.0,0.0,0.0,0.0,0.0
295691196850913280,0.0,0.0,0.7153854376072591,0.0,0.0,0.0,0.6987300449096705,0.0,0.0,0.0,0.0,0.0,0.0,0.0,0.0,0.0,0.0,0.0,0.0,0.0
295691788235190273,0.0,0.0,0.23920158025665372,0.5385879035956495,0.0,0.0,0.0,0.0,0.0,0.0,0.36935287700621394,0.0,0.41507747480678064,0.0,0.0,0.0,0.2708362094509208,0.0,0.5202331822449229,0.0
295692270601113602,0.0,0.0,0.3118979353515546,0.0,0.6024274229454737,0.0,0.0,0.0,0.0,0.0,0.0,0.0,0.0,0.0,0.0,0.0,0.0,0.0,0.0,0.7347114249871938
295692690023137280,0.0,0.0,0.0,0.0,0.0,0.0,0.49567158512489873,0.0,0.0,0.0,0.4628150048076221,0.0,0.0,0.0,0.0,0.0,0.3393693927474057,0.0,0.6518745019487632,0.0
295692971041513472,0.0,0.0,0.0,0.0,0.0,0.0,0.3262091135019859,0.0,0.0,0.0,0.515708404534129,0.7922325768113249,0.0,0.0,0.0,0.0,0.0,0.0,0.0,0.0
295693021356359681,0.6988073186031084,0.0,0.3248255872501833,0.0,0.0,0.0,0.3172630937613981,0.0,0.0,0.0,0.0,0.0,0.0,0.0,0.5527212667079615,0.0,0.0,0.0,0.0,0.0
295693910573993986,0.0,0.0,0.37763911618470497,0.0,0.0,0.0,0.0,0.0,0.0,0.0,0.0,0.0,0.0,0.0,0.0,0.0,0.4275822369489399,0.0,0.8213173129631295,0.0
295693944132624384,0.0,0.0,1.0,0.0,0.0,0.0,0.0,0.0,0.0,0.0,0.0,0.0,0.0,0.0,0.0,0.0,0.0,0.0,0.0,0.0
295695273722802176,0.0,0.7398454355995604,0.0,0.0,0.0,0.0,0.4394478259395406,0.0,0.0,0.0,0.0,0.0,0.0,0.0,0.0,0.0,0.5094254996557475,0.0,0.0,0.0
295695496020889600,0.0,0.0,0.0,0.0,0.0,0.0,0.0,0.0,0.0,0.0,0.0,0.0,1.0,0.0,0.0,0.0,0.0,0.0,0.0,0.0
295695969964658688,0.0,0.8597707627255046,0.0,0.0,0.0,0.0,0.51068016954098,0.0,0.0,0.0,0.0,0.0,0.0,0.0,0.0,0.0,0.0,0.0,0.0,0.0
295698209702039553,0.0,0.37441859789243237,0.0,0.0,0.0,0.0,0.37654635313732004,0.0,0.0,0.0,0.0,0.0,0.0,0.0,0.6560018526354227,0.5363628686161478,0.0,0.0,0.0,0.0
295699161830023169,0.0,0.0,0.0,0.0,0.0,0.0,0.0,0.7240251683866873,0.0,0.0,0.0,0.0,0.5776766051209209,0.0,0.0,0.0,0.3769314200734622,0.0,0.0,0.0
295699577074483201,0.0,0.8597707627255046,0.0,0.0,0.0,0.0,0.51068016954098,0.0,0.0,0.0,0.0,0.0,0.0,0.0,0.0,0.0,0.0,0.0,0.0,0.0
295701326103457793,0.0,0.8597707627255046,0.0,0.0,0.0,0.0,0.51068016954098,0.0,0.0,0.0,0.0,0.0,0.0,0.0,0.0,0.0,0.0,0.0,0.0,0.0
295701628093341696,0.0,0.0,1.0,0.0,0.0,0.0,0.0,0.0,0.0,0.0,0.0,0.0,0.0,0.0,0.0,0.0,0.0,0.0,0.0,0.0
295703184154959873,0.0,0.0,0.26640595761085745,0.599841464513201,0.0,0.0,0.0,0.0,0.0,0.0,0.0,0.0,0.4622842041425897,0.5962477654468423,0.0,0.0,0.0,0.0,0.0,0.0
295703507107999744,0.0,0.0,0.33184578983470314,0.7471862354435413,0.0,0.0,0.0,0.0,0.0,0.0,0.0,0.0,0.5758394753164209,0.0,0.0,0.0,0.0,0.0,0.0,0.0
295703762989875200,0.0,0.5349575607776927,0.0,0.0,0.0,0.0,0.31775006743559403,0.0,0.7828507538550733,0.0,0.0,0.0,0.0,0.0,0.0,0.0,0.0,0.0,0.0,0.0
295705931453452288,0.0,0.0,0.41941983425252494,0.0,0.8101047850674942,0.0,0.4096550254132536,0.0,0.0,0.0,0.0,0.0,0.0,0.0,0.0,0.0,0.0,0.0,0.0,0.0
295706623492644866,0.0,0.0,0.0,0.0,0.0,0.0,0.3102833383117718,0.0,0.0,0.0,0.49053113089470163,0.0,0.0,0.0,0.5405614556574818,0.0,0.6090129491617828,0.0,0.0,0.0
295707143577939968,0.0,0.0,1.0,0.0,0.0,0.0,0.0,0.0,0.0,0.0,0.0,0.0,0.0,0.0,0.0,0.0,0.0,0.0,0.0,0.0
295707349115617280,0.0,0.36138365178320353,0.0,0.0,0.0,0.0,0.2146519427771072,0.0,0.5288446878255193,0.5250207015664266,0.0,0.0,0.0,0.0,0.0,0.0,0.0,0.0,0.0,0.5176900218965746
295707424596299776,0.0,0.0,0.66197704086898,0.0,0.0,0.0,0.0,0.0,0.0,0.0,0.0,0.0,0.0,0.0,0.0,0.0,0.7495241139298647,0.0,0.0,0.0
295708112470548480,0.0,0.0,0.0,0.0,0.0,0.0,0.3051214894929867,0.0,0.0,0.0,0.48237069420363465,0.7410191004981437,0.0,0.0,0.0,0.0,0.35370903680851445,0.0,0.0,0.0
295709433688907776,0.0,0.0,1.0,0.0,0.0,0.0,0.0,0.0,0.0,0.0,0.0,0.0,0.0,0.0,0.0,0.0,0.0,0.0,0.0,0.0
295710675194499072,0.0,0.0,0.0,0.0,0.0,0.0,0.3051214894929867,0.0,0.0,0.0,0.48237069420363465,0.7410191004981437,0.0,0.0,0.0,0.0,0.35370903680851445,0.0,0.0,0.0
295710893306683392,0.0,0.0,0.0,0.0,0.0,0.8078996660714353,0.19224157335714748,0.0,0.0,0.0,0.30391730634632225,0.4668785473097125,0.0,0.0,0.0,0.0,0.0,0.0,0.0,0.0
295712273203335168,0.0,0.0,1.0,0.0,0.0,0.0,0.0,0.0,0.0,0.0,0.0,0.0,0.0,0.0,0.0,0.0,0.0,0.0,0.0,0.0
295715674821623808,0.0,0.0,0.0,0.0,0.0,0.0,0.49782048134618867,0.0,0.0,0.0,0.0,0.0,0.0,0.0,0.8672800979800293,0.0,0.0,0.0,0.0,0.0
295716152963899392,0.0,0.0,0.3907645026206947,0.0,0.0,0.0,0.0,0.0,0.0,0.0,0.0,0.0,0.0,0.0,0.0,0.0,0.0,0.0,0.0,0.920490686260106
295716698194067457,0.0,0.0,0.0,0.0,0.0,0.0,0.3051214894929867,0.0,0.0,0.0,0.48237069420363465,0.7410191004981437,0.0,0.0,0.0,0.0,0.35370903680851445,0.0,0.0,0.0
295717415453609984,0.0,0.0,0.3907645026206947,0.0,0.0,0.0,0.0,0.0,0.0,0.0,0.0,0.0,0.0,0.0,0.0,0.0,0.0,0.0,0.0,0.920490686260106
295717616771796992,0.0,0.8597707627255046,0.0,0.0,0.0,0.0,0.51068016954098,0.0,0.0,0.0,0.0,0.0,0.0,0.0,0.0,0.0,0.0,0.0,0.0,0.0
295717868413276160,0.9068208624626631,0.0,0.4215162196196867,0.0,0.0,0.0,0.0,0.0,0.0,0.0,0.0,0.0,0.0,0.0,0.0,0.0,0.0,0.0,0.0,0.0
295721257406697472,0.0,0.0,0.66197704086898,0.0,0.0,0.0,0.0,0.0,0.0,0.0,0.0,0.0,0.0,0.0,0.0,0.0,0.7495241139298647,0.0,0.0,0.0
295721353900871680,0.0,0.0,0.7153854376072591,0.0,0.0,0.0,0.6987300449096705,0.0,0.0,0.0,0.0,0.0,0.0,0.0,0.0,0.0,0.0,0.0,0.0,0.0
295723191010226176,0.5624796132592389,0.0,0.0,0.0,0.0,0.0,0.0,0.0,0.0,0.6246122550466215,0.0,0.0,0.45369573370873467,0.0,0.0,0.0,0.29603445192714356,0.0,0.0,0.0
295725443330482177,0.0,0.0,0.66197704086898,0.0,0.0,0.0,0.0,0.0,0.0,0.0,0.0,0.0,0.0,0.0,0.0,0.0,0.7495241139298647,0.0,0.0,0.0
295725774688878592,0.0,0.0,0.3748996994085389,0.0,0.7241146355238068,0.0,0.0,0.0,0.0,0.0,0.5788853167973872,0.0,0.0,0.0,0.0,0.0,0.0,0.0,0.0,0.0
295726143779254272,0.0,0.0,0.23856799201060136,0.0,0.0,0.0,0.0,0.0,0.0,0.0,0.0,0.0,0.0,0.533943134827492,0.0,0.0,0.2701188285760563,0.5619743175564076,0.5188552079475828,0.0
295731483128246272,0.0,0.0,0.42181561834937326,0.0,0.0,0.0,0.4119950315715894,0.0,0.0,0.0,0.6513285239852106,0.0,0.0,0.0,0.0,0.0,0.4776011221930993,0.0,0.0,0.0
295732485554331649,0.0,0.9436198734742536,0.0,0.0,0.0,0.0,0.33103101725432554,0.0,0.0,0.0,0.0,0.0,0.0,0.0,0.0,0.0,0.0,0.0,0.0,0.0
295735618732965890,0.0,0.0,0.33184578983470314,0.7471862354435413,0.0,0.0,0.0,0.0,0.0,0.0,0.0,0.0,0.5758394753164209,0.0,0.0,0.0,0.0,0.0,0.0,0.0
295737065759453184,0.0,0.0,0.3520407690150674,0.0,0.6799628635259987,0.0,0.3438446596937508,0.0,0.0,0.0,0.5435886783008754,0.0,0.0,0.0,0.0,0.0,0.0,0.0,0.0,0.0
295737736831324161,0.0,0.0,0.0,0.0,0.0,0.0,0.3185988143775106,0.0,0.0,0.0,0.0,0.0,0.0,0.0,0.5550482981384148,0.7683854385729169,0.0,0.0,0.0,0.0
295738449888157696,0.0,0.0,0.0,0.0,0.0,0.0,0.49782048134618867,0.0,0.0,0.0,0.0,0.0,0.0,0.0,0.8672800979800293,0.0,0.0,0.0,0.0,0.0
295739532001828864,0.0,0.8597707627255046,0.0,0.0,0.0,0.0,0.51068016954098,0.0,0.0,0.0,0.0,0.0,0.0,0.0,0.0,0.0,0.0,0.0,0.0,0.0
295741562049138688,0.0,0.0,0.0,0.0,0.0,0.0,0.2639297650741146,0.5876964314692037,0.0,0.0,0.4172501393177984,0.6409807366727677,0.0,0.0,0.0,0.0,0.0,0.0,0.0,0.0
295742220546498562,0.0,0.0,0.0,0.0,0.0,0.0,0.4543987839302047,0.0,0.0,0.0,0.7183651902523187,0.0,0.0,0.0,0.0,0.0,0.5267572482619495,0.0,0.0,0.0
295742388343828480,0.0,0.0,0.0,0.0,0.0,0.0,0.27022254041951765,0.0,0.0,0.0,0.42719847306798275,0.0,0.0,0.0,0.4707693638833567,0.6517132389152905,0.31325277893261727,0.0,0.0,0.0
295743516590632960,0.5624796132592389,0.0,0.0,0.0,0.0,0.0,0.0,0.0,0.0,0.6246122550466215,0.0,0.0,0.45369573370873467,0.0,0.0,0.0,0.29603445192714356,0.0,0.0,0.0
295745215283736576,0.0,0.0,0.0,0.0,0.0,0.0,0.248806956031242,0.5540222420279686,0.0,0.0,0.0,0.0,0.0,0.0,0.43346011120588956,0.6000638841158018,0.28842697679309753,0.0,0.0,0.0
295745668264382465,0.0,0.0,0.0,0.0,0.0,0.0,0.28265174763051015,0.0,0.0,0.6913425376915513,0.44684797504416224,0.0,0.0,0.0,0.4924229608157566,0.0,0.0,0.0,0.0,0.0
295746133836300288,0.6882228743294998,0.0,0.1524367493580846,0.0,0.0,0.0,0.0,0.5613301840858731,0.0,0.3641670148121072,0.2353786788384628,0.0,0.0,0.0,0.0,0.0,0.0,0.0,0.0,0.0
295746213515497472,0.0,0.0,0.66197704086898,0.0,0.0,0.0,0.0,0.0,0.0,0.0,0.0,0.0,0.0,0.0,0.0,0.0,0.7495241139298647,0.0,0.0,0.0
295748381991649280,0.0,0.0,0.7153854376072591,0.0,0.0,0.0,0.6987300449096705,0.0,0.0,0.0,0.0,0.0,0.0,0.0,0.0,0.0,0.0,0.0,0.0,0.0
295749099196649473,0.0,0.5349575607776927,0.0,0.0,0.0,0.0,0.31775006743559403,0.0,0.7828507538550733,0.0,0.0,0.0,0.0,0.0,0.0,0.0,0.0,0.0,0.0,0.0
295749694812991490,0.0,0.0,0.0,0.0,0.0,0.0,0.25357716629787036,0.0,0.6247459753473017,0.6202285431405518,0.4008835757342019,0.0,0.0,0.0,0.0,0.0,0.0,0.0,0.0,0.0
295750244237447170,0.0,0.0,0.26924889346696784,0.0,0.0,0.0,0.2629803201660035,0.0,0.0,0.0,0.0,0.0,0.0,0.6026105891866573,0.0,0.0,0.30485730749439693,0.6342467062898918,0.0,0.0
295750697230663680,0.0,0.0,0.0,0.0,0.0,0.0,0.22099385236588343,0.0,0.0,0.0,0.0,0.0,0.0,0.0,0.6518707952118552,0.5329852168591884,0.0,0.0,0.4920903800887735,0.0
295751389320200192,0.0,0.0,0.0,0.0,0.0,0.0,0.49782048134618867,0.0,0.0,0.0,0.0,0.0,0.0,0.0,0.8672800979800293,0.0,0.0,0.0,0.0,0.0
295751460602400768,0.0,0.0,0.0,0.0,0.0,0.6037358904943311,0.24323809285396686,0.0,0.0,0.0,0.3845383945316412,0.5907288702380087,0.0,0.0,0.0,0.0,0.28197132781922324,0.0,0.0,0.0
295751787779084289,0.0,0.0,0.66197704086898,0.0,0.0,0.0,0.0,0.0,0.0,0.0,0.0,0.0,0.0,0.0,0.0,0.0,0.7495241139298647,0.0,0.0,0.0
295751980717051904,0.0,0.0,0.26004260944899843,0.5855137065499484,0.0,0.0,0.0,0.0,0.0,0.6212343231259674,0.0,0.0,0.45124212622861093,0.0,0.0,0.0,0.0,0.0,0.0,0.0
295752102343503873,0.0,0.0,0.66197704086898,0.0,0.0,0.0,0.0,0.0,0.0,0.0,0.0,0.0,0.0,0.0,0.0,0.0,0.7495241139298647,0.0,0.0,0.0
295752714711871489,0.0,0.0,0.66197704086898,0.0,0.0,0.0,0.0,0.0,0.0,0.0,0.0,0.0,0.0,0.0,0.0,0.0,0.7495241139298647,0.0,0.0,0.0
295752949584519168,0.0,0.0,0.0,0.0,0.0,0.0,0.49782048134618867,0.0,0.0,0.0,0.0,0.0,0.0,0.0,0.8672800979800293,0.0,0.0,0.0,0.0,0.0
295752999916150784,0.0,0.0,0.66197704086898,0.0,0.0,0.0,0.0,0.0,0.0,0.0,0.0,0.0,0.0,0.0,0.0,0.0,0.7495241139298647,0.0,0.0,0.0
295753616495616001,0.0,0.0,0.7153854376072591,0.0,0.0,0.0,0.6987300449096705,0.0,0.0,0.0,0.0,0.0,0.0,0.0,0.0,0.0,0.0,0.0,0.0,0.0
295756598637367296,0.0,0.0,0.66197704086898,0.0,0.0,0.0,0.0,0.0,0.0,0.0,0.0,0.0,0.0,0.0,0.0,0.0,0.7495241139298647,0.0,0.0,0.0
295756783165771776,0.0,0.35068971334901083,0.0,0.0,0.0,0.0,0.20830003767705219,0.0,0.5131953010728261,0.509484472875605,0.0,0.0,0.0,0.0,0.0,0.0,0.2414697365837974,0.0,0.0,0.5023707201106737
295758993576562688,0.0,0.0,0.0,0.0,0.0,0.0,0.3145793938016658,0.0,0.7750390663090045,0.0,0.0,0.0,0.0,0.0,0.5480458472520733,0.0,0.0,0.0,0.0,0.0
295761266889351168,0.0,0.0,0.0,0.0,0.0,0.0,0.3185988143775106,0.0,0.0,0.0,0.0,0.0,0.0,0.0,0.5550482981384148,0.7683854385729169,0.0,0.0,0.0,0.0
295761480815632384,0.0,0.0,0.2520400884842048,0.5674951759646406,0.0,0.0,0.24617216550372054,0.0,0.0,0.6021165304480717,0.0,0.0,0.43735565361170403,0.0,0.0,0.0,0.0,0.0,0.0,0.0
295761564672339968,0.0,0.4454701660683531,0.0,0.0,0.0,0.0,0.26459701794473056,0.0,0.6518959276313063,0.0,0.0,0.0,0.0,0.0,0.46096883564890395,0.0,0.30673144823444853,0.0,0.0,0.0
295761757614505985,0.0,0.0,0.0,0.0,0.0,0.0,0.25385715475592946,0.0,0.0,0.0,0.0,0.0,0.0,0.0,0.7488084558433332,0.6122437761519075,0.0,0.0,0.0,0.0
295762512589238272,0.0,0.0,0.20613118750518775,0.0,0.67410981441945,0.0,0.0,0.0,0.0,0.0,0.0,0.0,0.0,0.4613457635898726,0.0,0.0,0.2333922268139745,0.4855656974309115,0.0,0.0
295762919428354049,0.0,0.0,0.19692150450626844,0.44338979772263504,0.6439914331477794,0.0,0.0,0.42827936517741416,0.0,0.0,0.0,0.0,0.34171045499746583,0.0,0.0,0.0,0.22296455476015448,0.0,0.0,0.0
295763598905597952,0.0,0.0,0.20613118750518775,0.0,0.67410981441945,0.0,0.0,0.0,0.0,0.0,0.0,0.0,0.0,0.4613457635898726,0.0,0.0,0.2333922268139745,0.4855656974309115,0.0,0.0
295765310181621761,0.0,0.0,0.3106420014662069,0.6994436414630966,0.0,0.0,0.0,0.0,0.0,0.0,0.0,0.0,0.5390453415866626,0.0,0.0,0.0,0.35172469213239893,0.0,0.0,0.0
295765624750231553,0.0,0.8597707627255046,0.0,0.0,0.0,0.0,0.51068016954098,0.0,0.0,0.0,0.0,0.0,0.0,0.0,0.0,0.0,0.0,0.0,0.0,0.0
295769076670808065,0.0,0.0,0.0,0.0,0.0,0.0,0.3145793938016658,0.0,0.7750390663090045,0.0,0.0,0.0,0.0,0.0,0.5480458472520733,0.0,0.0,0.0,0.0,0.0
295769315762921473,0.0,0.0,0.0,0.0,0.0,0.0,0.1920877970927848,0.0,0.8012864716141227,0.0,0.0,0.0,0.0,0.0,0.5666059200328134,0.0,0.0,0.0,0.0,0.0
295769412244488192,0.0,0.0,0.33184578983470314,0.7471862354435413,0.0,0.0,0.0,0.0,0.0,0.0,0.0,0.0,0.5758394753164209,0.0,0.0,0.0,0.0,0.0,0.0,0.0
295769764561817600,0.0,0.0,0.0,0.0,0.0,0.0,0.3051214894929867,0.0,0.0,0.0,0.48237069420363465,0.7410191004981437,0.0,0.0,0.0,0.0,0.35370903680851445,0.0,0.0,0.0
295770666328788992,0.0,0.0,0.20613118750518775,0.0,0.67410981441945,0.0,0.0,0.0,0.0,0.0,0.0,0.0,0.0,0.4613457635898726,0.0,0.0,0.2333922268139745,0.4855656974309115,0.0,0.0
295772436308312064,0.0,0.0,0.0,0.0,0.0,0.0,0.0,0.0,0.0,0.0,0.6647610022631609,0.0,0.7470560955310368,0.0,0.0,0.0,0.0,0.0,0.0,0.0
295772625060384768,0.0,0.0,0.26854602656859866,0.0,0.0,0.6510336824501262,0.0,0.0,0.0,0.6415487423272893,0.0,0.0,0.0,0.0,0.0,0.0,0.3040614858016699,0.0,0.0,0.0
295772817998376960,0.0,0.8597707627255046,0.0,0.0,0.0,0.0,0.51068016954098,0.0,0.0,0.0,0.0,0.0,0.0,0.0,0.0,0.0,0.0,0.0,0.0,0.0
295772897685929985,0.0,0.0,0.0,0.0,0.0,0.0,0.25130532042384396,0.0,0.0,0.6146717981178865,0.0,0.0,0.0,0.0,0.43781264750440885,0.0,0.0,0.0,0.0,0.6060893516721554
295773556191678464,0.0,0.0,0.0,0.0,0.0,0.0,0.25130532042384396,0.0,0.0,0.6146717981178865,0.0,0.0,0.0,0.0,0.43781264750440885,0.0,0.0,0.0,0.0,0.6060893516721554
295774319575961600,0.0,0.0,0.0,0.0,0.0,0.0,0.49782048134618867,0.0,0.0,0.0,0.0,0.0,0.0,0.0,0.8672800979800293,0.0,0.0,0.0,0.0,0.0
295775015809449984,0.0,0.8597707627255046,0.0,0.0,0.0,0.0,0.51068016954098,0.0,0.0,0.0,0.0,0.0,0.0,0.0,0.0,0.0,0.0,0.0,0.0,0.0
295776106328502273,0.0,0.0,0.28376229981186724,0.6389211225576863,0.0,0.0,0.2771558296662837,0.0,0.0,0.0,0.43815940391764036,0.0,0.49240200973964154,0.0,0.0,0.0,0.0,0.0,0.0,0.0
295776131498532864,0.0,0.0,0.41775326583198785,0.0,0.0,0.0,0.0,0.9085605147081336,0.0,0.0,0.0,0.0,0.0,0.0,0.0,0.0,0.0,0.0,0.0,0.0
295780850094718976,0.0,0.0,0.41941983425252494,0.0,0.8101047850674942,0.0,0.4096550254132536,0.0,0.0,0.0,0.0,0.0,0.0,0.0,0.0,0.0,0.0,0.0,0.0,0.0
295783970665283584,0.0,0.0,0.0,0.0,0.0,0.0,0.5345768895524551,0.0,0.0,0.0,0.8451198430734083,0.0,0.0,0.0,0.0,0.0,0.0,0.0,0.0,0.0
295784121651834880,0.0,0.0,0.0,0.0,0.0,0.0,0.4905028078531564,0.0,0.0,0.0,0.0,0.0,0.8714396109244573,0.0,0.0,0.0,0.0,0.0,0.0,0.0
295784322982637568,0.0,0.0,0.4394844796749669,0.0,0.0,0.0,0.0,0.0,0.0,0.0,0.0,0.0,0.0,0.0,0.7478241488326595,0.0,0.49760670669468676,0.0,0.0,0.0
295786793436069888,0.0,0.0,1.0,0.0,0.0,0.0,0.0,0.0,0.0,0.0,0.0,0.0,0.0,0.0,0.0,0.0,0.0,0.0,0.0,0.0
295789679092056064,0.0,0.0,0.0,0.0,0.0,0.0,0.49782048134618867,0.0,0.0,0.0,0.0,0.0,0.0,0.0,0.8672800979800293,0.0,0.0,0.0,0.0,0.0
295791503635271681,0.0,0.0,0.0,0.0,0.0,0.0,0.5345768895524551,0.0,0.0,0.0,0.8451198430734083,0.0,0.0,0.0,0.0,0.0,0.0,0.0,0.0,0.0
295792170525405184,0.0,0.0,0.35105353565529107,0.0,0.0,0.0,0.0,0.0,0.0,0.0,0.542064284183919,0.0,0.0,0.0,0.0,0.0,0.0,0.0,0.7634970379222795,0.0
295792275378798593,0.0,0.8597707627255046,0.0,0.0,0.0,0.0,0.51068016954098,0.0,0.0,0.0,0.0,0.0,0.0,0.0,0.0,0.0,0.0,0.0,0.0,0.0
295793122632421376,0.0,0.0,0.5559013191793156,0.0,0.0,0.0,0.5429589886742292,0.0,0.0,0.0,0.0,0.0,0.0,0.0,0.0,0.0,0.6294197803950515,0.0,0.0,0.0
295793240081313792,0.0,0.0,1.0,0.0,0.0,0.0,0.0,0.0,0.0,0.0,0.0,0.0,0.0,0.0,0.0,0.0,0.0,0.0,0.0,0.0
295794259292995585,0.0,0.0,0.2720147802016621,0.0,0.0,0.0,0.2656818123417626,0.591597741829833,0.0,0.0,0.0,0.0,0.0,0.0,0.0,0.0,0.30798898529598767,0.0,0.0,0.6407620703044368
295797086241316864,0.0,0.0,0.37034088376556645,0.0,0.0,0.0,0.0,0.0,0.0,0.0,0.0,0.0,0.0,0.828866315074586,0.0,0.0,0.4193188065737289,0.0,0.0,0.0
295797140788232193,0.0,0.0,1.0,0.0,0.0,0.0,0.0,0.0,0.0,0.0,0.0,0.0,0.0,0.0,0.0,0.0,0.0,0.0,0.0,0.0
295797644104695809,0.5678684344020708,0.0,0.0,0.0,0.0,0.0,0.4365204061119156,0.0,0.0,0.6305963363301433,0.0,0.0,0.0,0.0,0.0,0.0,0.29887060220876527,0.0,0.0,0.0
295798008979804160,0.0,0.0,0.7153854376072591,0.0,0.0,0.0,0.6987300449096705,0.0,0.0,0.0,0.0,0.0,0.0,0.0,0.0,0.0,0.0,0.0,0.0,0.0
295798990463713280,0.0,0.8597707627255046,0.0,0.0,0.0,0.0,0.51068016954098,0.0,0.0,0.0,0.0,0.0,0.0,0.0,0.0,0.0,0.0,0.0,0.0,0.0
295798990438551552,0.0,0.0,0.0,0.0,0.0,0.0,0.0,0.0,0.0,0.0,0.0,0.0,0.0,0.0,0.0,0.0,1.0,0.0,0.0,0.0
295799426658758656,0.0,0.0,0.0,0.0,0.0,0.0,0.3185988143775106,0.0,0.0,0.0,0.0,0.0,0.0,0.0,0.5550482981384148,0.7683854385729169,0.0,0.0,0.0,0.0
295800819180261376,0.0,0.0,0.66197704086898,0.0,0.0,0.0,0.0,0.0,0.0,0.0,0.0,0.0,0.0,0.0,0.0,0.0,0.7495241139298647,0.0,0.0,0.0
295802475930333184,0.0,0.0,0.2785390705091718,0.0,0.0,0.6752597277156122,0.0,0.0,0.0,0.0,0.0,0.0,0.0,0.0,0.0,0.0,0.31537611900282764,0.0,0.6057872480401335,0.0
295804719882969088,0.0,0.0,0.0,0.0,0.0,0.0,0.2563764437421875,0.0,0.0,0.0,0.4053089913492331,0.622636714465552,0.0,0.0,0.0,0.0,0.0,0.0,0.0,0.618319708908845
295805072191918080,0.0,0.5325237658427746,0.0,0.0,0.0,0.7850923049243398,0.31630446022972447,0.0,0.0,0.0,0.0,0.0,0.0,0.0,0.0,0.0,0.0,0.0,0.0,0.0
295805172846821377,0.0,0.0,0.21150128936294313,0.47621774038257314,0.40851240825608015,0.5127406464222372,0.0,0.0,0.0,0.0,0.3265806590111514,0.0,0.3670102054215282,0.0,0.0,0.0,0.23947252958605184,0.0,0.0,0.0
295805432897880064,0.0,0.0,0.0,0.0,0.0,0.0,0.3185988143775106,0.0,0.0,0.0,0.0,0.0,0.0,0.0,0.5550482981384148,0.7683854385729169,0.0,0.0,0.0,0.0
295809711087943680,0.0,0.0,0.0,0.0,0.0,0.0,0.4096757394114261,0.0,0.0,0.0,0.0,0.0,0.0,0.0,0.0,0.0,0.0,0.0,0.9122312144065786,0.0
295812244439171072,0.0,0.0,0.5559013191793156,0.0,0.0,0.0,0.5429589886742292,0.0,0.0,0.0,0.0,0.0,0.0,0.0,0.0,0.0,0.6294197803950515,0.0,0.0,0.0
295812462547193856,0.0,0.0,0.46293026433071754,0.0,0.0,0.0,0.0,0.0,0.0,0.0,0.714813943956131,0.0,0.0,0.0,0.0,0.0,0.524153217954992,0.0,0.0,0.0
295813158831026176,0.0,0.8597707627255046,0.0,0.0,0.0,0.0,0.51068016954098,0.0,0.0,0.0,0.0,0.0,0.0,0.0,0.0,0.0,0.0,0.0,0.0,0.0
295813263663431680,0.0,0.8597707627255046,0.0,0.0,0.0,0.0,0.51068016954098,0.0,0.0,0.0,0.0,0.0,0.0,0.0,0.0,0.0,0.0,0.0,0.0,0.0
295813586637438976,0.0,0.0,0.0,0.0,0.0,0.0,0.653638435093789,0.0,0.0,0.0,0.610310706844637,0.0,0.0,0.0,0.0,0.0,0.4475238957630556,0.0,0.0,0.0
295815289529065472,0.0,0.0,0.4597689168739482,0.0,0.8880385932359902,0.0,0.0,0.0,0.0,0.0,0.0,0.0,0.0,0.0,0.0,0.0,0.0,0.0,0.0,0.0
295817181172744192,0.0,0.0,0.0,0.0,0.0,0.0,0.0,0.0,0.0,0.0,0.0,0.0,0.8374873201877249,0.0,0.0,0.0,0.5464567581472327,0.0,0.0,0.0
295818670142287872,0.0,0.8597707627255046,0.0,0.0,0.0,0.0,0.51068016954098,0.0,0.0,0.0,0.0,0.0,0.0,0.0,0.0,0.0,0.0,0.0,0.0,0.0
295819026628767744,0.0,0.0,0.5559013191793156,0.0,0.0,0.0,0.5429589886742292,0.0,0.0,0.0,0.0,0.0,0.0,0.0,0.0,0.0,0.6294197803950515,0.0,0.0,0.0
295819177632092161,0.0,0.48953262100406925,0.0,0.0,0.0,0.0,0.2907689034431764,0.0,0.0,0.0,0.0,0.0,0.0,0.0,0.5065642988127217,0.0,0.0,0.0,0.6474595500351468,0.0
295819915825381377,0.0,0.0,0.386126757772308,0.0,0.0,0.0,0.0,0.0,0.0,0.9224457311583404,0.0,0.0,0.0,0.0,0.0,0.0,0.0,0.0,0.0,0.0
295820335285166080,0.0,0.0,0.38679428007234457,0.0,0.0,0.0,0.37778904975995076,0.8412286364507512,0.0,0.0,0.0,0.0,0.0,0.0,0.0,0.0,0.0,0.0,0.0,0.0
295820465283420160,0.0,0.0,0.30510051461683235,0.0,0.5892982797490648,0.0,0.0,0.0,0.0,0.0,0.0,0.0,0.0,0.0,0.0,0.0,0.3454503385457864,0.0,0.6635550294165047,0.0
295821224456617984,0.0,0.8236354184193563,0.0,0.0,0.0,0.0,0.0,0.0,0.0,0.0,0.0,0.0,0.0,0.0,0.0,0.0,0.5671196500961431,0.0,0.0,0.0
295821396423098368,0.5067683020742503,0.0,0.23556037113363223,0.0,0.0,0.0,0.0,0.0,0.0,0.5627469591486493,0.0,0.0,0.4087590220339958,0.0,0.0,0.0,0.4515851209228741,0.0,0.0,0.0
295821572596449280,0.0,0.0,0.0,0.0,0.0,0.0,0.4543987839302047,0.0,0.0,0.0,0.7183651902523187,0.0,0.0,0.0,0.0,0.0,0.5267572482619495,0.0,0.0,0.0
295822226903662592,0.0,0.0,0.4394844796749669,0.0,0.0,0.0,0.0,0.0,0.0,0.0,0.0,0.0,0.0,0.0,0.7478241488326595,0.0,0.49760670669468676,0.0,0.0,0.0
295827507549200385,0.0,0.0,0.0,0.0,0.0,0.0,0.0,0.0,0.0,0.0,1.0,0.0,0.0,0.0,0.0,0.0,0.0,0.0,0.0,0.0
295828652577394688,0.0,0.6423471179043676,0.0,0.0,0.0,0.0,0.38153650868015415,0.0,0.0,0.0,0.0,0.0,0.0,0.0,0.6646954736299255,0.0,0.0,0.0,0.0,0.0
295830867174113280,0.0,0.0,0.0,0.0,0.5330609546767224,0.0,0.26955907798608086,0.0,0.0,0.0,0.0,0.0,0.0,0.0,0.46961350994436024,0.6501131235040356,0.0,0.0,0.0,0.0
295830980411928576,0.0,0.0,0.33207529828772414,0.0,0.0,0.0,0.32434401916545147,0.7222217720626837,0.0,0.0,0.5127598516433958,0.0,0.0,0.0,0.0,0.0,0.0,0.0,0.0,0.0
295831487931105280,0.0,0.0,0.0,0.0,0.0,0.0,0.3051214894929867,0.0,0.0,0.0,0.48237069420363465,0.7410191004981437,0.0,0.0,0.0,0.0,0.35370903680851445,0.0,0.0,0.0
295837972304117761,0.0,0.0,0.43465415167732807,0.0,0.0,0.0,0.0,0.0,0.0,0.0,0.0,0.0,0.7542389456580116,0.0,0.0,0.0,0.4921375633726339,0.0,0.0,0.0
295838899274657794,0.0,0.0,0.0,0.0,0.0,0.0,0.49782048134618867,0.0,0.0,0.0,0.0,0.0,0.0,0.0,0.8672800979800293,0.0,0.0,0.0,0.0,0.0
295841675891339264,0.0,0.0,0.5435852852294668,0.0,0.0,0.0,0.0,0.0,0.0,0.0,0.8393539406484007,0.0,0.0,0.0,0.0,0.0,0.0,0.0,0.0,0.0
295844821615116288,0.0,0.0,0.7153854376072591,0.0,0.0,0.0,0.6987300449096705,0.0,0.0,0.0,0.0,0.0,0.0,0.0,0.0,0.0,0.0,0.0,0.0,0.0
295850379076313089,0.0,0.0,0.41775326583198785,0.0,0.0,0.0,0.0,0.9085605147081336,0.0,0.0,0.0,0.0,0.0,0.0,0.0,0.0,0.0,0.0,0.0,0.0
295850836255469568,0.0,0.8597707627255046,0.0,0.0,0.0,0.0,0.51068016954098,0.0,0.0,0.0,0.0,0.0,0.0,0.0,0.0,0.0,0.0,0.0,0.0,0.0
295852413322145792,0.0,0.0,0.34491377873028095,0.0,0.6661971603776852,0.0,0.0,0.0,0.0,0.0,0.0,0.0,0.0,0.0,0.0,0.0,0.661222979596677,0.0,0.0,0.0
295853344457641984,0.0,0.0,0.0,0.0,0.0,0.0,0.32326660681395847,0.0,0.7964420240186876,0.0,0.5110565558683363,0.0,0.0,0.0,0.0,0.0,0.0,0.0,0.0,0.0
295854833422983169,0.0,0.0,0.41775326583198785,0.0,0.0,0.0,0.0,0.9085605147081336,0.0,0.0,0.0,0.0,0.0,0.0,0.0,0.0,0.0,0.0,0.0,0.0
295861389124308993,0.8183920050453729,0.0,0.38041196272974426,0.0,0.0,0.0,0.0,0.0,0.0,0.0,0.0,0.0,0.0,0.0,0.0,0.0,0.43072179500220076,0.0,0.0,0.0
295863230407000064,0.0,0.0,0.0,0.0,0.0,0.0,0.49782048134618867,0.0,0.0,0.0,0.0,0.0,0.0,0.0,0.8672800979800293,0.0,0.0,0.0,0.0,0.0
295865730233163776,0.0,0.0,0.20797672574516476,0.0,0.0,0.0,0.0,0.4523230730800199,0.0,0.0,0.0,0.0,0.0,0.4654762945340805,0.0,0.0,0.23548183918516283,0.4899130748145852,0.0,0.4899130748145852
295866002850336769,0.0,0.0,0.37763911618470497,0.0,0.0,0.0,0.0,0.0,0.0,0.0,0.0,0.0,0.0,0.0,0.0,0.0,0.4275822369489399,0.0,0.8213173129631295,0.0
295867034665893889,0.0,0.537335389446788,0.0,0.0,0.0,0.0,0.31916243221992746,0.0,0.0,0.7806446189576464,0.0,0.0,0.0,0.0,0.0,0.0,0.0,0.0,0.0,0.0
295867311460585472,0.5577976947779407,0.0,0.0,0.0,0.0,0.0,0.2532438021570519,0.0,0.0,0.0,0.4003565558501013,0.6150287703202295,0.0,0.0,0.0,0.0,0.2935703463153018,0.0,0.0,0.0
295869773512855552,0.0,0.0,0.5435852852294668,0.0,0.0,0.0,0.0,0.0,0.0,0.0,0.8393539406484007,0.0,0.0,0.0,0.0,0.0,0.0,0.0,0.0,0.0
295871304458969088,0.0,0.0,0.3543060809271505,0.0,0.0,0.0,0.34605723128223365,0.0,0.0,0.0,0.0,0.0,0.0,0.0,0.0,0.0,0.4011633862985376,0.0,0.7705709124985243,0.0
295871564518412288,0.0,0.0,0.3106420014662069,0.6994436414630966,0.0,0.0,0.0,0.0,0.0,0.0,0.0,0.0,0.5390453415866626,0.0,0.0,0.0,0.35172469213239893,0.0,0.0,0.0
295874102034591744,0.0,0.0,0.66197704086898,0.0,0.0,0.0,0.0,0.0,0.0,0.0,0.0,0.0,0.0,0.0,0.0,0.0,0.7495241139298647,0.0,0.0,0.0
295874181747339264,0.0,0.0,0.7153854376072591,0.0,0.0,0.0,0.6987300449096705,0.0,0.0,0.0,0.0,0.0,0.0,0.0,0.0,0.0,0.0,0.0,0.0,0.0
295874710212853760,0.0,0.5349575607776927,0.0,0.0,0.0,0.0,0.31775006743559403,0.0,0.7828507538550733,0.0,0.0,0.0,0.0,0.0,0.0,0.0,0.0,0.0,0.0,0.0
295879093273100290,0.0,0.0,0.0,0.0,0.0,0.0,0.3262091135019859,0.0,0.0,0.0,0.515708404534129,0.7922325768113249,0.0,0.0,0.0,0.0,0.0,0.0,0.0,0.0
295880330596990976,0.0,0.0,1.0,0.0,0.0,0.0,0.0,0.0,0.0,0.0,0.0,0.0,0.0,0.0,0.0,0.0,0.0,0.0,0.0,0.0
295881282716573696,0.0,0.0,0.0,0.0,0.0,0.0,0.4311731305634819,0.0,0.0,0.0,0.0,0.0,0.0,0.0,0.7511701284572218,0.0,0.4998331417519726,0.0,0.0,0.0
295884822675599360,0.0,0.0,0.4993055051674578,0.0,0.0,0.0,0.0,0.0,0.0,0.0,0.0,0.0,0.8664259994422314,0.0,0.0,0.0,0.0,0.0,0.0,0.0
295889973318664193,0.8536341667916476,0.3853655308638337,0.0,0.0,0.0,0.0,0.22889651889642512,0.0,0.0,0.0,0.0,0.0,0.0,0.0,0.0,0.0,0.26534600156223154,0.0,0.0,0.0
295894972916441089,0.0,0.0,0.262588571244414,0.0,0.0,0.63659107785346,0.0,0.57109692959827,0.0,0.0,0.0,0.0,0.0,0.0,0.4468191343850619,0.0,0.0,0.0,0.0,0.0
295898068325371905,0.0,0.0,0.2790718897231721,0.0,0.0,0.0,0.0,0.0,0.0,0.0,0.0,0.0,0.0,0.6245956064147997,0.0,0.0,0.31597940404838465,0.6573859026712496,0.0,0.0
295905668374863872,0.5577976947779407,0.0,0.0,0.0,0.0,0.0,0.2532438021570519,0.0,0.0,0.0,0.4003565558501013,0.6150287703202295,0.0,0.0,0.0,0.0,0.2935703463153018,0.0,0.0,0.0
295960815104827393,0.5256143121214445,0.0,0.2443205345119147,0.0,0.0,0.5923040430495579,0.23863233590950664,0.0,0.0,0.0,0.0,0.0,0.4239602029377795,0.0,0.0,0.0,0.2766321501188712,0.0,0.0,0.0
295961213555318784,0.0,0.0,0.3543060809271505,0.0,0.0,0.0,0.34605723128223365,0.0,0.0,0.0,0.0,0.0,0.0,0.0,0.0,0.0,0.4011633862985376,0.0,0.7705709124985243,0.0
295978598957989888,0.0,0.0,0.2790718897231721,0.0,0.0,0.0,0.0,0.0,0.0,0.0,0.0,0.0,0.0,0.6245956064147997,0.0,0.0,0.31597940404838465,0.6573859026712496,0.0,0.0
295982407356674049,0.0,0.0,0.0,0.0,0.0,0.0,0.5345768895524551,0.0,0.0,0.0,0.8451198430734083,0.0,0.0,0.0,0.0,0.0,0.0,0.0,0.0,0.0
295984571625918465,0.0,0.8597707627255046,0.0,0.0,0.0,0.0,0.51068016954098,0.0,0.0,0.0,0.0,0.0,0.0,0.0,0.0,0.0,0.0,0.0,0.0,0.0
295992935068098560,0.0,0.0,0.0,0.0,0.0,0.0,0.6969484621039049,0.0,0.0,0.0,0.0,0.0,0.0,0.0,0.7171212179060119,0.0,0.0,0.0,0.0,0.0
296001357226328065,0.0,0.0,0.4993055051674578,0.0,0.0,0.0,0.0,0.0,0.0,0.0,0.0,0.0,0.8664259994422314,0.0,0.0,0.0,0.0,0.0,0.0,0.0
296002955251945472,0.0,0.0,0.2516993959625521,0.0,0.0,0.6101925495520758,0.0,0.5474143506503069,0.0,0.0,0.0,0.0,0.0,0.0,0.42829017918129564,0.0,0.28498687278922263,0.0,0.0,0.0
296003387294625792,0.0,0.0,0.37763911618470497,0.0,0.0,0.0,0.0,0.8213173129631295,0.0,0.0,0.0,0.0,0.0,0.0,0.0,0.0,0.4275822369489399,0.0,0.0,0.0
296003919975424001,0.0,0.0,0.41775326583198785,0.0,0.0,0.0,0.0,0.9085605147081336,0.0,0.0,0.0,0.0,0.0,0.0,0.0,0.0,0.0,0.0,0.0,0.0
296008416244154369,0.0,0.0,0.0,0.0,0.0,0.0,0.0,0.0,0.7035938827516487,0.0,0.0,0.0,0.5073697039822075,0.0,0.49752550852741856,0.0,0.0,0.0,0.0,0.0
296013650722967552,0.0,0.5419339814837798,0.0,0.0,0.0,0.0,0.3218938693225991,0.0,0.0,0.0,0.0,0.0,0.0,0.0,0.0,0.0,0.0,0.0,0.0,0.7763323364421088
296016486089244675,0.7622093023343549,0.0,0.0,0.0,0.0,0.0,0.3460480091074401,0.0,0.0,0.0,0.5470719832231887,0.0,0.0,0.0,0.0,0.0,0.0,0.0,0.0,0.0
296017710838591488,0.0,0.0,0.43465415167732807,0.0,0.0,0.0,0.0,0.0,0.0,0.0,0.0,0.0,0.7542389456580116,0.0,0.0,0.0,0.4921375633726339,0.0,0.0,0.0
296019220767051776,0.0,0.0,0.3018245718475772,0.0,0.0,0.0,0.29479758121338606,0.0,0.0,0.0,0.0,0.0,0.5237447887372192,0.0,0.0,0.0,0.3417411493295143,0.0,0.6564302682427983,0.0
296019870909353984,0.0,0.0,0.0,0.0,0.0,0.0,0.29886654489540226,0.0,0.0,0.0,0.0,0.0,0.0,0.0,0.5206716397825075,0.7207958435843956,0.34645805480597325,0.0,0.0,0.0
296020902691368961,0.0,0.0,0.0,0.0,0.0,0.0,0.29886654489540226,0.0,0.0,0.0,0.0,0.0,0.0,0.0,0.5206716397825075,0.7207958435843956,0.34645805480597325,0.0,0.0,0.0
296023016624771072,0.0,0.0,0.25856065775191095,0.5821769340382118,0.0,0.6268262439174609,0.0,0.0,0.0,0.0,0.0,0.0,0.44867055137717105,0.0,0.0,0.0,0.0,0.0,0.0,0.0
296025365418229762,0.0,0.0,0.0,0.0,0.5420834150874527,0.0,0.27412156955134165,0.0,0.0,0.0,0.43336250101686097,0.6657325881359906,0.0,0.0,0.0,0.0,0.0,0.0,0.0,0.0
296025919095721984,0.0,0.0,0.41775326583198785,0.0,0.0,0.0,0.0,0.9085605147081336,0.0,0.0,0.0,0.0,0.0,0.0,0.0,0.0,0.0,0.0,0.0,0.0
296033556910702595,0.0,0.0,0.4078188860836885,0.0,0.7876976815988584,0.0,0.0,0.0,0.0,0.0,0.0,0.0,0.0,0.0,0.0,0.0,0.4617533092000996,0.0,0.0,0.0
296034718737113088,0.5800212072664361,0.0,0.0,0.0,0.0,0.0,0.2633334221977224,0.0,0.648782767369542,0.0,0.4163073727897944,0.0,0.0,0.0,0.0,0.0,0.0,0.0,0.0,0.0
296034974572871680,0.0,0.0,0.33184578983470314,0.7471862354435413,0.0,0.0,0.0,0.0,0.0,0.0,0.0,0.0,0.5758394753164209,0.0,0.0,0.0,0.0,0.0,0.0,0.0
296036442591883264,0.0,0.6918708637661163,0.0,0.0,0.0,0.0,0.41095225067725283,0.0,0.0,0.5936606400417909,0.0,0.0,0.0,0.0,0.0,0.0,0.0,0.0,0.0,0.0
296039252788129792,0.0,0.0,0.2663731306000509,0.5997675509925937,0.5144967645535489,0.0,0.0,0.0,0.0,0.0,0.0,0.0,0.46222724066962095,0.0,0.0,0.0,0.3016012223409469,0.0,0.0,0.0
296040611746824192,0.0,0.0,0.0,0.0,0.0,0.0,0.49782048134618867,0.0,0.0,0.0,0.0,0.0,0.0,0.0,0.8672800979800293,0.0,0.0,0.0,0.0,0.0
296044462113693696,0.0,0.0,0.5559013191793156,0.0,0.0,0.0,0.5429589886742292,0.0,0.0,0.0,0.0,0.0,0.0,0.0,0.0,0.0,0.6294197803950515,0.0,0.0,0.0
296045531627663360,0.7473594567981009,0.5712488293088653,0.0,0.0,0.0,0.0,0.3393060820965316,0.0,0.0,0.0,0.0,0.0,0.0,0.0,0.0,0.0,0.0,0.0,0.0,0.0
296050417996005376,0.0,0.5349575607776927,0.0,0.0,0.0,0.0,0.31775006743559403,0.0,0.7828507538550733,0.0,0.0,0.0,0.0,0.0,0.0,0.0,0.0,0.0,0.0,0.0
296052393538379777,0.0,0.5419339814837798,0.0,0.0,0.0,0.0,0.3218938693225991,0.0,0.0,0.0,0.0,0.0,0.0,0.0,0.0,0.0,0.0,0.0,0.0,0.7763323364421088
296053110743367681,0.0,0.0,0.0,0.0,0.0,0.0,0.2966765341151725,0.0,0.0,0.7256459925973509,0.0,0.0,0.0,0.0,0.5168563030592799,0.0,0.34391930669956317,0.0,0.0,0.0
296055124021874688,0.0,0.7610946205690283,0.0,0.0,0.0,0.0,0.45206925696891836,0.0,0.0,0.0,0.0,0.0,0.0,0.0,0.46515413084746116,0.0,0.0,0.0,0.0,0.0
296056105497411584,0.0,0.8597707627255046,0.0,0.0,0.0,0.0,0.51068016954098,0.0,0.0,0.0,0.0,0.0,0.0,0.0,0.0,0.0,0.0,0.0,0.0,0.0
296056499749408768,0.0,0.0,0.4597689168739482,0.0,0.8880385932359902,0.0,0.0,0.0,0.0,0.0,0.0,0.0,0.0,0.0,0.0,0.0,0.0,0.0,0.0,0.0
296056696885882882,0.0,0.0,0.0,0.0,0.0,0.0,0.5345768895524551,0.0,0.0,0.0,0.8451198430734083,0.0,0.0,0.0,0.0,0.0,0.0,0.0,0.0,0.0
296056986305458176,0.0,0.0,0.3118979353515546,0.0,0.6024274229454737,0.0,0.0,0.0,0.0,0.0,0.0,0.0,0.0,0.0,0.0,0.0,0.0,0.0,0.0,0.7347114249871938
296057766416613377,0.0,0.49929557357609533,0.0,0.0,0.0,0.0,0.2965678285646795,0.0,0.0,0.0,0.0,0.0,0.5268898546539734,0.0,0.5166669212157937,0.0,0.3437932908767364,0.0,0.0,0.0
296062078182113280,0.6277909788077141,0.0,0.2918151655440834,0.0,0.5636377745078034,0.0,0.0,0.0,0.0,0.0,0.45059389169630565,0.0,0.0,0.0,0.0,0.0,0.0,0.0,0.0,0.0
296065219703230464,0.9105512424221036,0.0,0.0,0.0,0.0,0.0,0.41339622025795475,0.0,0.0,0.0,0.0,0.0,0.0,0.0,0.0,0.0,0.0,0.0,0.0,0.0
296065391694839808,0.8183920050453729,0.0,0.38041196272974426,0.0,0.0,0.0,0.0,0.0,0.0,0.0,0.0,0.0,0.0,0.0,0.0,0.0,0.43072179500220076,0.0,0.0,0.0
296067899850903552,0.0,0.0,0.7153854376072591,0.0,0.0,0.0,0.6987300449096705,0.0,0.0,0.0,0.0,0.0,0.0,0.0,0.0,0.0,0.0,0.0,0.0,0.0
296068231221895168,0.0,0.0,0.29533193362023863,0.6649713886618409,0.0,0.0,0.0,0.0,0.0,0.0,0.4560241585252198,0.0,0.5124783586519911,0.0,0.0,0.0,0.0,0.0,0.0,0.0
296070227714789377,0.0,0.0,0.5559013191793156,0.0,0.0,0.0,0.5429589886742292,0.0,0.0,0.0,0.0,0.0,0.0,0.0,0.0,0.0,0.6294197803950515,0.0,0.0,0.0
296071582466584576,0.0,0.0,0.0,0.0,0.0,0.0,0.33345631937926135,0.7425122698647346,0.0,0.0,0.0,0.0,0.0,0.0,0.580932364536833,0.0,0.0,0.0,0.0,0.0
296071611822505984,0.0,0.0,0.0,0.0,0.5702631673208614,0.0,0.0,0.6421213259401913,0.0,0.0,0.0,0.0,0.5123281397405279,0.0,0.0,0.0,0.0,0.0,0.0,0.0
296072668774551553,0.0,0.5349575607776927,0.0,0.0,0.0,0.0,0.31775006743559403,0.0,0.7828507538550733,0.0,0.0,0.0,0.0,0.0,0.0,0.0,0.0,0.0,0.0,0.0
296074329748295681,0.0,0.8597707627255046,0.0,0.0,0.0,0.0,0.51068016954098,0.0,0.0,0.0,0.0,0.0,0.0,0.0,0.0,0.0,0.0,0.0,0.0,0.0
296075009196163073,0.0,0.5156633977511195,0.0,0.0,0.0,0.0,0.5185938224291071,0.6820203131565351,0.0,0.0,0.0,0.0,0.0,0.0,0.0,0.0,0.0,0.0,0.0,0.0
296080860258635776,0.0,0.7051004617496657,0.0,0.0,0.0,0.0,0.7091074240482949,0.0,0.0,0.0,0.0,0.0,0.0,0.0,0.0,0.0,0.0,0.0,0.0,0.0
296081900446031872,0.0,0.5156633977511195,0.0,0.0,0.0,0.0,0.5185938224291071,0.6820203131565351,0.0,0.0,0.0,0.0,0.0,0.0,0.0,0.0,0.0,0.0,0.0,0.0
296082919657725953,0.0,0.7398454355995604,0.0,0.0,0.0,0.0,0.4394478259395406,0.0,0.0,0.0,0.0,0.0,0.0,0.0,0.0,0.0,0.5094254996557475,0.0,0.0,0.0
296083901133254656,0.0,0.0,0.0,0.0,0.0,0.0,0.0,0.0,0.0,0.0,0.0,0.0,0.5776766051209209,0.0,0.0,0.0,0.3769314200734622,0.0,0.7240251683866873,0.0
296084047942279170,0.0,0.8597707627255046,0.0,0.0,0.0,0.0,0.51068016954098,0.0,0.0,0.0,0.0,0.0,0.0,0.0,0.0,0.0,0.0,0.0,0.0,0.0
296084152812457984,0.0,0.0,0.41941983425252494,0.0,0.8101047850674942,0.0,0.4096550254132536,0.0,0.0,0.0,0.0,0.0,0.0,0.0,0.0,0.0,0.0,0.0,0.0,0.0
296085503378350080,0.0,0.7398454355995604,0.0,0.0,0.0,0.0,0.4394478259395406,0.0,0.0,0.0,0.0,0.0,0.0,0.0,0.0,0.0,0.5094254996557475,0.0,0.0,0.0
296086459662888960,0.0,0.0,0.66197704086898,0.0,0.0,0.0,0.0,0.0,0.0,0.0,0.0,0.0,0.0,0.0,0.0,0.0,0.7495241139298647,0.0,0.0,0.0
296086623228157953,0.0,0.0,0.0,0.0,0.0,0.0,0.0,0.0,0.0,0.0,0.0,0.0,0.8374873201877249,0.0,0.0,0.0,0.5464567581472327,0.0,0.0,0.0
296087323702075392,0.0,0.9436198734742536,0.0,0.0,0.0,0.0,0.33103101725432554,0.0,0.0,0.0,0.0,0.0,0.0,0.0,0.0,0.0,0.0,0.0,0.0,0.0
296088967873433600,0.0,0.4813796550391076,0.0,0.0,0.0,0.0,0.28592626605451965,0.0,0.0,0.0,0.4520247055589376,0.6944015147297028,0.0,0.0,0.0,0.0,0.0,0.0,0.0,0.0
296090280657047552,0.0,0.7398454355995604,0.0,0.0,0.0,0.0,0.4394478259395406,0.0,0.0,0.0,0.0,0.0,0.0,0.0,0.0,0.0,0.5094254996557475,0.0,0.0,0.0
296091685765648384,0.0,0.0,0.0,0.0,0.0,0.0,0.3262091135019859,0.0,0.0,0.0,0.515708404534129,0.7922325768113249,0.0,0.0,0.0,0.0,0.0,0.0,0.0,0.0
296092658839994370,0.0,0.0,0.66197704086898,0.0,0.0,0.0,0.0,0.0,0.0,0.0,0.0,0.0,0.0,0.0,0.0,0.0,0.7495241139298647,0.0,0.0,0.0
296094542103449602,0.0,0.0,0.2614453705717803,0.5886721730264405,0.0,0.0,0.0,0.0,0.0,0.0,0.0,0.0,0.45367628466509236,0.0,0.0,0.0,0.0,0.0,0.0,0.6158646114556278
296096295297376257,0.0,0.8597707627255046,0.0,0.0,0.0,0.0,0.51068016954098,0.0,0.0,0.0,0.0,0.0,0.0,0.0,0.0,0.0,0.0,0.0,0.0,0.0
296097197081100288,0.0,0.4413253890872698,0.0,0.0,0.0,0.0,0.44383336389572814,0.0,0.0,0.0,0.0,0.0,0.0,0.0,0.45667985478211076,0.6322083171519988,0.0,0.0,0.0,0.0
296097553617936384,0.0,0.7398454355995604,0.0,0.0,0.0,0.0,0.4394478259395406,0.0,0.0,0.0,0.0,0.0,0.0,0.0,0.0,0.0,0.5094254996557475,0.0,0.0,0.0
296098635744178176,0.0,0.7398454355995604,0.0,0.0,0.0,0.0,0.4394478259395406,0.0,0.0,0.0,0.0,0.0,0.0,0.0,0.0,0.0,0.5094254996557475,0.0,0.0,0.0
296099508134215680,0.0,0.7398454355995604,0.0,0.0,0.0,0.0,0.4394478259395406,0.0,0.0,0.0,0.0,0.0,0.0,0.0,0.0,0.0,0.5094254996557475,0.0,0.0,0.0
296106462298648577,0.0,0.0,0.66197704086898,0.0,0.0,0.0,0.0,0.0,0.0,0.0,0.0,0.0,0.0,0.0,0.0,0.0,0.7495241139298647,0.0,0.0,0.0
296108551070416897,0.0,0.0,0.2496342894599458,0.5620782625330579,0.0,0.0,0.2438223775825594,0.0,0.0,0.0,0.0,0.0,0.43318096135920897,0.0,0.0,0.0,0.2826486540505411,0.0,0.5429230052069663,0.0
296108676912136193,0.0,0.7398454355995604,0.0,0.0,0.0,0.0,0.4394478259395406,0.0,0.0,0.0,0.0,0.0,0.0,0.0,0.0,0.0,0.5094254996557475,0.0,0.0,0.0
296109159252905984,0.0,0.0,0.66197704086898,0.0,0.0,0.0,0.0,0.0,0.0,0.0,0.0,0.0,0.0,0.0,0.0,0.0,0.7495241139298647,0.0,0.0,0.0
296109356372611072,0.0,0.6747004548866453,0.4103061265708053,0.0,0.0,0.0,0.4007535003849547,0.0,0.0,0.0,0.0,0.0,0.0,0.0,0.0,0.0,0.4645694895313532,0.0,0.0,0.0
296112078480109568,0.0,0.0,0.24814547685988156,0.5587260419655556,0.0,0.6015768158914238,0.0,0.0,0.0,0.0,0.0,0.0,0.4305974810417624,0.0,0.0,0.0,0.2809629446135402,0.0,0.0,0.0
296115220009603074,0.0,0.7398454355995604,0.0,0.0,0.0,0.0,0.4394478259395406,0.0,0.0,0.0,0.0,0.0,0.0,0.0,0.0,0.0,0.5094254996557475,0.0,0.0,0.0
296116323119931393,0.0,0.0,0.0,0.0,0.0,0.0,0.0,0.0,0.0,0.0,0.0,0.0,1.0,0.0,0.0,0.0,0.0,0.0,0.0,0.0
296116331495960577,0.0,0.6072374480069745,0.0,0.0,0.0,0.0,0.36068233108647746,0.0,0.0,0.0,0.0,0.0,0.0,0.0,0.0,0.0,0.7079342750425364,0.0,0.0,0.0
296117916938670080,0.0,0.0,0.25856065775191095,0.5821769340382118,0.0,0.6268262439174609,0.0,0.0,0.0,0.0,0.0,0.0,0.44867055137717105,0.0,0.0,0.0,0.0,0.0,0.0,0.0
296118118265262080,0.0,0.7398454355995604,0.0,0.0,0.0,0.0,0.4394478259395406,0.0,0.0,0.0,0.0,0.0,0.0,0.0,0.0,0.0,0.5094254996557475,0.0,0.0,0.0
296118856487936000,0.0,0.7398454355995604,0.0,0.0,0.0,0.0,0.4394478259395406,0.0,0.0,0.0,0.0,0.0,0.0,0.0,0.0,0.0,0.5094254996557475,0.0,0.0,0.0
296121570177449985,0.5754086018054286,0.0,0.0,0.0,0.0,0.0,0.2612392691459408,0.0,0.0,0.0,0.41299669787458254,0.0,0.0,0.0,0.0,0.0,0.302839011502318,0.0,0.5817054631696407,0.0
296123566682939393,0.0,0.0,0.0,0.0,0.5087983741870694,0.0,0.25728993921503684,0.0,0.0,0.0,0.0,0.0,0.0,0.0,0.44823877693476766,0.6205228452290826,0.29826079025601937,0.0,0.0,0.0
296140272579014656,0.0,0.0,0.0,0.0,0.0,0.0,0.48934439106131067,0.0,0.7120544840811354,0.0,0.0,0.0,0.0,0.0,0.5035081713704189,0.0,0.0,0.0,0.0,0.0
296141530878595072,0.0,0.537335389446788,0.0,0.0,0.0,0.0,0.31916243221992746,0.0,0.0,0.7806446189576464,0.0,0.0,0.0,0.0,0.0,0.0,0.0,0.0,0.0,0.0
296143556727435264,0.0,0.0,0.0,0.0,0.0,0.0,0.3145793938016658,0.0,0.7750390663090045,0.0,0.0,0.0,0.0,0.0,0.5480458472520733,0.0,0.0,0.0,0.0,0.0
296145469317451778,0.0,0.8597707627255046,0.0,0.0,0.0,0.0,0.51068016954098,0.0,0.0,0.0,0.0,0.0,0.0,0.0,0.0,0.0,0.0,0.0,0.0,0.0
296145754542718976,0.6048220211009931,0.0,0.0,0.0,0.5430159869358202,0.0,0.0,0.0,0.0,0.0,0.0,0.0,0.48784909560828016,0.0,0.0,0.0,0.3183193689325394,0.0,0.0,0.0
296147218333831168,0.0,0.0,0.31658006966491814,0.0,0.6114709137435289,0.0,0.3092095458838709,0.0,0.0,0.0,0.0,0.0,0.549349447230559,0.0,0.0,0.0,0.3584480753168847,0.0,0.0,0.0
296149839811575808,0.0,0.8597707627255046,0.0,0.0,0.0,0.0,0.51068016954098,0.0,0.0,0.0,0.0,0.0,0.0,0.0,0.0,0.0,0.0,0.0,0.0,0.0
296152033415811072,0.0,0.7398454355995604,0.0,0.0,0.0,0.0,0.4394478259395406,0.0,0.0,0.0,0.0,0.0,0.0,0.0,0.0,0.0,0.5094254996557475,0.0,0.0,0.0
296153350410477569,0.0,0.5349575607776927,0.0,0.0,0.0,0.0,0.31775006743559403,0.0,0.7828507538550733,0.0,0.0,0.0,0.0,0.0,0.0,0.0,0.0,0.0,0.0,0.0
296162330415337472,0.0,0.4907090400771713,0.0,0.0,0.0,0.0,0.4934976535157536,0.0,0.7180979765749144,0.0,0.0,0.0,0.0,0.0,0.0,0.0,0.0,0.0,0.0,0.0
296162343010832384,0.0,0.8597707627255046,0.0,0.0,0.0,0.0,0.51068016954098,0.0,0.0,0.0,0.0,0.0,0.0,0.0,0.0,0.0,0.0,0.0,0.0,0.0
296171822137876482,0.0,0.8597707627255046,0.0,0.0,0.0,0.0,0.51068016954098,0.0,0.0,0.0,0.0,0.0,0.0,0.0,0.0,0.0,0.0,0.0,0.0,0.0
296172052812017664,0.0,0.8597707627255046,0.0,0.0,0.0,0.0,0.51068016954098,0.0,0.0,0.0,0.0,0.0,0.0,0.0,0.0,0.0,0.0,0.0,0.0,0.0
296182224003407873,0.0,0.7398454355995604,0.0,0.0,0.0,0.0,0.4394478259395406,0.0,0.0,0.0,0.0,0.0,0.0,0.0,0.0,0.0,0.5094254996557475,0.0,0.0,0.0
296185784984285184,0.0,0.0,0.3520407690150674,0.0,0.6799628635259987,0.0,0.3438446596937508,0.0,0.0,0.0,0.5435886783008754,0.0,0.0,0.0,0.0,0.0,0.0,0.0,0.0,0.0
296189526282485761,0.0,0.0,0.0,0.0,0.0,0.0,0.39119878621384574,0.0,0.0,0.0,0.6184514581098668,0.0,0.0,0.0,0.6815286520951217,0.0,0.0,0.0,0.0,0.0
296190683935547392,0.0,0.0,0.66197704086898,0.0,0.0,0.0,0.0,0.0,0.0,0.0,0.0,0.0,0.0,0.0,0.0,0.0,0.7495241139298647,0.0,0.0,0.0
296190734246223872,0.0,0.0,0.20810532674990265,0.4685713678858522,0.40195314391504755,0.0,0.0,0.4526027639995486,0.0,0.0,0.0,0.0,0.3611173196619666,0.0,0.0,0.0,0.0,0.0,0.0,0.49021600925799297
296192277766893568,0.0,0.8597707627255046,0.0,0.0,0.0,0.0,0.51068016954098,0.0,0.0,0.0,0.0,0.0,0.0,0.0,0.0,0.0,0.0,0.0,0.0,0.0
296192747503767552,0.0,0.0,0.4597689168739482,0.0,0.8880385932359902,0.0,0.0,0.0,0.0,0.0,0.0,0.0,0.0,0.0,0.0,0.0,0.0,0.0,0.0,0.0
296196040065949696,0.0,0.0,0.4597689168739482,0.0,0.8880385932359902,0.0,0.0,0.0,0.0,0.0,0.0,0.0,0.0,0.0,0.0,0.0,0.0,0.0,0.0,0.0
296199684903538689,0.0,0.0,0.0,0.0,0.0,0.0,0.3185988143775106,0.0,0.0,0.0,0.0,0.0,0.0,0.0,0.5550482981384148,0.7683854385729169,0.0,0.0,0.0,0.0
296199907214245888,0.0,0.8597707627255046,0.0,0.0,0.0,0.0,0.51068016954098,0.0,0.0,0.0,0.0,0.0,0.0,0.0,0.0,0.0,0.0,0.0,0.0,0.0
296199919776178176,0.0,0.8597707627255046,0.0,0.0,0.0,0.0,0.51068016954098,0.0,0.0,0.0,0.0,0.0,0.0,0.0,0.0,0.0,0.0,0.0,0.0,0.0
296203128414556160,0.0,0.0,0.2785390705091718,0.0,0.0,0.6752597277156122,0.0,0.0,0.0,0.0,0.0,0.0,0.0,0.0,0.0,0.0,0.31537611900282764,0.0,0.6057872480401335,0.0
296204688691429376,0.0,0.0,0.0,0.0,0.0,0.0,0.0,0.0,0.0,0.0,0.0,0.0,1.0,0.0,0.0,0.0,0.0,0.0,0.0,0.0
296205217194704896,0.0,0.0,0.0,0.0,0.0,0.0,0.5345768895524551,0.0,0.0,0.0,0.8451198430734083,0.0,0.0,0.0,0.0,0.0,0.0,0.0,0.0,0.0
296205569495281664,0.0,0.0,0.0,0.0,0.0,0.0,0.5865438623584616,0.0,0.0,0.0,0.4418515697456607,0.678773517340588,0.0,0.0,0.0,0.0,0.0,0.0,0.0,0.0
296207368847499264,0.0,0.0,0.0,0.0,0.0,0.0,0.49782048134618867,0.0,0.0,0.0,0.0,0.0,0.0,0.0,0.8672800979800293,0.0,0.0,0.0,0.0,0.0
296208014778699777,0.0,0.0,0.3106420014662069,0.6994436414630966,0.0,0.0,0.0,0.0,0.0,0.0,0.0,0.0,0.5390453415866626,0.0,0.0,0.0,0.35172469213239893,0.0,0.0,0.0
296208031585296384,0.0,0.0,0.0,0.0,0.0,0.0,0.3185988143775106,0.0,0.0,0.0,0.0,0.0,0.0,0.0,0.5550482981384148,0.7683854385729169,0.0,0.0,0.0,0.0
296208207737671680,0.0,0.0,0.0,0.0,0.0,0.0,0.32106625690311397,0.0,0.0,0.0,0.0,0.0,0.0,0.0,0.9470567346670545,0.0,0.0,0.0,0.0,0.0
296212678848954371,0.0,0.0,0.38132440966887227,0.0,0.0,0.9244412878007374,0.0,0.0,0.0,0.0,0.0,0.0,0.0,0.0,0.0,0.0,0.0,0.0,0.0,0.0
296218307621699584,0.0,0.0,0.0,0.0,0.0,0.0,0.19998516719510612,0.0,0.0,0.4891469950154658,0.5353041574691173,0.4856846659805476,0.0,0.0,0.0,0.0,0.0,0.0,0.4453100205440336,0.0
296219909829046272,0.0,0.0,0.0,0.0,0.0,0.0,0.3185988143775106,0.0,0.0,0.0,0.0,0.0,0.0,0.0,0.5550482981384148,0.7683854385729169,0.0,0.0,0.0,0.0
296229946794340352,0.0,0.5349575607776927,0.0,0.0,0.0,0.0,0.31775006743559403,0.0,0.7828507538550733,0.0,0.0,0.0,0.0,0.0,0.0,0.0,0.0,0.0,0.0,0.0
296232094303129600,0.0,0.7398454355995604,0.0,0.0,0.0,0.0,0.4394478259395406,0.0,0.0,0.0,0.0,0.0,0.0,0.0,0.0,0.0,0.5094254996557475,0.0,0.0,0.0
296232278848311296,0.0,0.0,0.0,0.0,0.0,0.0,0.5345768895524551,0.0,0.0,0.0,0.8451198430734083,0.0,0.0,0.0,0.0,0.0,0.0,0.0,0.0,0.0
296236150182535168,0.0,0.8597707627255046,0.0,0.0,0.0,0.0,0.51068016954098,0.0,0.0,0.0,0.0,0.0,0.0,0.0,0.0,0.0,0.0,0.0,0.0,0.0
296237152633757696,0.0,0.0,0.66197704086898,0.0,0.0,0.0,0.0,0.0,0.0,0.0,0.0,0.0,0.0,0.0,0.0,0.0,0.7495241139298647,0.0,0.0,0.0
296237634982928384,0.0,0.6049524187980702,0.0,0.0,0.7105758602081802,0.0,0.35932508662737284,0.0,0.0,0.0,0.0,0.0,0.0,0.0,0.0,0.0,0.0,0.0,0.0,0.0
296239358808309760,0.0,0.537335389446788,0.0,0.0,0.0,0.0,0.31916243221992746,0.0,0.0,0.7806446189576464,0.0,0.0,0.0,0.0,0.0,0.0,0.0,0.0,0.0,0.0
296247713882853377,0.0,0.0,1.0,0.0,0.0,0.0,0.0,0.0,0.0,0.0,0.0,0.0,0.0,0.0,0.0,0.0,0.0,0.0,0.0,0.0
296248775016595456,0.0,0.8597707627255046,0.0,0.0,0.0,0.0,0.51068016954098,0.0,0.0,0.0,0.0,0.0,0.0,0.0,0.0,0.0,0.0,0.0,0.0,0.0
296249743930171392,0.0,0.0,0.0,0.0,0.0,0.0,0.30270946733072296,0.0,0.7457947581614843,0.0,0.47855749570758954,0.0,0.0,0.0,0.0,0.0,0.3509129242266286,0.0,0.0,0.0
296253212598620161,0.0,0.0,0.0,0.0,0.0,0.0,0.3185988143775106,0.0,0.0,0.0,0.0,0.0,0.0,0.0,0.5550482981384148,0.7683854385729169,0.0,0.0,0.0,0.0
296253388776153088,0.0,0.0,0.2496342894599458,0.5620782625330579,0.0,0.0,0.2438223775825594,0.0,0.0,0.0,0.0,0.0,0.43318096135920897,0.0,0.0,0.0,0.2826486540505411,0.0,0.5429230052069663,0.0
296258514194661376,0.0,0.0,0.66197704086898,0.0,0.0,0.0,0.0,0.0,0.0,0.0,0.0,0.0,0.0,0.0,0.0,0.0,0.7495241139298647,0.0,0.0,0.0
296261118857457665,0.0,0.0,0.0,0.0,0.0,0.0,0.5345768895524551,0.0,0.0,0.0,0.8451198430734083,0.0,0.0,0.0,0.0,0.0,0.0,0.0,0.0,0.0
296262976955092993,0.0,0.0,0.0,0.0,0.0,0.0,0.33345631937926135,0.0,0.0,0.0,0.0,0.0,0.0,0.0,0.580932364536833,0.0,0.0,0.0,0.7425122698647346,0.0
296264461730316288,0.0,0.0,0.0,0.0,0.0,0.0,0.25985009253029534,0.5786121624217464,0.0,0.0,0.0,0.0,0.0,0.0,0.45269895907130214,0.6266973331404778,0.0,0.0,0.0,0.0
296264700797259776,0.0,0.0,0.4993055051674578,0.0,0.0,0.0,0.0,0.0,0.0,0.0,0.0,0.0,0.8664259994422314,0.0,0.0,0.0,0.0,0.0,0.0,0.0
296275572458397696,0.0,0.0,0.0,0.0,0.0,0.0,0.3051214894929867,0.0,0.0,0.0,0.48237069420363465,0.7410191004981437,0.0,0.0,0.0,0.0,0.35370903680851445,0.0,0.0,0.0
296297642865070080,0.5919617049545419,0.0,0.0,0.0,0.0,0.0,0.26875448625462417,0.5984397116741595,0.0,0.0,0.0,0.0,0.0,0.0,0.4682117869903253,0.0,0.0,0.0,0.0,0.0
296298095862505472,0.0,0.0,0.0,0.0,0.0,0.0,0.30392986117005616,0.0,0.0,0.7433870240074422,0.48048683285280075,0.0,0.0,0.0,0.0,0.0,0.3523276535862515,0.0,0.0,0.0
296314533323083776,0.0,0.0,0.0,0.0,0.0,0.0,0.0,0.0,0.0,0.0,0.0,0.0,0.6472089165465204,0.0,0.634651503235162,0.0,0.4223009445691882,0.0,0.0,0.0
296337602024460288,0.0,0.0,0.0,0.0,0.4286727498979425,0.0,0.0,0.0,0.0,0.0,0.0,0.0,0.38512238751884637,0.0,0.0,0.0,0.0,0.0,0.8172639843567802,0.0
296339275514011649,0.0,0.0,0.0,0.0,0.0,0.0,0.0,0.0,0.0,0.0,1.0,0.0,0.0,0.0,0.0,0.0,0.0,0.0,0.0,0.0
296349635470053376,0.0,0.0,0.0,0.0,0.0,0.0,0.494606090555786,0.0,0.0,0.0,0.0,0.0,0.0,0.0,0.5089221676052955,0.7045303701793479,0.0,0.0,0.0,0.0
296352634401599488,0.0,0.0,0.0,0.0,0.0,0.0,0.30392986117005616,0.0,0.0,0.7433870240074422,0.48048683285280075,0.0,0.0,0.0,0.0,0.0,0.3523276535862515,0.0,0.0,0.0
296356124070928384,0.0,0.0,0.31511814496198226,0.0,0.0,0.0,0.0,0.0,0.0,0.0,0.48657618947871384,0.0,0.5468126244662562,0.0,0.0,0.0,0.6041027398319089,0.0,0.0,0.0
296371022217744384,0.0,0.9436198734742536,0.0,0.0,0.0,0.0,0.33103101725432554,0.0,0.0,0.0,0.0,0.0,0.0,0.0,0.0,0.0,0.0,0.0,0.0,0.0
296372330844803072,0.0,0.0,0.0,0.0,0.0,0.0,0.3051214894929867,0.0,0.0,0.0,0.48237069420363465,0.7410191004981437,0.0,0.0,0.0,0.0,0.35370903680851445,0.0,0.0,0.0
296372536369897472,0.0,0.8597707627255046,0.0,0.0,0.0,0.0,0.51068016954098,0.0,0.0,0.0,0.0,0.0,0.0,0.0,0.0,0.0,0.0,0.0,0.0,0.0
296377569513730048,0.0,0.0,0.0,0.0,0.0,0.0,0.0,0.0,0.0,0.0,0.0,0.0,0.8374873201877249,0.0,0.0,0.0,0.5464567581472327,0.0,0.0,0.0
296380828496310275,0.0,0.0,0.2590555072167563,0.0,0.5003628556775095,0.6280259029609152,0.0,0.0,0.0,0.0,0.0,0.0,0.4495292449780123,0.0,0.0,0.0,0.2933158365287191,0.0,0.0,0.0
296382481077260290,0.0,0.0,0.2663731306000509,0.5997675509925937,0.5144967645535489,0.0,0.0,0.0,0.0,0.0,0.0,0.0,0.46222724066962095,0.0,0.0,0.0,0.3016012223409469,0.0,0.0,0.0
296383689036808193,0.0,0.0,0.0,0.0,0.0,0.0,0.3262091135019859,0.0,0.0,0.0,0.515708404534129,0.7922325768113249,0.0,0.0,0.0,0.0,0.0,0.0,0.0,0.0
296383793877639168,0.0,0.0,0.0,0.0,0.0,0.0,0.23786105689811382,0.0,0.0,0.0,0.0,0.0,0.0,0.0,0.0,0.0,0.0,0.0,0.0,0.971299190574826
296390274085703680,0.0,0.0,0.4078188860836885,0.0,0.7876976815988584,0.0,0.0,0.0,0.0,0.0,0.0,0.0,0.0,0.0,0.0,0.0,0.4617533092000996,0.0,0.0,0.0
296394933965824000,0.0,0.8597707627255046,0.0,0.0,0.0,0.0,0.51068016954098,0.0,0.0,0.0,0.0,0.0,0.0,0.0,0.0,0.0,0.0,0.0,0.0,0.0
296397890937581569,0.0,0.0,0.33184578983470314,0.7471862354435413,0.0,0.0,0.0,0.0,0.0,0.0,0.0,0.0,0.5758394753164209,0.0,0.0,0.0,0.0,0.0,0.0,0.0
296399086305816576,0.0,0.0,0.3609051496016974,0.0,0.0,0.0,0.0,0.0,0.0,0.0,0.5572762319911012,0.0,0.6262650856265359,0.0,0.0,0.0,0.40863518788029524,0.0,0.0,0.0
296403725214416896,0.0,0.0,0.0,0.0,0.0,0.0,0.3051214894929867,0.0,0.0,0.0,0.48237069420363465,0.7410191004981437,0.0,0.0,0.0,0.0,0.35370903680851445,0.0,0.0,0.0
296407927907041280,0.0,0.0,0.35105353565529107,0.0,0.0,0.0,0.0,0.0,0.0,0.0,0.542064284183919,0.0,0.0,0.0,0.0,0.0,0.0,0.0,0.7634970379222795,0.0
296408888385867777,0.0,0.0,0.0,0.0,0.0,0.0,0.5345768895524551,0.0,0.0,0.0,0.8451198430734083,0.0,0.0,0.0,0.0,0.0,0.0,0.0,0.0,0.0
296412084445511680,0.0,0.0,0.66197704086898,0.0,0.0,0.0,0.0,0.0,0.0,0.0,0.0,0.0,0.0,0.0,0.0,0.0,0.7495241139298647,0.0,0.0,0.0
296422335341285376,0.0,0.0,0.0,0.0,0.0,0.0,0.4543987839302047,0.0,0.0,0.0,0.7183651902523187,0.0,0.0,0.0,0.0,0.0,0.5267572482619495,0.0,0.0,0.0
296425892115267584,0.0,0.7398454355995604,0.0,0.0,0.0,0.0,0.4394478259395406,0.0,0.0,0.0,0.0,0.0,0.0,0.0,0.0,0.0,0.5094254996557475,0.0,0.0,0.0
296429142700871680,0.0,0.0,0.2431992026699405,0.0,0.0,0.0,0.0,0.0,0.0,0.0,0.0,0.0,0.0,0.0,0.0,0.0,0.0,0.0,0.0,0.9699763645680781
296432540066140160,0.0,0.0,0.0,0.0,0.0,0.0,0.0,0.0,0.0,0.0,0.0,0.0,1.0,0.0,0.0,0.0,0.0,0.0,0.0,0.0
296432594621431808,0.0,0.0,0.0,0.0,0.0,0.0,0.5345768895524551,0.0,0.0,0.0,0.8451198430734083,0.0,0.0,0.0,0.0,0.0,0.0,0.0,0.0,0.0
296435312530432000,0.0,0.0,0.0,0.0,0.0,0.0,0.4311731305634819,0.0,0.0,0.0,0.0,0.0,0.0,0.0,0.7511701284572218,0.0,0.4998331417519726,0.0,0.0,0.0
296442681893216256,0.0,0.0,0.0,0.0,0.0,0.7482441972770884,0.3014587908393285,0.0,0.0,0.0,0.4765802843076958,0.0,0.0,0.0,0.0,0.0,0.34946309000529846,0.0,0.0,0.0
296454698574163969,0.0,0.0,0.33289389065114294,0.0,0.6429808790918013,0.0,0.0,0.0,0.0,0.0,0.0,0.0,0.5776582051081053,0.0,0.0,0.0,0.3769194141467924,0.0,0.0,0.0
296456955139076096,0.0,0.5349575607776927,0.0,0.0,0.0,0.0,0.31775006743559403,0.0,0.7828507538550733,0.0,0.0,0.0,0.0,0.0,0.0,0.0,0.0,0.0,0.0,0.0
296459274572410880,0.0,0.5349575607776927,0.0,0.0,0.0,0.0,0.31775006743559403,0.0,0.7828507538550733,0.0,0.0,0.0,0.0,0.0,0.0,0.0,0.0,0.0,0.0,0.0
296460973278121984,0.0,0.5287968215930636,0.0,0.0,0.0,0.0,0.3140907579222876,0.6993906789427516,0.0,0.0,0.0,0.0,0.0,0.0,0.0,0.0,0.36410657158155435,0.0,0.0,0.0
296461413671661568,0.0,0.0,0.0,0.0,0.0,0.0,0.3247541652657267,0.0,0.0,0.7943215303738461,0.5134082571668593,0.0,0.0,0.0,0.0,0.0,0.0,0.0,0.0,0.0
296464945263030272,0.0,0.0,0.0,0.0,0.0,0.0,0.0,0.0,0.0,0.0,1.0,0.0,0.0,0.0,0.0,0.0,0.0,0.0,0.0,0.0
296467038237503489,0.0,0.0,0.2793828257990496,0.6290602691097942,0.5396248473771975,0.0,0.0,0.0,0.0,0.0,0.0,0.0,0.4848024737655405,0.0,0.0,0.0,0.0,0.0,0.0,0.0
296470347543359488,0.0,0.40755133712153574,0.0,0.0,0.0,0.0,0.24207427719233482,0.0,0.5964059486072443,0.0,0.0,0.0,0.0,0.0,0.0,0.0,0.28062218614656503,0.0,0.0,0.5838262455906489
296472562144276480,0.0,0.0,0.3106420014662069,0.6994436414630966,0.0,0.0,0.0,0.0,0.0,0.0,0.0,0.0,0.5390453415866626,0.0,0.0,0.0,0.35172469213239893,0.0,0.0,0.0
296473400967327744,0.0,0.0,0.0,0.0,0.0,0.0,0.0,0.0,0.0,0.0,0.597549562624655,0.0,0.6715241141115174,0.0,0.0,0.0,0.43816650302576204,0.0,0.0,0.0
296474118231044097,0.0,0.0,1.0,0.0,0.0,0.0,0.0,0.0,0.0,0.0,0.0,0.0,0.0,0.0,0.0,0.0,0.0,0.0,0.0,0.0
296479612735737858,0.7622093023343549,0.0,0.0,0.0,0.0,0.0,0.3460480091074401,0.0,0.0,0.0,0.5470719832231887,0.0,0.0,0.0,0.0,0.0,0.0,0.0,0.0,0.0
296483526021357568,0.0,0.0,0.285913034943162,0.0,0.0,0.0,0.27925649201678493,0.0,0.0,0.0,0.0,0.0,0.0,0.0,0.0,0.0,0.0,0.0,0.6218246880066233,0.6735010063107071
296484767535345664,0.0,0.0,0.203814169398968,0.0,0.0,0.0,0.19906902803849166,0.0,0.0,0.0,0.0,0.0,0.0,0.4561600054306973,0.0,0.0,0.23076878093019568,0.4801076950474617,0.443270039517565,0.4801076950474617
296489813308235776,0.0,0.0,0.203814169398968,0.0,0.0,0.0,0.19906902803849166,0.0,0.0,0.0,0.0,0.0,0.0,0.4561600054306973,0.0,0.0,0.23076878093019568,0.4801076950474617,0.443270039517565,0.4801076950474617
296490014618030081,0.0,0.0,0.0,0.0,0.0,0.0,0.5345768895524551,0.0,0.0,0.0,0.8451198430734083,0.0,0.0,0.0,0.0,0.0,0.0,0.0,0.0,0.0
296492808020299778,,,,,,,,,,,,,,,,,,,,
296494401851621376,,,,,,,,,,,,,,,,,,,,
296501607674290177,,,,,,,,,,,,,,,,,,,,
296508205306109953,,,,,,,,,,,,,,,,,,,,
296517831250563072,,,,,,,,,,,,,,,,,,,,
296517957067100160,,,,,,,,,,,,,,,,,,,,
296518422639046656,,,,,,,,,,,,,,,,,,,,
296522960884350976,,,,,,,,,,,,,,,,,,,,
296529797608251392,,,,,,,,,,,,,,,,,,,,
296535896096911360,,,,,,,,,,,,,,,,,,,,
296550219657650176,,,,,,,,,,,,,,,,,,,,
296552539103571968,,,,,,,,,,,,,,,,,,,,
296557899436675073,,,,,,,,,,,,,,,,,,,,
296559522640711680,,,,,,,,,,,,,,,,,,,,
296631933100769280,,,,,,,,,,,,,,,,,,,,
296685565674418176,,,,,,,,,,,,,,,,,,,,
296708378489651201,,,,,,,,,,,,,,,,,,,,
296742583026216960,,,,,,,,,,,,,,,,,,,,
296747838476517376,,,,,,,,,,,,,,,,,,,,
296754062857228288,,,,,,,,,,,,,,,,,,,,
296772240949800960,,,,,,,,,,,,,,,,,,,,
296772391936352257,,,,,,,,,,,,,,,,,,,,
296777190228520960,,,,,,,,,,,,,,,,,,,,
296795217355472896,,,,,,,,,,,,,,,,,,,,
296805908636381184,,,,,,,,,,,,,,,,,,,,
296812128797605889,,,,,,,,,,,,,,,,,,,,
296814351757750272,,,,,,,,,,,,,,,,,,,,
296825210806599682,,,,,,,,,,,,,,,,,,,,
296834455073615872,,,,,,,,,,,,,,,,,,,,
296850326324117506,,,,,,,,,,,,,,,,,,,,
296869808862027776,,,,,,,,,,,,,,,,,,,,
296871822106972162,,,,,,,,,,,,,,,,,,,,
296883322905317376,,,,,,,,,,,,,,,,,,,,
296894114836930561,,,,,,,,,,,,,,,,,,,,
296914260100001792,,,,,,,,,,,,,,,,,,,,
296965606769565696,,,,,,,,,,,,,,,,,,,,
296978021896826880,,,,,,,,,,,,,,,,,,,,
296985009624059906,,,,,,,,,,,,,,,,,,,,
297021063823499264,,,,,,,,,,,,,,,,,,,,
297052474991341568,,,,,,,,,,,,,,,,,,,,
297086625014505473,,,,,,,,,,,,,,,,,,,,
297087958786392065,,,,,,,,,,,,,,,,,,,,
297096016044359681,,,,,,,,,,,,,,,,,,,,
297106476630155264,,,,,,,,,,,,,,,,,,,,
297127733362819072,,,,,,,,,,,,,,,,,,,,
297134637212372993,,,,,,,,,,,,,,,,,,,,
297144766460723200,,,,,,,,,,,,,,,,,,,,
297150625890832387,,,,,,,,,,,,,,,,,,,,
297151141790244865,,,,,,,,,,,,,,,,,,,,
297159652037251072,,,,,,,,,,,,,,,,,,,,
297231802454646784,,,,,,,,,,,,,,,,,,,,
