tweet_id,tfidf_affect,tfidf_amp,tfidf_australia,tfidf_bush,tfidf_bushfir,tfidf_emerg,tfidf_firefight,tfidf_ha,tfidf_home,tfidf_new,tfidf_nsw,tfidf_nswfire,tfidf_nswrf,tfidf_nswrf nswfire,tfidf_rt,tfidf_rt nswrf,tfidf_south,tfidf_sydney,tfidf_thi,tfidf_today
395860881978179585,0.0,0.0,0.8433044958161274,0.0,0.0,0.0,0.0,0.0,0.0,0.0,0.0,0.0,0.0,0.0,0.5374360681386271,0.0,0.0,0.0,0.0,0.0
395910924227596288,0.0,0.656137771984189,0.45866286694064085,0.0,0.0,0.0,0.0,0.0,0.0,0.0,0.0,0.5231342959456832,0.0,0.0,0.2923048187608798,0.0,0.0,0.0,0.0,0.0
396108375261712385,0.0,0.0,0.0,0.0,0.0,0.0,0.0,0.0,0.0,0.0,0.5409102608165488,0.0,0.0,0.0,0.0,0.0,0.0,0.0,0.8410803111138515,0.0
396227879375089664,0.0,0.0,0.0,0.0,0.0,0.0,0.0,0.0,0.0,0.0,0.5241604808125855,0.0,0.0,0.0,0.0,0.0,0.8516195103180287,0.0,0.0,0.0
388929052247347200,0.0,0.0,0.0,0.0,0.0,0.0,0.0,0.8128202744835099,0.0,0.0,0.0,0.0,0.0,0.0,0.0,0.0,0.0,0.582514550366385,0.0,0.0
388945930130841600,0.0,0.8344648282819659,0.0,0.0,0.0,0.0,0.0,0.0,0.0,0.0,0.5510612038243567,0.0,0.0,0.0,0.0,0.0,0.0,0.0,0.0,0.0
388955358901067776,0.0,0.0,0.0,0.0,0.0,0.0,0.0,0.0,0.0,0.0,0.0,0.0,1.0,0.0,0.0,0.0,0.0,0.0,0.0,0.0
388986124107927553,0.0,0.0,0.0,0.0,0.0,0.0,0.0,0.0,0.0,0.0,0.0,0.0,0.0,0.0,0.5098358200669846,0.0,0.0,0.8602717225252875,0.0,0.0
389174297400324096,0.0,0.0,0.0,0.0,0.0,0.0,0.0,0.0,0.0,0.0,0.0,0.0,0.0,0.0,0.0,0.0,0.0,1.0,0.0,0.0
389189413667758080,0.0,0.0,0.0,0.0,0.7852258827848632,0.0,0.0,0.0,0.0,0.0,0.6192094258041719,0.0,0.0,0.0,0.0,0.0,0.0,0.0,0.0,0.0
389229293101785089,0.0,0.0,0.0,0.0,0.0,0.0,0.0,0.0,0.0,0.0,0.0,0.28007582624603583,0.7373433179403582,0.0,0.2649678121977604,0.5546840736315013,0.0,0.0,0.0,0.0
389252483412791296,0.0,0.0,0.0,0.7941621251217676,0.0,0.0,0.0,0.0,0.0,0.0,0.6077059478251616,0.0,0.0,0.0,0.0,0.0,0.0,0.0,0.0,0.0
389262222561525761,0.0,0.0,1.0,0.0,0.0,0.0,0.0,0.0,0.0,0.0,0.0,0.0,0.0,0.0,0.0,0.0,0.0,0.0,0.0,0.0
389263355057152000,0.0,0.0,0.0,0.0,0.0,0.0,0.0,0.0,0.0,0.0,0.0,0.0,0.0,0.0,0.5098358200669846,0.0,0.0,0.8602717225252875,0.0,0.0
389270841864626176,0.0,0.5266761154568314,0.0,0.0,0.0,0.0,0.0,0.0,0.0,0.0,0.0,0.0,0.6529218283896906,0.0,0.23463055024060264,0.4911759972895234,0.0,0.0,0.0,0.0
389276814549331968,0.0,0.0,0.0,0.0,0.0,0.0,0.0,0.0,0.0,0.0,0.0,0.0,0.0,0.0,0.0,0.0,0.0,1.0,0.0,0.0
389281960981327872,0.0,0.0,0.0,0.0,0.0,0.0,0.0,0.0,0.0,0.0,1.0,0.0,0.0,0.0,0.0,0.0,0.0,0.0,0.0,0.0
389316773683527680,0.0,0.0,0.0,0.0,0.0,0.0,0.0,0.8199809663887712,0.0,0.0,0.0,0.0,0.5723907885004239,0.0,0.0,0.0,0.0,0.0,0.0,0.0
389321798472323073,0.0,0.0,1.0,0.0,0.0,0.0,0.0,0.0,0.0,0.0,0.0,0.0,0.0,0.0,0.0,0.0,0.0,0.0,0.0,0.0
389375728828944384,0.0,0.0,0.0,0.0,0.0,0.0,0.0,0.0,0.0,0.0,0.0,0.0,0.0,0.0,0.0,0.0,0.0,1.0,0.0,0.0
389393659478544384,0.0,0.0,0.0,0.0,0.0,0.0,0.0,0.0,0.0,0.0,0.0,0.0,0.0,0.0,0.0,0.0,0.0,1.0,0.0,0.0
389480976495030272,0.0,0.0,0.0,0.0,0.0,0.0,0.0,0.0,0.0,0.0,0.0,0.0,0.0,0.0,0.0,0.0,0.0,1.0,0.0,0.0
389497065836777472,0.0,0.0,1.0,0.0,0.0,0.0,0.0,0.0,0.0,0.0,0.0,0.0,0.0,0.0,0.0,0.0,0.0,0.0,0.0,0.0
389572273926963200,0.0,0.0,0.0,0.0,0.0,0.0,0.0,0.0,0.0,0.0,0.8290007416279241,0.0,0.0,0.0,0.5592475036871885,0.0,0.0,0.0,0.0,0.0
389604582638120960,0.0,0.0,0.0,0.0,0.0,0.0,0.0,0.0,0.0,0.0,0.0,0.0,0.497115611519369,0.0,0.3024652490646856,0.6331812724405493,0.0,0.5103648872351312,0.0,0.0
389695452230483970,0.0,0.0,0.0,0.0,0.0,0.0,0.0,0.8128202744835099,0.0,0.0,0.0,0.0,0.0,0.0,0.0,0.0,0.0,0.582514550366385,0.0,0.0
389946967855362049,0.0,0.0,0.0,0.0,0.0,0.0,0.0,0.0,0.0,0.0,0.0,0.0,0.0,0.0,0.5098358200669846,0.0,0.0,0.8602717225252876,0.0,0.0
390332634137518080,0.0,0.0,0.0,0.0,0.0,0.0,0.0,0.0,0.0,0.0,0.8290007416279241,0.0,0.0,0.0,0.5592475036871885,0.0,0.0,0.0,0.0,0.0
390334748067135488,0.0,0.0,0.0,0.0,0.0,0.0,0.0,0.0,0.0,0.0,0.0,0.0,0.0,0.0,0.5098358200669846,0.0,0.0,0.8602717225252875,0.0,0.0
390384962244845568,0.0,0.0,0.0,0.0,0.0,0.0,0.0,0.0,0.0,0.0,0.32386510655769213,0.0,0.6079808826389106,0.0,0.21848080861556818,0.45736810040435577,0.0,0.0,0.0,0.518219254851829
390427303760498688,0.0,0.0,0.0,0.0,0.0,0.0,0.0,0.4654572986074735,0.0,0.0,0.0,0.20896295344063484,0.5501275832394874,0.47612280666198203,0.19769095157433697,0.41384657792886415,0.0,0.0,0.0,0.0
390445674820403200,0.0,0.0,0.0,0.0,0.0,0.0,0.0,0.0,0.0,0.0,0.0,1.0,0.0,0.0,0.0,0.0,0.0,0.0,0.0,0.0
390601199621509120,0.0,0.0,0.0,0.0,0.0,0.0,0.0,0.0,0.0,0.0,0.5409102608165488,0.0,0.0,0.0,0.0,0.0,0.0,0.0,0.8410803111138515,0.0
390633776776105984,0.0,0.0,0.0,0.5693609397949878,0.0,0.0,0.0,0.0,0.0,0.0,0.4356843755545325,0.0,0.0,0.0,0.0,0.0,0.0,0.0,0.0,0.6971421986463201
390656178520608768,0.0,0.0,0.0,0.0,0.0,0.41344124505811836,0.4081009089211916,0.0,0.0,0.0,0.0,0.19217239531396513,0.5059238188335106,0.43786546233820794,0.18180611955568654,0.38059324326917754,0.0,0.0,0.0,0.0
390675367461019648,0.0,0.7993461382371893,0.0,0.0,0.0,0.0,0.0,0.0,0.0,0.0,0.0,0.0,0.0,0.0,0.0,0.0,0.0,0.6008708274540314,0.0,0.0
390676797735862272,0.0,0.0,0.0,0.0,0.0,0.0,0.0,0.0,0.0,0.0,0.0,0.0,0.0,0.0,0.0,0.0,0.0,1.0,0.0,0.0
390677649200119808,0.0,0.0,0.0,0.0,0.0,0.0,0.0,0.0,0.0,0.0,0.0,0.23609756702209486,0.6215636878021404,0.5379491168445829,0.22336185395773342,0.46758608911594907,0.0,0.0,0.0,0.0
390679553410347008,0.0,0.0,0.0,0.0,0.0,0.0,0.0,0.0,0.8439535404423786,0.0,0.0,0.38966779799100504,0.0,0.0,0.36864810969760314,0.0,0.0,0.0,0.0,0.0
390679951835271168,0.0,0.0,0.0,0.0,0.0,0.0,0.0,0.0,0.0,0.0,0.0,0.0,0.0,0.0,0.33040956349033623,0.0,0.0,0.5575167399680055,0.7615803339172912,0.0
390689925894377472,0.0,0.0,0.0,0.0,0.0,0.0,0.0,0.0,0.0,0.0,0.8142017043095975,0.5805821084905619,0.0,0.0,0.0,0.0,0.0,0.0,0.0,0.0
390695357522653184,0.0,0.0,0.0,0.0,0.8513238608491229,0.0,0.0,0.0,0.0,0.0,0.0,0.0,0.0,0.0,0.26748053399302846,0.0,0.0,0.4513334109987288,0.0,0.0
390696489980162048,0.0,0.0,0.0,0.0,0.0,0.0,0.0,0.0,0.0,0.0,0.0,0.23609756702209486,0.6215636878021404,0.5379491168445829,0.22336185395773342,0.46758608911594907,0.0,0.0,0.0,0.0
390697479852654592,0.0,0.0,0.0,0.0,0.0,0.0,0.0,0.0,0.0,0.0,0.0,1.0,0.0,0.0,0.0,0.0,0.0,0.0,0.0,0.0
390697651835895808,0.0,0.0,0.0,0.0,0.5618333031669348,0.0,0.0,0.7037082117784107,0.0,0.0,0.0,0.31592360187191487,0.0,0.0,0.2988818661418565,0.0,0.0,0.0,0.0,0.0
390699895784361985,0.0,0.0,0.0,0.0,0.0,0.0,0.0,0.0,0.0,0.0,0.0,0.4815319864267348,0.7487288234929044,0.0,0.455556906345249,0.0,0.0,0.0,0.0,0.0
390699908354682880,0.0,0.0,0.0,0.0,0.0,0.0,0.0,0.0,0.0,0.0,0.0,0.0,0.0,0.0,0.0,0.0,0.0,1.0,0.0,0.0
390699962868449281,0.0,0.0,0.8433044958161274,0.0,0.0,0.0,0.0,0.0,0.0,0.0,0.0,0.0,0.0,0.0,0.5374360681386271,0.0,0.0,0.0,0.0,0.0
390700055146921984,0.0,0.0,0.0,0.0,0.0,0.0,0.0,0.0,0.0,0.0,0.0,0.7264279909892297,0.0,0.0,0.6872425873789775,0.0,0.0,0.0,0.0,0.0
390701175038701568,0.0,0.0,0.0,0.0,0.4406869053286952,0.0,0.0,0.0,0.0,0.0,0.0,0.24780196126583504,0.6523773320992392,0.5646176193032788,0.0,0.0,0.0,0.0,0.0,0.0
390704404648562688,0.0,0.0,0.5653581949800387,0.0,0.0,0.0,0.0,0.0,0.8248455075763659,0.0,0.0,0.0,0.0,0.0,0.0,0.0,0.0,0.0,0.0,0.0
390704756953329664,0.0,0.0,0.0,0.0,0.4625720167113187,0.0,0.0,0.0,0.0,0.0,0.0,0.26010814385841824,0.40443931041259695,0.0,0.24607723821348862,0.0,0.0,0.7030261160727651,0.0,0.0
390705272857313280,0.0,0.0,0.0,0.6531249221437783,0.0,0.0,0.0,0.0,0.0,0.0,0.49978195547762033,0.0,0.0,0.0,0.0,0.0,0.0,0.5688987898155959,0.0,0.0
390707365822988288,0.0,0.0,0.0,0.0,0.5275703857235188,0.0,0.0,0.0,0.0,0.0,0.0,0.0,0.0,0.0,0.28065481436826345,0.0,0.0,0.8018119251292369,0.0,0.0
390707562951086082,0.0,0.0,0.0,0.0,0.0,0.0,0.0,0.0,0.0,0.0,0.5081372997081579,0.0,0.0,0.0,0.3427916310835829,0.0,0.0,0.0,0.7901204859414535,0.0
390708565385560064,0.0,0.0,0.0,0.0,0.7441704535647372,0.0,0.0,0.0,0.0,0.0,0.0,0.0,0.0,0.0,0.0,0.0,0.0,0.6679897724076721,0.0,0.0
390709030965886977,0.0,0.0,0.0,0.0,0.0,0.0,0.0,0.0,0.0,0.0,0.0,0.0,0.0,0.0,0.3303720700717738,0.0,0.0,0.9438507802171331,0.0,0.0
390710423474827264,0.0,0.0,0.0,0.0,0.0,0.0,0.0,0.0,0.46737258897622774,0.0,0.0,0.0,0.5681111836338762,0.0,0.2041534435180497,0.4273751696752228,0.0,0.0,0.0,0.4842358742891434
390710872248565760,0.0,0.0,0.0,0.0,0.7183209005305482,0.0,0.0,0.0,0.0,0.0,0.5664498357888703,0.4039178968500205,0.0,0.0,0.0,0.0,0.0,0.0,0.0,0.0
390710998082289664,0.0,0.0,0.0,0.0,0.0,0.0,0.0,0.0,0.0,0.0,0.6043670272418199,0.4309554759232068,0.6700879600132263,0.0,0.0,0.0,0.0,0.0,0.0,0.0
390711434289508352,0.0,0.0,0.0,0.0,0.0,0.0,0.0,0.0,0.0,0.0,0.5081372997081579,0.0,0.0,0.0,0.3427916310835829,0.0,0.0,0.0,0.7901204859414535,0.0
390713619551641600,0.567027588776571,0.5200924073479462,0.0,0.4488363252099177,0.0,0.0,0.0,0.0,0.0,0.0,0.0,0.0,0.0,0.0,0.2316975540198202,0.0,0.0,0.39095498208685814,0.0,0.0
390713707598061568,0.0,0.0,0.5841799248000349,0.7211997557652494,0.0,0.0,0.0,0.0,0.0,0.0,0.0,0.0,0.0,0.0,0.3722965588677529,0.0,0.0,0.0,0.0,0.0
390714458408222720,0.0,0.0,0.0,0.47137547102096977,0.0,0.0,0.0,0.0,0.0,0.0,0.36070427981491604,0.0,0.0,0.0,0.0,0.0,0.0,0.0,0.5608717191440373,0.5771659228570012
390714768790945792,0.0,0.0,0.0,0.0,0.0,0.0,0.0,0.0,0.0,0.0,1.0,0.0,0.0,0.0,0.0,0.0,0.0,0.0,0.0,0.0
390714995249786880,0.0,0.0,0.0,0.0,0.0,0.0,0.0,0.0,0.0,0.0,0.8290007416279241,0.0,0.0,0.0,0.5592475036871885,0.0,0.0,0.0,0.0,0.0
390716014498832385,0.0,0.0,0.0,0.0,0.0,0.0,0.0,0.0,0.0,0.0,0.0,0.0,0.69651846726272,0.0,0.7175388663772795,0.0,0.0,0.0,0.0,0.0
390716173869785088,0.0,0.0,0.0,0.0,0.6864903269548652,0.0,0.0,0.0,0.0,0.0,0.0,0.3860192970393737,0.0,0.0,0.0,0.0,0.0,0.6162143566248923,0.0,0.0
390716186440499200,0.0,0.0,0.0,0.0,0.0,0.0,0.0,0.0,0.0,0.0,0.0,0.0,0.0,0.0,0.5098358200669846,0.0,0.0,0.8602717225252875,0.0,0.0
390716274512125952,0.0,0.0,0.0,0.0,0.0,0.0,0.0,0.0,0.0,0.0,0.7136381590003321,0.5088733477941602,0.0,0.0,0.48142340400460415,0.0,0.0,0.0,0.0,0.0
390717314699890688,0.0,0.0,0.0,0.0,0.0,0.0,0.0,0.0,0.0,0.0,0.5081372997081579,0.0,0.0,0.0,0.3427916310835829,0.0,0.0,0.0,0.7901204859414535,0.0
390718401049399296,0.0,0.7481043536971624,0.0,0.0,0.0,0.0,0.0,0.0,0.0,0.0,0.0,0.3522780823371113,0.0,0.0,0.0,0.0,0.0,0.5623522283091251,0.0,0.0
390718543635181568,0.6506054963491364,0.0,0.0,0.0,0.0,0.0,0.0,0.0,0.0,0.0,0.0,0.0,0.0,0.0,0.0,0.0,0.0,0.4485803957433435,0.6127708516852274,0.0
390719659349397504,0.0,0.0,0.0,0.7026946456531565,0.0,0.0,0.0,0.0,0.0,0.0,0.0,0.0,0.0,0.0,0.36274388117876666,0.0,0.0,0.6120760668722064,0.0,0.0
390719919370690561,0.0,0.0,0.6809868741000937,0.0,0.0,0.0,0.0,0.0,0.0,0.0,0.0,0.0,0.0,0.0,0.0,0.0,0.0,0.7322956215241104,0.0,0.0
390720552702210048,0.0,0.0,0.0,0.0,0.0,0.0,0.0,0.0,0.46737258897622774,0.0,0.0,0.0,0.5681111836338762,0.0,0.2041534435180497,0.4273751696752228,0.0,0.0,0.0,0.4842358742891434
390720900834009088,0.0,0.0,0.0,0.0,0.0,0.5913092164098293,0.0,0.0,0.0,0.0,0.0,0.2748475384276839,0.4273574339556175,0.6262410596981858,0.0,0.0,0.0,0.0,0.0,0.0
390721915859771392,0.0,0.0,0.0,0.0,0.0,0.0,0.0,0.6554927465922217,0.637354953725085,0.0,0.0,0.2942776935641868,0.0,0.0,0.27840359408172655,0.0,0.0,0.0,0.0,0.0
390724226916679680,0.0,0.0,0.0,0.0,0.0,0.0,0.0,0.0,0.0,0.0,0.0,1.0,0.0,0.0,0.0,0.0,0.0,0.0,0.0,0.0
390726399582937088,0.0,0.0,0.0,0.0,0.0,0.0,0.0,0.0,0.0,0.0,0.0,1.0,0.0,0.0,0.0,0.0,0.0,0.0,0.0,0.0
390728781926629376,0.0,0.6669506503966021,0.0,0.0,0.0,0.6756782483558302,0.0,0.0,0.0,0.0,0.0,0.31406326533733053,0.0,0.0,0.0,0.0,0.0,0.0,0.0,0.0
390728790323654657,0.0,0.0,0.0,0.0,0.5976802367962917,0.0,0.0,0.0,0.7278929464283063,0.0,0.0,0.3360806347932705,0.0,0.0,0.0,0.0,0.0,0.0,0.0,0.0
390729251710058496,0.0,0.0,0.0,0.0,0.0,0.0,0.0,0.0,1.0,0.0,0.0,0.0,0.0,0.0,0.0,0.0,0.0,0.0,0.0,0.0
390729343963381760,0.0,0.0,0.0,0.0,0.0,0.0,0.0,0.0,0.0,0.0,0.6043670272418199,0.4309554759232068,0.6700879600132263,0.0,0.0,0.0,0.0,0.0,0.0,0.0
390729729864515584,0.0,0.0,0.0,0.0,0.0,0.0,0.0,0.0,0.0,0.0,0.0,0.7264279909892297,0.0,0.0,0.6872425873789775,0.0,0.0,0.0,0.0,0.0
390729767609040897,0.0,0.0,0.0,0.0,0.0,0.0,0.0,0.0,0.0,0.0,0.6103460580101574,0.0,0.6767171709890405,0.0,0.41174210370091047,0.0,0.0,0.0,0.0,0.0
390730048632000512,0.0,0.0,0.0,0.0,0.6504434926826119,0.0,0.0,0.0,0.0,0.0,0.0,0.3657498583016231,0.5687004577431882,0.0,0.34602036550162146,0.0,0.0,0.0,0.0,0.0
390731059467272192,0.0,0.0,0.0,0.0,0.5680645793847026,0.0,0.0,0.0,0.0,0.0,0.7584647027032239,0.3194275010104661,0.0,0.0,0.0,0.0,0.0,0.0,0.0,0.0
390732464533938177,0.0,0.0,0.0,0.0,0.0,0.0,0.0,0.0,0.0,0.0,0.0,0.32216398851379874,0.0,0.0,0.3047856301972219,0.0,0.7340517536290732,0.5142801834839116,0.0,0.0
390733412455424000,0.0,0.0,0.0,0.0,0.6919233536349815,0.0,0.0,0.0,0.0,0.0,0.0,0.0,0.0,0.0,0.3680866584373845,0.0,0.0,0.6210912047154756,0.0,0.0
390737439003648000,0.0,0.0,0.0,0.0,0.0,0.0,0.0,0.0,0.0,0.0,0.7136381590003321,0.5088733477941602,0.0,0.0,0.48142340400460415,0.0,0.0,0.0,0.0,0.0
390738290439368705,0.0,0.0,0.0,0.0,0.0,0.0,0.0,0.5293023880974616,0.0,0.0,0.0,0.2376256438795282,0.625586588583081,0.0,0.22480750239948238,0.4706124120495055,0.0,0.0,0.0,0.0
390738625962713088,0.0,0.0,0.0,0.0,0.0,0.0,0.0,0.0,1.0,0.0,0.0,0.0,0.0,0.0,0.0,0.0,0.0,0.0,0.0,0.0
390738655314464769,0.0,0.0,0.0,0.0,0.0,0.0,0.0,0.0,0.0,0.0,0.7136381590003321,0.5088733477941602,0.0,0.0,0.48142340400460415,0.0,0.0,0.0,0.0,0.0
390740555346345984,0.0,0.0,0.0,0.0,0.0,0.0,0.0,0.0,0.0,0.0,0.0,0.7264279909892297,0.0,0.0,0.6872425873789775,0.0,0.0,0.0,0.0,0.0
390742371492986880,0.0,0.0,0.0,0.0,0.0,0.0,0.0,0.0,0.0,0.0,0.0,0.7264279909892297,0.0,0.0,0.6872425873789775,0.0,0.0,0.0,0.0,0.0
390742832878997504,0.0,0.0,0.0,0.0,0.5695827842281381,0.0,0.0,0.0,0.6936740844385069,0.0,0.0,0.3202812003903603,0.0,0.0,0.3030044045320652,0.0,0.0,0.0,0.0,0.0
390744942609326080,0.0,0.0,0.0,0.0,0.0,0.7142903972854464,0.0,0.0,0.0,0.0,0.0,0.3320106502117661,0.0,0.0,0.3141011375101235,0.0,0.0,0.5299987093442834,0.0,0.0
390745546593288192,0.0,0.0,0.0,0.0,0.6864903269548652,0.0,0.0,0.0,0.0,0.0,0.0,0.3860192970393737,0.0,0.0,0.0,0.0,0.0,0.6162143566248923,0.0,0.0
390745957597339648,0.0,0.0,0.0,0.0,0.6709989515996715,0.0,0.0,0.0,0.0,0.0,0.5291329344133068,0.3773083661056329,0.0,0.0,0.35695537751657774,0.0,0.0,0.0,0.0,0.0
390745986982625280,0.0,0.0,0.0,0.0,0.0,0.0,0.0,0.0,0.0,0.0,0.5081372997081579,0.0,0.0,0.0,0.3427916310835829,0.0,0.0,0.0,0.7901204859414535,0.0
390746523858141185,0.7279563270751749,0.0,0.0,0.0,0.0,0.0,0.0,0.0,0.0,0.0,0.0,0.0,0.0,0.0,0.0,0.0,0.0,0.0,0.6856235015452877,0.0
390748067345219584,0.0,0.0,0.0,0.0,0.0,0.0,0.0,0.0,0.0,0.0,0.7136381590003321,0.5088733477941602,0.0,0.0,0.48142340400460415,0.0,0.0,0.0,0.0,0.0
390748679700615168,0.0,0.0,0.0,0.0,0.5060701236565117,0.0,0.0,0.0,0.0,0.0,0.6756913559051174,0.28456749602439696,0.0,0.0,0.0,0.0,0.0,0.45426375785857237,0.0,0.0
390749279490670592,0.0,0.0,0.0,0.0,0.0,0.45286950127935555,0.0,0.0,0.0,0.0,0.0,0.21049911653894302,0.5541717723113749,0.47962295955422585,0.1991442500642255,0.41688891548634915,0.0,0.0,0.0,0.0
390749577290063873,0.0,0.0,0.0,0.0,0.0,0.0,0.6195538601043264,0.0,0.6318682457197806,0.0,0.0,0.0,0.0,0.0,0.0,0.0,0.0,0.46572044670685825,0.0,0.0
390749636035477504,0.0,0.0,0.0,0.5594755722648034,0.0,0.0,0.6482964521543181,0.0,0.0,0.0,0.42811992938605054,0.0,0.0,0.0,0.28881156525592583,0.0,0.0,0.0,0.0,0.0
390751821255675904,0.0,0.0,0.0,0.0,0.0,0.0,0.0,0.0,0.0,0.0,0.0,1.0,0.0,0.0,0.0,0.0,0.0,0.0,0.0,0.0
390757563266240512,0.0,0.0,0.0,0.0,0.0,0.0,0.44820110328371354,0.0,0.0,0.0,0.0,0.21105534860993425,0.5556361400373108,0.48089033623719846,0.19967047753947822,0.41799052098782097,0.0,0.0,0.0,0.0
390759031242903552,0.0,0.0,0.0,0.0,0.0,0.0,0.0,0.0,0.0,0.0,0.0,0.32216398851379874,0.0,0.0,0.3047856301972219,0.0,0.7340517536290732,0.5142801834839116,0.0,0.0
390760499249303552,0.0,0.0,0.0,0.0,0.0,0.0,0.0,0.0,0.0,0.0,0.0,0.7264279909892297,0.0,0.0,0.6872425873789775,0.0,0.0,0.0,0.0,0.0
390760885134049280,0.6638812219038863,0.0,0.0,0.5255017814179453,0.0,0.0,0.0,0.0,0.0,0.0,0.0,0.0,0.0,0.0,0.271273670487011,0.0,0.0,0.4577337617332519,0.0,0.0
390762625778606080,0.0,0.0,0.0,0.0,0.0,0.0,0.0,0.0,0.0,0.0,0.0,0.9116478900672126,0.0,0.0,0.41097217002614606,0.0,0.0,0.0,0.0,0.0
390766018974744576,0.0,0.0,0.0,0.0,0.0,0.0,0.0,0.0,0.0,0.0,0.0,0.0,0.0,0.0,0.0,0.0,0.0,0.0,0.0,0.0
390766375507329024,0.0,0.0,0.0,0.0,0.5997927572590753,0.7256022270022483,0.0,0.0,0.0,0.0,0.0,0.3372685228552077,0.0,0.0,0.0,0.0,0.0,0.0,0.0,0.0
390766610388353024,0.0,0.0,0.0,0.0,0.0,0.0,0.44820110328371354,0.0,0.0,0.0,0.0,0.21105534860993425,0.5556361400373108,0.48089033623719846,0.19967047753947822,0.41799052098782097,0.0,0.0,0.0,0.0
390766702641688576,0.0,0.0,0.0,0.0,0.0,0.0,0.0,0.0,0.0,0.0,1.0,0.0,0.0,0.0,0.0,0.0,0.0,0.0,0.0,0.0
390767730254573568,0.0,0.0,0.0,0.0,0.5275703857235188,0.0,0.0,0.0,0.0,0.0,0.0,0.0,0.0,0.0,0.28065481436826345,0.0,0.0,0.8018119251292369,0.0,0.0
390768933998825472,0.0,0.782166765840491,0.0,0.0,0.0,0.0,0.0,0.0,0.0,0.0,0.5165247772789561,0.0,0.0,0.0,0.3484498599103629,0.0,0.0,0.0,0.0,0.0
390769487651536896,0.0,0.0,0.0,0.0,0.0,0.0,0.0,0.0,0.0,0.0,0.0,0.0,0.0,0.0,1.0,0.0,0.0,0.0,0.0,0.0
390771693859643392,0.0,0.0,0.0,0.0,0.0,0.0,0.0,0.0,0.0,0.0,1.0,0.0,0.0,0.0,0.0,0.0,0.0,0.0,0.0,0.0
390772897616117760,0.0,0.0,0.0,0.0,0.0,0.0,0.0,0.0,0.0,0.0,0.0,0.0,1.0,0.0,0.0,0.0,0.0,0.0,0.0,0.0
390774034268315649,0.0,0.0,0.0,0.0,0.0,0.0,0.0,0.0,0.0,0.0,0.8142017043095975,0.5805821084905619,0.0,0.0,0.0,0.0,0.0,0.0,0.0,0.0
390778270532108288,0.0,0.0,0.0,0.0,0.5251501852309954,0.0,0.0,0.0,0.0,0.0,0.0,0.2952963754670557,0.0,0.0,0.0,0.0,0.0,0.7981336564685584,0.0,0.0
390780388672413696,0.0,0.0,0.0,0.0,0.5976802367962917,0.0,0.0,0.0,0.7278929464283063,0.0,0.0,0.3360806347932705,0.0,0.0,0.0,0.0,0.0,0.0,0.0,0.0
390781705679691776,0.0,0.0,0.7265525115953646,0.0,0.0,0.0,0.0,0.0,0.0,0.0,0.0,0.0,0.0,0.0,0.27347314820859225,0.0,0.0,0.0,0.6303442591975824,0.0
390783760888655872,0.0,0.0,0.0,0.0,0.0,0.0,0.0,0.0,0.0,0.0,1.0,0.0,0.0,0.0,0.0,0.0,0.0,0.0,0.0,0.0
390786839516155904,0.6880785648912855,0.0,0.0,0.0,0.0,0.0,0.0,0.6619852924295189,0.0,0.0,0.0,0.2971924648172517,0.0,0.0,0.0,0.0,0.0,0.0,0.0,0.0
390793357435236352,0.0,0.0,0.2857477412753574,0.5972916733291378,0.0,0.0,0.0,0.0,0.4168998394007433,0.4420694532885034,0.0,0.0,0.0,0.0,0.0,0.0,0.4385886543272044,0.0,0.0,0.0
390795353919725568,0.0,0.0,0.3532026811688972,0.4360466297807718,0.0,0.0,0.0,0.0,0.3043534307344427,0.5464264230662996,0.0,0.0,0.0,0.0,0.0,0.0,0.542123930524264,0.0,0.0,0.0
390797212013572096,0.0,0.0,0.37079342576646185,0.457763296459852,0.0,0.0,0.0,0.0,0.0,0.5736403944260575,0.0,0.0,0.0,0.0,0.0,0.0,0.5691236225156169,0.0,0.0,0.0
390799309157175296,0.0,0.0,0.0,0.0,0.0,0.0,0.0,0.6459255486957278,0.0,0.0,0.0,0.28998258435742724,0.0,0.0,0.2743401741682,0.0,0.0,0.0,0.0,0.6507132664614056
390803151151845376,0.0,0.7766562296330449,0.0,0.0,0.0,0.0,0.0,0.0,0.0,0.0,0.5128857470726801,0.36572299821296705,0.0,0.0,0.0,0.0,0.0,0.0,0.0,0.0
390803461513949184,0.0,0.782166765840491,0.0,0.0,0.0,0.0,0.0,0.0,0.0,0.0,0.5165247772789561,0.0,0.0,0.0,0.3484498599103629,0.0,0.0,0.0,0.0,0.0
390804275204337664,0.0,0.0,0.0,0.7348100585855042,0.0,0.0,0.0,0.0,0.0,0.0,0.5622887682482941,0.0,0.0,0.0,0.37932244713882196,0.0,0.0,0.0,0.0,0.0
390804891780022272,0.0,0.7392882525191646,0.0,0.0,0.0,0.0,0.0,0.0,0.4453142132570793,0.0,0.0,0.20560919597899407,0.0,0.0,0.0,0.0,0.0,0.0,0.0,0.4613816096110247
390806238151196672,0.0,0.0,0.46360262298227467,0.5723409591341122,0.0,0.0,0.0,0.0,0.6763863056430102,0.0,0.0,0.0,0.0,0.0,0.0,0.0,0.0,0.0,0.0,0.0
390809123815571457,0.0,0.0,0.0,0.0,0.0,0.0,0.0,0.4654572986074735,0.0,0.0,0.0,0.20896295344063484,0.5501275832394874,0.47612280666198203,0.19769095157433697,0.41384657792886415,0.0,0.0,0.0,0.0
390812311486992384,0.0,0.0,0.0,0.0,0.0,0.0,0.0,0.0,0.8049747203023695,0.0,0.0,0.0,0.0,0.0,0.0,0.0,0.0,0.5933091097177946,0.0,0.0
390813267787923456,0.0,0.0,0.0,0.0,0.0,0.0,0.0,0.0,0.0,0.0,0.0,0.0,0.0,0.0,0.0,0.0,0.0,1.0,0.0,0.0
390813351694983169,0.0,0.0,0.0,0.0,0.0,0.0,0.0,0.0,0.0,0.0,0.0,0.37985646938334744,0.0,0.0,0.3593660295167859,0.0,0.0,0.0,0.0,0.8523878926269182
390815482389204992,0.7173080581675091,0.0,0.0,0.0,0.5509737158154927,0.0,0.0,0.0,0.0,0.0,0.0,0.3098171643724437,0.0,0.0,0.29310482566591106,0.0,0.0,0.0,0.0,0.0
390816526787305472,0.0,0.0,0.4170557028110642,0.0,0.0,0.0,0.0,0.0,0.0,0.6452110022275769,0.0,0.0,0.0,0.0,0.0,0.0,0.6401306924037113,0.0,0.0,0.0
390819244683710464,0.0,0.0,0.0,0.0,0.0,0.0,0.0,0.0,0.0,0.0,0.8290007416279241,0.0,0.0,0.0,0.5592475036871885,0.0,0.0,0.0,0.0,0.0
390820553294381056,0.0,0.0,0.0,0.0,0.0,0.0,0.0,0.0,0.0,0.0,0.0,0.23609756702209486,0.6215636878021404,0.5379491168445829,0.22336185395773342,0.46758608911594907,0.0,0.0,0.0,0.0
390821681566334976,0.0,0.8391206396458235,0.0,0.0,0.0,0.0,0.0,0.0,0.0,0.0,0.0,0.39513713337321826,0.0,0.0,0.3738224149913694,0.0,0.0,0.0,0.0,0.0
390828023370350592,0.8595430021476463,0.0,0.0,0.0,0.0,0.0,0.0,0.0,0.0,0.0,0.0,0.3712507792842517,0.0,0.0,0.3512245525868697,0.0,0.0,0.0,0.0,0.0
390841931682840577,0.0,0.0,0.0,0.0,0.0,0.0,0.0,0.0,0.0,0.0,0.0,0.4815319864267348,0.7487288234929044,0.0,0.455556906345249,0.0,0.0,0.0,0.0,0.0
390851775713910784,0.0,0.0,0.0,0.0,0.0,0.0,0.0,0.0,0.0,0.0,0.6043670272418199,0.4309554759232068,0.6700879600132263,0.0,0.0,0.0,0.0,0.0,0.0,0.0
390858868261003264,0.0,0.0,0.0,0.0,0.0,0.0,0.0,0.0,0.0,0.0,0.0,0.7264279909892297,0.0,0.0,0.6872425873789775,0.0,0.0,0.0,0.0,0.0
390858910229200896,0.0,0.0,0.0,0.0,0.0,0.0,0.0,0.0,0.0,0.0,0.36558624466957135,0.2606882688183342,0.6863025476171711,0.0,0.24662606973347564,0.5162874384205949,0.0,0.0,0.0,0.0
390872801777045505,0.0,0.0,0.0,0.0,0.0,0.0,0.0,0.0,0.0,0.0,0.0,0.41684339057175535,0.0,0.0,0.0,0.0,0.0,0.0,0.9089783208287441,0.0
390875825840455680,0.0,0.0,0.0,0.0,0.5976802367962917,0.0,0.0,0.0,0.7278929464283063,0.0,0.0,0.3360806347932705,0.0,0.0,0.0,0.0,0.0,0.0,0.0,0.0
390900383502966784,0.5271666477998329,0.81868901170563,0.0,0.0,0.0,0.0,0.0,0.0,0.0,0.0,0.0,0.22769195760927938,0.0,0.0,0.0,0.0,0.0,0.0,0.0,0.0
390907799028654080,0.0,0.0,0.0,0.0,0.6709989515996715,0.0,0.0,0.0,0.0,0.0,0.5291329344133068,0.3773083661056329,0.0,0.0,0.35695537751657774,0.0,0.0,0.0,0.0,0.0
390917072638574592,0.6488635264351668,0.5951544513593646,0.0,0.0,0.0,0.0,0.0,0.0,0.0,0.0,0.3930261855406757,0.0,0.0,0.0,0.2651371731172368,0.0,0.0,0.0,0.0,0.0
390925016633970689,0.0,0.0,0.0,0.0,0.0,0.0,0.0,0.0,0.0,0.0,0.0,0.4744029711739116,0.0,0.0,0.44881244860327435,0.0,0.0,0.757303906579187,0.0,0.0
390926883094675456,0.0,0.6572372524644804,0.0,0.0,0.0,0.0,0.0,0.0,0.0,0.0,0.0,0.0,0.0,0.0,0.292794629675973,0.0,0.0,0.0,0.0,0.6944857801322145
390931433914527744,0.0,0.0,0.0,0.0,0.0,0.0,0.0,0.5449103587449644,0.0,0.0,0.0,0.0,0.644033769876127,0.0,0.23143658433391615,0.48448974356886876,0.0,0.0,0.0,0.0
390937507291856897,0.0,0.0,0.8433044958161274,0.0,0.0,0.0,0.0,0.0,0.0,0.0,0.0,0.0,0.0,0.0,0.5374360681386271,0.0,0.0,0.0,0.0,0.0
390938929156726784,0.7082661957161515,0.0,0.0,0.5606351487086246,0.0,0.0,0.0,0.0,0.0,0.0,0.4290072563934422,0.0,0.0,0.0,0.0,0.0,0.0,0.0,0.0,0.0
390941198283587584,0.0,0.6708929702143669,0.0,0.0,0.0,0.0,0.6708929702143669,0.0,0.0,0.0,0.0,0.3159196813018926,0.0,0.0,0.0,0.0,0.0,0.0,0.0,0.0
390944021020807168,0.0,0.6691386112988521,0.467750900715416,0.5774622184601871,0.0,0.0,0.0,0.0,0.0,0.0,0.0,0.0,0.0,0.0,0.0,0.0,0.0,0.0,0.0,0.0
390946906718732288,0.0,0.0,0.0,0.7941621251217676,0.0,0.0,0.0,0.0,0.0,0.0,0.6077059478251616,0.0,0.0,0.0,0.0,0.0,0.0,0.0,0.0,0.0
390947024150872065,0.0,0.0,0.0,0.0,0.0,0.0,0.0,0.0,0.0,0.0,0.7136381590003321,0.5088733477941602,0.0,0.0,0.48142340400460415,0.0,0.0,0.0,0.0,0.0
390948165001572352,0.0,0.0,0.8433044958161274,0.0,0.0,0.0,0.0,0.0,0.0,0.0,0.0,0.0,0.0,0.0,0.5374360681386271,0.0,0.0,0.0,0.0,0.0
390951398839291904,0.0,0.0,1.0,0.0,0.0,0.0,0.0,0.0,0.0,0.0,0.0,0.0,0.0,0.0,0.0,0.0,0.0,0.0,0.0,0.0
390966716416544768,0.0,0.0,0.0,0.0,0.0,0.0,0.0,0.0,0.0,0.0,0.0,0.23609756702209486,0.6215636878021404,0.5379491168445829,0.22336185395773342,0.46758608911594907,0.0,0.0,0.0,0.0
390972248690946048,0.0,0.0,0.0,0.0,0.0,0.0,0.0,0.0,0.0,0.0,0.0,1.0,0.0,0.0,0.0,0.0,0.0,0.0,0.0,0.0
390974291321188352,0.0,0.0,0.0,0.0,0.0,0.0,0.0,0.0,0.9362074862302774,0.0,0.0,0.2553015054445596,0.0,0.0,0.2415298823005687,0.0,0.0,0.0,0.0,0.0
390975423796224000,0.0,0.0,0.0,0.0,0.0,0.0,0.0,0.0,0.0,0.0,0.0,0.34081377571409716,0.5299276154304151,0.7765453577787553,0.0,0.0,0.0,0.0,0.0,0.0
390977571262693376,0.0,0.0,0.0,0.0,0.0,0.8423251231527022,0.0,0.0,0.0,0.0,0.0,0.3915227096576463,0.0,0.0,0.3704029626341014,0.0,0.0,0.0,0.0,0.0
390981576819245056,0.0,0.0,0.0,0.0,0.0,0.0,0.0,0.0,0.0,0.0,1.0,0.0,0.0,0.0,0.0,0.0,0.0,0.0,0.0,0.0
390981862044073984,0.6861789817746025,0.0,0.0,0.0,0.5270630644644955,0.0,0.0,0.0,0.0,0.0,0.4156287059109392,0.0,0.0,0.0,0.28038493160450484,0.0,0.0,0.0,0.0,0.0
390983174882226176,0.0,0.0,0.0,0.4768422218128101,0.0,0.0,0.0,0.0,0.5635269390373921,0.0,0.36488752762589655,0.0,0.0,0.0,0.0,0.0,0.0,0.0,0.5673763976927756,0.0
390983552340213761,0.0,0.0,0.0,0.0,0.0,0.0,0.0,0.0,0.0,0.0,0.0,0.7264279909892297,0.0,0.0,0.6872425873789775,0.0,0.0,0.0,0.0,0.0
390984659653255168,0.9180295103868563,0.0,0.0,0.0,0.0,0.0,0.0,0.0,0.0,0.0,0.0,0.39651206546443024,0.0,0.0,0.0,0.0,0.0,0.0,0.0,0.0
390984697393590272,0.0,0.0,0.0,0.0,0.0,0.0,0.0,0.6131682598820205,0.0,0.0,0.0,0.2752764881425891,0.42802440317974283,0.0,0.2604273627976379,0.5451790890505894,0.0,0.0,0.0,0.0
390985540469665792,0.0,0.0,0.0,0.0,0.0,0.0,0.0,0.0,0.9078976582099282,0.0,0.0,0.419191891878801,0.0,0.0,0.0,0.0,0.0,0.0,0.0,0.0
390990057709895680,0.0,0.0,0.0,0.0,0.0,0.0,0.0,0.0,0.0,0.0,0.0,0.0,0.0,0.0,1.0,0.0,0.0,0.0,0.0,0.0
390990380667138048,0.0,0.0,0.0,0.0,0.0,0.0,0.0,0.0,0.0,0.0,0.0,0.7264279909892297,0.0,0.0,0.6872425873789775,0.0,0.0,0.0,0.0,0.0
390998945444286464,0.0,0.0,0.0,0.0,0.0,0.0,0.0,0.0,0.0,0.0,0.0,0.4744029711739116,0.0,0.0,0.44881244860327435,0.0,0.0,0.757303906579187,0.0,0.0
391001646571876352,0.0,0.0,0.0,0.0,0.0,0.0,0.0,0.0,0.0,0.0,1.0,0.0,0.0,0.0,0.0,0.0,0.0,0.0,0.0,0.0
391005908001501185,0.0,0.0,0.0,0.0,0.5863773196447304,0.0,0.0,0.0,0.0,0.0,0.0,0.3297249092105168,0.0,0.0,0.0,0.0,0.0,0.0,0.0,0.7398939946048881
391008051265683456,0.0,0.0,0.0,0.0,0.0,0.0,0.0,0.0,0.0,0.0,0.0,0.7264279909892297,0.0,0.0,0.6872425873789775,0.0,0.0,0.0,0.0,0.0
391008277762281472,0.0,0.0,0.0,0.0,0.0,0.0,0.0,0.0,0.0,0.0,0.0,0.41684339057175535,0.0,0.0,0.0,0.0,0.0,0.0,0.9089783208287441,0.0
391010886636167168,0.0,0.0,0.0,0.0,0.0,0.0,0.0,0.0,0.0,0.0,0.0,1.0,0.0,0.0,0.0,0.0,0.0,0.0,0.0,0.0
391017505264656384,0.0,0.0,0.0,0.0,0.0,0.8423251231527022,0.0,0.0,0.0,0.0,0.0,0.3915227096576463,0.0,0.0,0.3704029626341014,0.0,0.0,0.0,0.0,0.0
391019887612932096,0.0,0.0,0.5653581949800387,0.0,0.0,0.0,0.0,0.0,0.8248455075763659,0.0,0.0,0.0,0.0,0.0,0.0,0.0,0.0,0.0,0.0,0.0
391020403508129792,0.0,0.0,0.5062278575513531,0.3691137905749551,0.0,0.0,0.42771333143695406,0.0,0.0,0.4625503662067518,0.0,0.0,0.0,0.0,0.0,0.0,0.4589083031276044,0.0,0.0,0.0
391021213008424960,0.0,0.0,0.0,0.0,0.0,0.0,0.0,0.0,0.0,0.0,0.0,0.0,0.0,0.0,0.0,0.0,0.0,1.0,0.0,0.0
391028880212893696,0.0,0.0,0.5062278575513531,0.3691137905749551,0.0,0.0,0.42771333143695406,0.0,0.0,0.4625503662067518,0.0,0.0,0.0,0.0,0.0,0.0,0.4589083031276044,0.0,0.0,0.0
391029366743777280,0.0,0.0,0.5062278575513531,0.3691137905749551,0.0,0.0,0.42771333143695406,0.0,0.0,0.4625503662067518,0.0,0.0,0.0,0.0,0.0,0.0,0.4589083031276044,0.0,0.0,0.0
391033938522537984,0.0,0.0,0.0,0.0,0.7907697780601926,0.0,0.0,0.0,0.0,0.0,0.0,0.44465651133179995,0.0,0.0,0.4206705896980043,0.0,0.0,0.0,0.0,0.0
391035519766773761,0.0,0.0,0.0,0.0,0.0,0.0,0.0,0.0,0.0,0.0,0.8290007416279241,0.0,0.0,0.0,0.5592475036871885,0.0,0.0,0.0,0.0,0.0
391038988456181760,0.0,0.0,1.0,0.0,0.0,0.0,0.0,0.0,0.0,0.0,0.0,0.0,0.0,0.0,0.0,0.0,0.0,0.0,0.0,0.0
391039554687213568,0.9180295103868563,0.0,0.0,0.0,0.0,0.0,0.0,0.0,0.0,0.0,0.0,0.39651206546443024,0.0,0.0,0.0,0.0,0.0,0.0,0.0,0.0
391040611685789696,0.0,0.0,0.0,0.0,0.0,0.0,0.0,0.0,0.0,0.0,0.0,0.7264279909892297,0.0,0.0,0.6872425873789775,0.0,0.0,0.0,0.0,0.0
391041203052888064,0.0,0.0,0.0,0.6973342408083273,0.0,0.0,0.0,0.0,0.0,0.0,0.0,0.380502003392935,0.0,0.0,0.0,0.0,0.0,0.6074069327973108,0.0,0.0
391044764046331904,0.0,0.0,1.0,0.0,0.0,0.0,0.0,0.0,0.0,0.0,0.0,0.0,0.0,0.0,0.0,0.0,0.0,0.0,0.0,0.0
391044801790877696,0.0,0.0,0.0,0.0,0.0,0.0,0.782166765840491,0.0,0.0,0.0,0.5165247772789561,0.0,0.0,0.0,0.3484498599103629,0.0,0.0,0.0,0.0,0.0
391049314849419265,0.0,0.0,0.0,0.0,0.0,0.0,0.0,0.0,0.0,0.0,0.8142017043095975,0.5805821084905619,0.0,0.0,0.0,0.0,0.0,0.0,0.0,0.0
391050350834487296,0.0,0.0,0.0,0.0,0.0,0.0,0.0,0.0,0.7826730028635499,0.0,0.5067860951638856,0.3613735246764688,0.0,0.0,0.0,0.0,0.0,0.0,0.0,0.0
391058034824192000,0.0,0.0,0.0,0.0,0.0,0.0,0.0,0.0,0.0,0.0,0.0,0.0,0.8542953688285765,0.0,0.5197878632654349,0.0,0.0,0.0,0.0,0.0
391060329083305984,0.0,0.0,0.0,0.0,0.0,0.0,0.0,0.0,0.0,0.0,0.0,0.0,0.0,0.0,0.0,0.0,0.0,1.0,0.0,0.0
391064062022254592,0.0,0.0,1.0,0.0,0.0,0.0,0.0,0.0,0.0,0.0,0.0,0.0,0.0,0.0,0.0,0.0,0.0,0.0,0.0,0.0
391064183652904960,0.0,0.6771526615689833,0.0,0.5843782911089593,0.0,0.0,0.0,0.0,0.0,0.0,0.44717590030167553,0.0,0.0,0.0,0.0,0.0,0.0,0.0,0.0,0.0
391065840403378176,0.0,0.0,0.0,0.0,0.0,0.0,0.0,0.0,0.0,0.0,0.8290007416279241,0.0,0.0,0.0,0.5592475036871885,0.0,0.0,0.0,0.0,0.0
391066956071055360,0.0,0.0,0.5627399539609697,0.0,0.0,0.0,0.0,0.0,0.0,0.0,0.0,0.0,0.0,0.0,0.0,0.0,0.0,0.0,0.8266339844308397,0.0
391067446833975296,0.6803467394860666,0.0,0.0,0.5385352255581336,0.0,0.0,0.0,0.0,0.0,0.0,0.4120960309393536,0.0,0.0,0.0,0.27800177371333357,0.0,0.0,0.0,0.0,0.0
391070273773903873,0.0,0.0,0.6246932620838701,0.0,0.0,0.0,0.0,0.0,0.0,0.0,0.0,0.0,0.0,0.0,0.398115618062886,0.0,0.0,0.6717605845548098,0.0,0.0
391075856413507584,0.0,0.0,0.5063816611697849,0.0,0.35828907318434705,0.0,0.0,0.0,0.43634718549696494,0.4626908996028664,0.0,0.0,0.0,0.0,0.0,0.0,0.459047729981533,0.0,0.0,0.0
391079958442807296,0.0,0.0,0.0,0.0,0.0,0.0,0.0,0.0,0.6104450148195447,0.0,0.3952673009555583,0.0,0.0,0.0,0.266649039317485,0.0,0.0,0.0,0.0,0.6324705008997148
391085314561036288,0.0,0.0,0.0,0.0,0.0,0.0,0.0,0.0,0.45527742565773655,0.0,0.0,0.21020938171320613,0.5534090001700048,0.47896279775929435,0.1988701442839374,0.41631510197460586,0.0,0.0,0.0,0.0
391085855621664768,0.6803467394860666,0.0,0.0,0.5385352255581336,0.0,0.0,0.0,0.0,0.0,0.0,0.4120960309393536,0.0,0.0,0.0,0.27800177371333357,0.0,0.0,0.0,0.0,0.0
391086266663436288,0.0,0.0,0.0,0.0,0.0,0.0,0.0,0.7963706660887698,0.0,0.0,0.5013869969501632,0.0,0.0,0.0,0.3382378475017636,0.0,0.0,0.0,0.0,0.0
391087701132193793,0.0,0.0,0.0,0.0,0.0,0.0,0.0,0.0,0.0,0.0,0.0,0.0,0.8542953688285765,0.0,0.5197878632654349,0.0,0.0,0.0,0.0,0.0
391087852110376960,0.0,0.0,0.0,0.0,0.0,0.0,0.0,0.0,0.0,0.0,0.8290007416279241,0.0,0.0,0.0,0.5592475036871885,0.0,0.0,0.0,0.0,0.0
391096211358248960,0.0,0.0,0.0,0.0,0.0,0.0,0.0,0.0,0.0,0.0,0.0,1.0,0.0,0.0,0.0,0.0,0.0,0.0,0.0,0.0
391102548964163585,0.0,0.0,0.44825825329756164,0.5533975562556672,0.0,0.0,0.6412535062060094,0.0,0.0,0.0,0.0,0.0,0.0,0.0,0.28567398176833375,0.0,0.0,0.0,0.0,0.0
391103572382724096,0.0,0.0,0.8163269521613488,0.0,0.5775900857658162,0.0,0.0,0.0,0.0,0.0,0.0,0.0,0.0,0.0,0.0,0.0,0.0,0.0,0.0,0.0
391104163762814976,0.0,0.0,0.0,0.0,0.8716468794931382,0.0,0.0,0.0,0.0,0.0,0.0,0.4901343871530283,0.0,0.0,0.0,0.0,0.0,0.0,0.0,0.0
391116297896853504,0.0,0.0,0.0,0.0,0.0,0.0,0.0,0.0,0.0,0.0,0.8142017043095975,0.5805821084905619,0.0,0.0,0.0,0.0,0.0,0.0,0.0,0.0
391116612469653504,0.0,0.0,0.3468292486370592,0.0,0.0,0.0,0.0,0.0,0.0,0.536566328206597,0.0,0.0,0.0,0.0,0.22103350406377698,0.0,0.5323414728043607,0.0,0.5094730553606498,0.0
391122446717554688,0.0,0.0,0.46360262298227467,0.5723409591341122,0.0,0.0,0.0,0.0,0.6763863056430102,0.0,0.0,0.0,0.0,0.0,0.0,0.0,0.0,0.0,0.0,0.0
391140134109716482,0.0,0.8391206396458235,0.0,0.0,0.0,0.0,0.0,0.0,0.0,0.0,0.0,0.39513713337321826,0.0,0.0,0.3738224149913694,0.0,0.0,0.0,0.0,0.0
391147386048757760,0.0,0.0,0.0,0.0,0.0,0.0,0.0,0.0,0.0,0.0,0.0,0.0,0.497115611519369,0.0,0.3024652490646856,0.6331812724405493,0.0,0.5103648872351312,0.0,0.0
391149764252680192,0.0,0.42474242926467765,0.0,0.0,0.0,0.0,0.0,0.0,0.0,0.0,0.0,0.20000879252887885,0.5265543573579857,0.4557207202901532,0.1892198012481732,0.39611305727106305,0.0,0.3192801249905738,0.0,0.0
391153509736792065,0.0,0.0,0.0,0.0,0.0,0.0,0.0,0.0,0.0,0.0,0.0,0.7264279909892297,0.0,0.0,0.6872425873789775,0.0,0.0,0.0,0.0,0.0
391155489448288256,0.0,0.0,0.0,0.0,0.0,0.0,0.0,0.0,0.0,0.0,0.0,0.0,0.0,0.0,0.5098358200669846,0.0,0.0,0.8602717225252875,0.0,0.0
391159838958297088,0.0,0.0,0.0,0.0,0.0,0.0,0.0,0.0,0.0,0.0,0.0,0.23609756702209486,0.6215636878021404,0.5379491168445829,0.22336185395773342,0.46758608911594907,0.0,0.0,0.0,0.0
391173810176548864,0.0,0.0,0.0,0.0,0.7907697780601926,0.0,0.0,0.0,0.0,0.0,0.0,0.44465651133179995,0.0,0.0,0.4206705896980043,0.0,0.0,0.0,0.0,0.0
391182081327644672,0.0,0.7097264626333637,0.0,0.0,0.0,0.0,0.0,0.0,0.0,0.0,0.0,0.334206151862061,0.0,0.0,0.3161782081261508,0.0,0.0,0.5335034554729914,0.0,0.0
391189643661545472,0.0,0.0,0.0,0.0,0.464970060818067,0.0,0.0,0.0,0.0,0.6004576522980324,0.0,0.26145658427193813,0.0,0.0,0.0,0.0,0.5957297246910123,0.0,0.0,0.0
391199424807854082,0.0,0.0,0.0,0.0,0.0,0.0,0.0,0.0,0.8123352072095675,0.0,0.0,0.0,0.5831908016488162,0.0,0.0,0.0,0.0,0.0,0.0,0.0
391220002034315264,0.0,0.0,1.0,0.0,0.0,0.0,0.0,0.0,0.0,0.0,0.0,0.0,0.0,0.0,0.0,0.0,0.0,0.0,0.0,0.0
391222426354589696,0.0,0.0,0.0,0.0,0.0,0.0,0.0,0.0,0.0,0.0,0.0,0.40941161734542,0.6365896497428284,0.0,0.0,0.0,0.0,0.6535562297330738,0.0,0.0
391276436398428160,0.0,0.0,0.0,0.0,0.0,0.0,0.6375309727655762,0.0,0.6502026753341131,0.0,0.0,0.30020970658230534,0.0,0.0,0.28401561898372124,0.0,0.0,0.0,0.0,0.0
391283516396163072,0.0,0.6669506503966021,0.0,0.0,0.0,0.6756782483558302,0.0,0.0,0.0,0.0,0.0,0.31406326533733053,0.0,0.0,0.0,0.0,0.0,0.0,0.0,0.0
391323664269848576,0.0,0.0,0.0,0.0,1.0,0.0,0.0,0.0,0.0,0.0,0.0,0.0,0.0,0.0,0.0,0.0,0.0,0.0,0.0,0.0
391326306664583168,0.0,0.0,0.36085512629882494,0.44549396154349885,0.0,0.0,0.0,0.0,0.0,0.5582652296297695,0.0,0.0,0.0,0.0,0.22997216451220454,0.0,0.553869519822251,0.0,0.0,0.0
391330777826222080,0.0,0.0,0.0,0.0,0.0,0.0,0.0,0.0,0.0,0.0,0.0,0.3439474220471257,0.5348000878690207,0.0,0.0,0.0,0.0,0.0,0.0,0.7718089380684989
391331176272510977,0.0,0.4056141895092018,0.0,0.0,0.0,0.0,0.0,0.42544862808998685,0.0,0.0,0.0,0.19100141329596598,0.5028410259414117,0.4351973757909011,0.18069830333466222,0.37827413888734335,0.0,0.0,0.0,0.0
391334724666269696,0.8553289403857866,0.0,0.0,0.0,0.0,0.0,0.0,0.0,0.0,0.0,0.5180853247666138,0.0,0.0,0.0,0.0,0.0,0.0,0.0,0.0,0.0
391335295070646272,0.0,0.0,0.0,0.0,0.0,0.0,0.0,0.0,0.0,0.0,0.0,0.0,0.0,0.0,0.0,0.0,0.0,1.0,0.0,0.0
391337597760311296,0.0,0.0,0.0,0.0,0.0,0.0,0.0,0.0,0.0,0.0,0.0,0.9116478900672126,0.0,0.0,0.41097217002614606,0.0,0.0,0.0,0.0,0.0
391355129946853376,0.38841044949672104,0.747651898722834,0.0,0.0,0.0,0.0,0.0,0.0,0.0,0.3852773437641567,0.0,0.0,0.0,0.0,0.0,0.0,0.0,0.0,0.0,0.3764509655186613
391366198689923072,0.0,0.0,0.0,0.0,0.0,0.0,0.0,0.0,0.0,0.0,0.8290007416279241,0.0,0.0,0.0,0.5592475036871885,0.0,0.0,0.0,0.0,0.0
391372838302543872,0.7082661957161515,0.0,0.0,0.5606351487086246,0.0,0.0,0.0,0.0,0.0,0.0,0.4290072563934422,0.0,0.0,0.0,0.0,0.0,0.0,0.0,0.0,0.0
391375136760135680,0.6067947797076063,0.0,0.0,0.0,0.4660870189678941,0.0,0.0,0.0,0.0,0.0,0.0,0.2620846592540449,0.0,0.0,0.0,0.0,0.0,0.0,0.0,0.5881110587745404
391379524006322176,0.6964572808427427,0.0,0.0,0.0,0.0,0.0,0.0,0.0,0.6515057754917376,0.0,0.0,0.30081137023397636,0.0,0.0,0.0,0.0,0.0,0.0,0.0,0.0
391386624983957504,0.0,0.0,0.0,0.0,0.7441704535647372,0.0,0.0,0.0,0.0,0.0,0.0,0.0,0.0,0.0,0.0,0.0,0.0,0.6679897724076721,0.0,0.0
391395206513164288,0.0,0.0,0.0,0.0,0.0,0.0,0.0,0.0,0.0,0.0,0.0,0.7264279909892297,0.0,0.0,0.6872425873789775,0.0,0.0,0.0,0.0,0.0
391395655291117569,0.0,0.0,1.0,0.0,0.0,0.0,0.0,0.0,0.0,0.0,0.0,0.0,0.0,0.0,0.0,0.0,0.0,0.0,0.0,0.0
391418912710991872,0.0,0.0,0.0,0.0,0.7852258827848632,0.0,0.0,0.0,0.0,0.0,0.6192094258041719,0.0,0.0,0.0,0.0,0.0,0.0,0.0,0.0,0.0
391422343643271169,0.0,0.0,0.6294270261154998,0.7770595979687774,0.0,0.0,0.0,0.0,0.0,0.0,0.0,0.0,0.0,0.0,0.0,0.0,0.0,0.0,0.0,0.0
391433001382723584,0.0,0.0,0.467750900715416,0.5774622184601871,0.0,0.0,0.6691386112988521,0.0,0.0,0.0,0.0,0.0,0.0,0.0,0.0,0.0,0.0,0.0,0.0,0.0
391433844454223872,0.0,0.0,0.467750900715416,0.5774622184601871,0.0,0.0,0.6691386112988521,0.0,0.0,0.0,0.0,0.0,0.0,0.0,0.0,0.0,0.0,0.0,0.0,0.0
391440525980491776,0.0,0.0,0.5841799248000349,0.7211997557652494,0.0,0.0,0.0,0.0,0.0,0.0,0.0,0.0,0.0,0.0,0.3722965588677529,0.0,0.0,0.0,0.0,0.0
391444246336532480,0.0,0.0,0.6294270261154998,0.7770595979687774,0.0,0.0,0.0,0.0,0.0,0.0,0.0,0.0,0.0,0.0,0.0,0.0,0.0,0.0,0.0,0.0
391450013487755264,0.0,0.0,0.0,0.0,0.0,0.0,0.0,0.0,0.0,0.0,0.0,0.7264279909892297,0.0,0.0,0.6872425873789775,0.0,0.0,0.0,0.0,0.0
391463842112229377,0.0,0.0,0.467750900715416,0.5774622184601871,0.0,0.0,0.6691386112988521,0.0,0.0,0.0,0.0,0.0,0.0,0.0,0.0,0.0,0.0,0.0,0.0,0.0
391471211487563776,0.0,0.0,0.467750900715416,0.5774622184601871,0.0,0.0,0.6691386112988521,0.0,0.0,0.0,0.0,0.0,0.0,0.0,0.0,0.0,0.0,0.0,0.0,0.0
391474315301892096,0.0,0.0,0.5841799248000349,0.7211997557652494,0.0,0.0,0.0,0.0,0.0,0.0,0.0,0.0,0.0,0.0,0.3722965588677529,0.0,0.0,0.0,0.0,0.0
391479444914708480,0.0,0.0,0.0,0.0,0.0,0.7383493837350733,0.0,0.0,0.0,0.0,0.48129071028150516,0.34319355252283357,0.0,0.0,0.32468080516334624,0.0,0.0,0.0,0.0,0.0
391481244254343168,0.0,0.0,0.4030617613759179,0.0,0.0,0.0,0.0,0.0,0.0,0.6235615081249267,0.0,0.0,0.0,0.0,0.2568703586019234,0.0,0.618651663679351,0.0,0.0,0.0
391483114926518272,0.0,0.0,0.0,0.0,0.0,1.0,0.0,0.0,0.0,0.0,0.0,0.0,0.0,0.0,0.0,0.0,0.0,0.0,0.0,0.0
391484050277683200,0.0,0.0,0.0,0.0,0.0,0.0,0.0,0.0,0.0,0.0,0.0,0.7264279909892297,0.0,0.0,0.6872425873789775,0.0,0.0,0.0,0.0,0.0
391488756252827648,0.0,0.0,0.0,0.0,0.7907697780601926,0.0,0.0,0.0,0.0,0.0,0.0,0.44465651133179995,0.0,0.0,0.4206705896980043,0.0,0.0,0.0,0.0,0.0
391489662222487552,0.0,0.0,0.0,0.0,0.5677134306068562,0.0,0.0,0.0,0.0,0.0,0.0,0.31923004709296987,0.0,0.0,0.3020099531607093,0.0,0.0,0.0,0.6961204105134978,0.0
391507207009087488,0.0,0.0,0.0,0.0,0.0,0.6828059119109089,0.0,0.0,0.0,0.0,0.0,0.6660497779449787,0.0,0.0,0.3002561905422713,0.0,0.0,0.0,0.0,0.0
391520016417701888,0.0,0.0,0.0,0.0,0.0,0.0,0.0,0.0,0.0,0.0,0.0,0.7264279909892297,0.0,0.0,0.6872425873789775,0.0,0.0,0.0,0.0,0.0
391520398103564288,0.0,0.0,0.4458499554337243,0.5504243903568151,0.0,0.6461545749569478,0.0,0.0,0.0,0.0,0.0,0.0,0.0,0.0,0.28413917892870844,0.0,0.0,0.0,0.0,0.0
391529344541007872,0.0,0.0,0.0,0.0,0.0,0.0,0.0,0.0,0.0,0.0,0.0,0.0,0.497115611519369,0.0,0.3024652490646856,0.6331812724405493,0.0,0.5103648872351312,0.0,0.0
391656620691689473,0.0,0.0,0.8080156521575858,0.5891610186259368,0.0,0.0,0.0,0.0,0.0,0.0,0.0,0.0,0.0,0.0,0.0,0.0,0.0,0.0,0.0,0.0
391699499061506048,0.0,0.0,0.8080156521575858,0.5891610186259368,0.0,0.0,0.0,0.0,0.0,0.0,0.0,0.0,0.0,0.0,0.0,0.0,0.0,0.0,0.0,0.0
391724518118404097,0.0,0.0,0.0,0.5808805491741174,0.0,0.6819076896447945,0.0,0.0,0.0,0.0,0.44449937052202254,0.0,0.0,0.0,0.0,0.0,0.0,0.0,0.0,0.0
391726644630544384,0.0,0.0,0.8080156521575858,0.5891610186259368,0.0,0.0,0.0,0.0,0.0,0.0,0.0,0.0,0.0,0.0,0.0,0.0,0.0,0.0,0.0,0.0
391746458518425600,0.0,0.0,0.4458499554337243,0.5504243903568151,0.0,0.6461545749569478,0.0,0.0,0.0,0.0,0.0,0.0,0.0,0.0,0.28413917892870844,0.0,0.0,0.0,0.0,0.0
391768205955301377,0.0,0.0,0.8080156521575858,0.5891610186259368,0.0,0.0,0.0,0.0,0.0,0.0,0.0,0.0,0.0,0.0,0.0,0.0,0.0,0.0,0.0,0.0
391770533823401985,0.0,0.0,0.4458499554337243,0.5504243903568151,0.0,0.6461545749569478,0.0,0.0,0.0,0.0,0.0,0.0,0.0,0.0,0.28413917892870844,0.0,0.0,0.0,0.0,0.0
391776858804457472,0.0,0.0,0.46501652052712367,0.5740864873878796,0.0,0.6739320000085269,0.0,0.0,0.0,0.0,0.0,0.0,0.0,0.0,0.0,0.0,0.0,0.0,0.0,0.0
391779501232779264,0.0,0.0,0.0,0.0,0.0,0.0,0.0,0.0,0.0,0.0,0.0,0.0,0.0,0.0,0.5098358200669846,0.0,0.0,0.8602717225252875,0.0,0.0
391784614080954368,0.0,0.0,0.2690258647236566,0.0,0.0,0.6601406003484477,0.38485354758126616,0.0,0.0,0.41619967460827656,0.0,0.0,0.0,0.0,0.0,0.0,0.41292257101224045,0.0,0.0,0.0
391793195618557952,0.0,0.0,0.0,0.0,0.0,0.0,0.0,0.0,0.0,0.0,0.0,0.7264279909892297,0.0,0.0,0.6872425873789775,0.0,0.0,0.0,0.0,0.0
391798149104549888,0.0,0.0,0.0,0.5772225599195939,0.0,0.0,0.0,0.0,0.0,0.0,0.44170021685209193,0.0,0.0,0.0,0.0,0.0,0.0,0.0,0.6868151387037751,0.0
391798648238923776,0.0,0.0,0.0,0.0,0.0,0.0,0.0,0.0,0.0,0.6782330779150479,0.0,0.2953222483105205,0.0,0.0,0.0,0.0,0.6728927564439224,0.0,0.0,0.0
391806843905138688,0.0,0.0,0.0,0.0,0.5251927998631806,0.0,0.0,0.0,0.0,0.0,0.0,0.29532033803391766,0.0,0.0,0.0,0.0,0.0,0.4714288469398834,0.6439823469539656,0.0
391810501325254657,0.0,0.0,0.0,0.0,0.0,0.0,0.0,0.0,0.0,0.0,0.8290007416279241,0.0,0.0,0.0,0.5592475036871885,0.0,0.0,0.0,0.0,0.0
391811377951555584,0.0,0.0,0.0,0.0,0.0,0.7860929725513915,0.0,0.0,0.0,0.0,0.5124122176315253,0.0,0.0,0.0,0.34567550929630453,0.0,0.0,0.0,0.0,0.0
391812720107859968,0.0,0.6427970535468699,0.0,0.0,0.0,0.0,0.6427970535468699,0.0,0.0,0.0,0.0,0.3026894740504378,0.0,0.0,0.28636162138456045,0.0,0.0,0.0,0.0,0.0
391814167155314688,0.0,0.0,0.0,0.7995606086177485,0.0,0.0,0.0,0.0,0.0,0.0,0.0,0.43628205186148467,0.0,0.0,0.41274787021903364,0.0,0.0,0.0,0.0,0.0
391821993731194880,0.0,0.0,0.0,0.0,0.0,0.0,0.0,0.0,0.0,0.0,1.0,0.0,0.0,0.0,0.0,0.0,0.0,0.0,0.0,0.0
391830520759201792,0.0,0.0,0.0,0.0,0.0,0.0,0.0,0.0,0.0,0.0,0.8290007416279241,0.0,0.0,0.0,0.5592475036871885,0.0,0.0,0.0,0.0,0.0
391832487871414272,0.0,0.0,0.0,0.0,0.0,0.0,0.0,0.0,0.0,0.0,0.0,0.5409215699711626,0.8410730379342406,0.0,0.0,0.0,0.0,0.0,0.0,0.0
391847784485498880,0.0,0.0,0.0,0.0,0.0,0.0,0.6539577292843461,0.0,0.0,0.0,0.0,0.3079449727344837,0.0,0.0,0.0,0.0,0.0,0.0,0.0,0.691020391939934
391855472640151552,0.0,0.0,0.0,0.0,0.0,0.0,0.0,0.0,0.0,0.0,0.0,0.7264279909892297,0.0,0.0,0.6872425873789775,0.0,0.0,0.0,0.0,0.0
391873160041099264,0.0,0.0,0.0,0.0,0.0,0.0,0.0,0.0,0.0,0.0,0.0,1.0,0.0,0.0,0.0,0.0,0.0,0.0,0.0,0.0
391874619671461888,0.0,0.9338948324333809,0.0,0.0,0.0,0.0,0.0,0.0,0.0,0.0,0.0,0.2597327429067827,0.0,0.0,0.24572208735957507,0.0,0.0,0.0,0.0,0.0
391881712231120896,0.0,0.0,0.0,0.0,0.7852258827848632,0.0,0.0,0.0,0.0,0.0,0.6192094258041719,0.0,0.0,0.0,0.0,0.0,0.0,0.0,0.0,0.0
391886846067609600,0.0,0.0,0.0,0.0,0.7852258827848632,0.0,0.0,0.0,0.0,0.0,0.6192094258041719,0.0,0.0,0.0,0.0,0.0,0.0,0.0,0.0,0.0
391894131561086977,0.0,0.0,0.0,0.7540541195104113,0.0,0.0,0.0,0.0,0.0,0.0,0.0,0.0,0.0,0.0,0.0,0.0,0.0,0.6568122904219883,0.0,0.0
391895184310829057,0.0,0.0,0.0,0.0,0.7245522900416628,0.0,0.0,0.0,0.0,0.0,0.5713637531796913,0.0,0.0,0.0,0.38544447141942345,0.0,0.0,0.0,0.0,0.0
391897344414711808,0.8418229777181014,0.0,0.5397537162316058,0.0,0.0,0.0,0.0,0.0,0.0,0.0,0.0,0.0,0.0,0.0,0.0,0.0,0.0,0.0,0.0,0.0
391897428288221184,0.6010293382099688,0.0,0.0,0.0,0.0,0.0,0.0,0.0,0.0,0.0,0.0,0.2595944701145049,0.0,0.0,0.24559127335914027,0.0,0.0,0.41439855626873773,0.0,0.5825231400631894
391898170671648769,0.0,0.0,0.0,0.3948488156611845,0.3831529762527855,0.46352119042256756,0.0,0.0,0.0,0.0,0.5115756531382321,0.0,0.0,0.0,0.0,0.0,0.0,0.0,0.4698155666908338,0.0
391899114390048768,0.0,0.0,0.0,0.0,0.6504434926826119,0.0,0.0,0.0,0.0,0.0,0.0,0.3657498583016231,0.5687004577431882,0.0,0.34602036550162146,0.0,0.0,0.0,0.0,0.0
391905934315761665,0.0,0.0,0.0,0.0,0.0,0.0,0.0,0.0,0.0,0.0,0.0,0.5295670194998288,0.0,0.0,0.8482681014031282,0.0,0.0,0.0,0.0,0.0
391909352682299392,0.0,0.0,0.0,0.0,0.0,0.0,0.0,0.0,0.0,0.0,0.8290007416279241,0.0,0.0,0.0,0.5592475036871885,0.0,0.0,0.0,0.0,0.0
391919888769351680,0.0,0.0,0.0,0.0,0.0,0.0,0.0,0.0,0.0,0.0,0.0,0.0,0.8542953688285765,0.0,0.5197878632654349,0.0,0.0,0.0,0.0,0.0
391921977524359169,0.0,0.0,0.0,0.0,0.0,0.0,0.7983548303631193,0.0,0.0,0.0,0.0,0.0,0.0,0.0,0.6021873170666042,0.0,0.0,0.0,0.0,0.0
391930340979527680,0.0,0.49005436640276506,0.0,0.0,0.0,0.8405919230150473,0.0,0.0,0.0,0.0,0.0,0.23076381200580223,0.0,0.0,0.0,0.0,0.0,0.0,0.0,0.0
391953963308036096,0.0,0.0,0.5340255804218941,0.0,0.0,0.7739443903229011,0.0,0.0,0.0,0.0,0.0,0.0,0.0,0.0,0.34033330742490064,0.0,0.0,0.0,0.0,0.0
391998649435029504,0.0,0.0,0.8433044958161274,0.0,0.0,0.0,0.0,0.0,0.0,0.0,0.0,0.0,0.0,0.0,0.5374360681386271,0.0,0.0,0.0,0.0,0.0
392029871825625088,0.0,0.0,0.0,0.0,0.0,0.0,0.0,0.0,0.0,0.0,0.0,0.7264279909892297,0.0,0.0,0.6872425873789775,0.0,0.0,0.0,0.0,0.0
392030903632818176,0.0,0.0,0.0,0.0,0.0,0.0,0.0,0.8506591868350725,0.0,0.0,0.0,0.3818959474569757,0.0,0.0,0.36129549287118434,0.0,0.0,0.0,0.0,0.0
392031549530853376,0.0,0.0,0.0,0.0,0.0,0.0,0.0,0.0,0.0,0.0,0.0,0.23609756702209486,0.6215636878021404,0.5379491168445829,0.22336185395773342,0.46758608911594907,0.0,0.0,0.0,0.0
392031608271667200,0.0,0.0,0.6595806968483354,0.0,0.0,0.0,0.0,0.0,0.0,0.0,0.6231049418108394,0.0,0.0,0.0,0.42034930217139005,0.0,0.0,0.0,0.0,0.0
392032107402256385,0.0,0.0,0.0,0.0,0.0,0.0,0.0,0.0,0.0,0.0,0.0,0.7264279909892297,0.0,0.0,0.6872425873789775,0.0,0.0,0.0,0.0,0.0
392033197883543552,0.0,0.0,0.8433044958161274,0.0,0.0,0.0,0.0,0.0,0.0,0.0,0.0,0.0,0.0,0.0,0.5374360681386271,0.0,0.0,0.0,0.0,0.0
392036079391371264,0.0,0.0,0.0,0.0,0.0,0.0,0.0,0.0,0.0,0.0,0.8290007416279241,0.0,0.0,0.0,0.5592475036871885,0.0,0.0,0.0,0.0,0.0
392037442552741888,0.0,0.0,0.4170557028110642,0.0,0.0,0.0,0.0,0.0,0.0,0.6452110022275769,0.0,0.0,0.0,0.0,0.0,0.0,0.6401306924037113,0.0,0.0,0.0
392043595563155457,0.0,0.0,0.0,0.0,0.0,0.0,0.0,0.0,0.0,0.0,0.0,0.7264279909892297,0.0,0.0,0.6872425873789775,0.0,0.0,0.0,0.0,0.0
392043641704685568,0.0,0.0,0.4170557028110642,0.0,0.0,0.0,0.0,0.0,0.0,0.6452110022275769,0.0,0.0,0.0,0.0,0.0,0.0,0.6401306924037113,0.0,0.0,0.0
392046091199197185,0.0,0.0,0.0,0.0,0.0,0.6348249817481239,0.0,0.6572668961553925,0.0,0.0,0.0,0.2950741823799702,0.0,0.0,0.27915711823190686,0.0,0.0,0.0,0.0,0.0
392047634690473985,0.0,0.0,0.0,0.0,0.0,0.0,0.0,0.0,0.0,0.0,0.0,1.0,0.0,0.0,0.0,0.0,0.0,0.0,0.0,0.0
392048364516171776,0.0,0.0,0.0,0.0,0.8716468794931382,0.0,0.0,0.0,0.0,0.0,0.0,0.4901343871530283,0.0,0.0,0.0,0.0,0.0,0.0,0.0,0.0
392049119465730048,0.0,0.0,0.0,0.0,0.0,0.5706116643665227,0.0,0.0,0.0,0.6091169004020234,0.0,0.26522707070502466,0.412398673826535,0.0,0.2509200369138455,0.0,0.0,0.0,0.0,0.0
392050230989836288,0.0,0.0,0.0,0.0,0.0,0.41003439957387217,0.0,0.42452966545634124,0.0,0.0,0.0,0.19058885311783005,0.5017548968931675,0.43425735600894083,0.18030799771898023,0.37745707244039645,0.0,0.0,0.0,0.0
392051057259323392,0.0,0.0,0.0,0.0,0.0,0.0,0.8344648282819659,0.0,0.0,0.0,0.5510612038243567,0.0,0.0,0.0,0.0,0.0,0.0,0.0,0.0,0.0
392059814966087680,0.0,0.0,0.0,0.0,0.0,0.0,0.0,0.0,0.0,0.0,0.0,1.0,0.0,0.0,0.0,0.0,0.0,0.0,0.0,0.0
392067054309609472,0.0,0.0,0.0,0.0,0.0,0.0,0.8391206396458235,0.0,0.0,0.0,0.0,0.39513713337321826,0.0,0.0,0.3738224149913694,0.0,0.0,0.0,0.0,0.0
392067347923472384,0.0,0.0,0.0,0.0,0.5747905436107519,0.0,0.0,0.0,0.0,0.0,0.4532653982375102,0.32320956738563034,0.0,0.0,0.3057748078419432,0.0,0.0,0.515949272870758,0.0,0.0
392067356295315456,0.0,0.0,0.4666095947662723,0.0,0.5589899129507466,0.0,0.0,0.0,0.0,0.0,0.0,0.0,0.0,0.0,0.0,0.0,0.0,0.0,0.6854237837217,0.0
392068824314298368,0.6749944099739968,0.6191223753102292,0.0,0.0,0.0,0.0,0.0,0.0,0.0,0.0,0.0,0.2915412028126954,0.0,0.0,0.2758147167150482,0.0,0.0,0.0,0.0,0.0
392070321701781505,0.0,0.0,0.0,0.0,0.5693079752272288,0.6887231125676744,0.0,0.0,0.0,0.0,0.4489419823961304,0.0,0.0,0.0,0.0,0.0,0.0,0.0,0.0,0.0
392071970063679488,0.0,0.0,0.3730818703745237,0.0,0.44694537914210763,0.0,0.0,0.0,0.0,0.5771807599675371,0.0,0.0,0.0,0.0,0.0,0.0,0.572636111666616,0.0,0.0,0.0
392073169621614592,0.0,0.0,0.0,0.0,0.0,0.0,0.0,0.0,0.0,0.0,0.0,0.28007582624603583,0.7373433179403582,0.0,0.2649678121977604,0.5546840736315013,0.0,0.0,0.0,0.0
392074683744399360,0.0,0.0,0.0,0.0,0.0,0.0,0.0,0.0,0.0,0.0,0.0,0.28007582624603583,0.7373433179403582,0.0,0.2649678121977604,0.5546840736315013,0.0,0.0,0.0,0.0
392080677417410560,0.0,0.0,0.0,0.0,0.0,0.0,0.0,0.0,0.0,0.0,0.0,0.2880450836221047,0.4478781527550872,0.6563117117231204,0.27250718723087325,0.0,0.0,0.45981513681958214,0.0,0.0
392081117844492288,0.0,0.0,0.0,0.0,0.0,0.0,0.0,0.0,0.0,0.0,0.0,0.0,0.0,0.0,0.5098358200669846,0.0,0.0,0.8602717225252875,0.0,0.0
392081218499379201,0.0,0.0,1.0,0.0,0.0,0.0,0.0,0.0,0.0,0.0,0.0,0.0,0.0,0.0,0.0,0.0,0.0,0.0,0.0,0.0
392083277877493760,0.0,0.0,0.0,0.0,0.0,0.0,0.0,0.0,0.0,0.0,0.0,0.41684339057175535,0.0,0.0,0.0,0.0,0.0,0.0,0.9089783208287441,0.0
392086121649172481,0.0,0.0,0.0,0.0,0.0,0.0,0.0,0.0,0.0,0.0,1.0,0.0,0.0,0.0,0.0,0.0,0.0,0.0,0.0,0.0
392087866475425792,0.0,0.0,0.5729310710086517,0.0,0.0,0.0,0.8196035553076131,0.0,0.0,0.0,0.0,0.0,0.0,0.0,0.0,0.0,0.0,0.0,0.0,0.0
392088210383179776,0.0,0.0,0.0,0.0,0.0,0.0,0.0,0.0,0.0,0.0,0.0,1.0,0.0,0.0,0.0,0.0,0.0,0.0,0.0,0.0
392090353680908289,0.0,0.0,0.0,0.0,0.5479314390404093,0.0,0.6543006804776293,0.0,0.0,0.0,0.43208498240655024,0.0,0.0,0.0,0.2914864072582953,0.0,0.0,0.0,0.0,0.0
392091221893455872,0.0,0.0,0.0,0.0,0.5251501852309954,0.0,0.0,0.0,0.0,0.0,0.0,0.2952963754670557,0.0,0.0,0.0,0.0,0.0,0.7981336564685584,0.0,0.0
392092018802839552,0.0,0.0,0.0,0.0,0.0,0.0,0.0,0.0,0.0,0.0,0.8290007416279241,0.0,0.0,0.0,0.5592475036871885,0.0,0.0,0.0,0.0,0.0
392098591306575872,0.0,0.0,1.0,0.0,0.0,0.0,0.0,0.0,0.0,0.0,0.0,0.0,0.0,0.0,0.0,0.0,0.0,0.0,0.0,0.0
392100344521437184,0.0,0.0,0.7269209316925136,0.0,0.0,0.0,0.0,0.0,0.0,0.0,0.686721165442924,0.0,0.0,0.0,0.0,0.0,0.0,0.0,0.0,0.0
392111513932025857,0.0,0.0,0.0,0.0,0.5479314390404093,0.0,0.6543006804776293,0.0,0.0,0.0,0.43208498240655024,0.0,0.0,0.0,0.2914864072582953,0.0,0.0,0.0,0.0,0.0
392115699855810560,0.0,0.0,0.0,0.0,0.0,0.0,0.0,0.0,0.0,0.0,1.0,0.0,0.0,0.0,0.0,0.0,0.0,0.0,0.0,0.0
392119210488258561,0.0,0.0,0.0,0.0,0.0,0.0,0.0,0.0,0.0,0.0,0.8290007416279241,0.0,0.0,0.0,0.5592475036871885,0.0,0.0,0.0,0.0,0.0
392122301690310656,0.0,0.0,0.7332487646612539,0.0,0.0,0.0,0.0,0.0,0.0,0.0,0.0,0.493942322639914,0.0,0.0,0.46729779694305457,0.0,0.0,0.0,0.0,0.0
392122528191094784,0.0,0.0,1.0,0.0,0.0,0.0,0.0,0.0,0.0,0.0,0.0,0.0,0.0,0.0,0.0,0.0,0.0,0.0,0.0,0.0
392124126199939073,0.0,0.0,0.33062176775922847,0.0,0.0,0.47915843708037686,0.0,0.0,0.0,0.5114923514924916,0.3123379115632026,0.0,0.0,0.0,0.21070451276747945,0.0,0.5074649254114918,0.0,0.0,0.0
392136239383465985,0.0,0.0,0.0,0.0,0.0,0.0,0.0,0.0,0.0,0.0,0.0,0.0,0.0,0.0,0.5098358200669846,0.0,0.0,0.8602717225252875,0.0,0.0
392138995007647744,0.0,0.0,0.0,0.0,0.0,0.0,0.0,0.0,0.0,0.0,0.0,1.0,0.0,0.0,0.0,0.0,0.0,0.0,0.0,0.0
392139355730362368,0.0,0.0,0.0,0.0,0.0,0.0,0.0,0.0,0.0,0.0,0.0,0.5409215699711626,0.8410730379342406,0.0,0.0,0.0,0.0,0.0,0.0,0.0
392139414463201281,0.0,0.5111894883741259,0.0,0.0,0.0,0.0,0.0,0.0,0.0,0.0,0.0,0.24071622065205095,0.6337230142159004,0.0,0.22773136547192477,0.47673323203254775,0.0,0.0,0.0,0.0
392139951338295296,0.0,0.0,0.0,0.0,0.0,0.0,0.0,0.0,0.0,0.0,0.0,0.5409215699711626,0.8410730379342406,0.0,0.0,0.0,0.0,0.0,0.0,0.0
392140530143866880,0.0,0.0,0.7597008075492244,0.0,0.0,0.6502727758479947,0.0,0.0,0.0,0.0,0.0,0.0,0.0,0.0,0.0,0.0,0.0,0.0,0.0,0.0
392140622397591552,0.0,0.0,0.0,0.0,0.0,0.0,0.0,0.0,0.0,0.0,0.0,0.0,0.0,0.0,0.0,0.0,0.0,1.0,0.0,0.0
392141691970273280,0.0,0.0,0.0,0.7941621251217676,0.0,0.0,0.0,0.0,0.0,0.0,0.6077059478251616,0.0,0.0,0.0,0.0,0.0,0.0,0.0,0.0,0.0
392142312727261185,0.0,0.0,0.5977907533197202,0.0,0.0,0.0,0.0,0.0,0.0,0.546213187872611,0.0,0.0,0.0,0.0,0.22500743810156398,0.0,0.5419123743175202,0.0,0.0,0.0
392151418540281856,0.0,0.0,1.0,0.0,0.0,0.0,0.0,0.0,0.0,0.0,0.0,0.0,0.0,0.0,0.0,0.0,0.0,0.0,0.0,0.0
392152081248694273,0.0,0.0,0.0,0.7540541195104113,0.0,0.0,0.0,0.0,0.0,0.0,0.0,0.0,0.0,0.0,0.0,0.0,0.0,0.6568122904219883,0.0,0.0
392153104650493952,0.0,0.0,1.0,0.0,0.0,0.0,0.0,0.0,0.0,0.0,0.0,0.0,0.0,0.0,0.0,0.0,0.0,0.0,0.0,0.0
392153515688484864,0.0,0.0,0.0,0.6188954699871463,0.0,0.0,0.0,0.0,0.0,0.0,0.47358901450452545,0.0,0.0,0.0,0.31948520771553696,0.0,0.0,0.5390835228617008,0.0,0.0
392153620575039488,0.0,0.0,0.0,0.6188954699871463,0.0,0.0,0.0,0.0,0.0,0.0,0.47358901450452545,0.0,0.0,0.0,0.31948520771553696,0.0,0.0,0.5390835228617008,0.0,0.0
392154622992740353,0.0,0.0,0.0,0.6188954699871463,0.0,0.0,0.0,0.0,0.0,0.0,0.47358901450452545,0.0,0.0,0.0,0.31948520771553696,0.0,0.0,0.5390835228617008,0.0,0.0
392155063411425280,0.0,0.0,0.0,0.0,0.0,0.0,0.0,0.0,0.0,0.0,0.8290007416279241,0.0,0.0,0.0,0.5592475036871885,0.0,0.0,0.0,0.0,0.0
392157382844760064,0.0,0.0,0.0,0.0,0.0,0.0,0.0,0.0,0.0,0.0,1.0,0.0,0.0,0.0,0.0,0.0,0.0,0.0,0.0,0.0
392157940678803456,0.0,0.0,0.8293731296293788,0.0,0.0,0.0,0.0,0.0,0.0,0.0,0.0,0.5586950973910275,0.0,0.0,0.0,0.0,0.0,0.0,0.0,0.0
392158506930819072,0.0,0.0,1.0,0.0,0.0,0.0,0.0,0.0,0.0,0.0,0.0,0.0,0.0,0.0,0.0,0.0,0.0,0.0,0.0,0.0
392162034327879680,0.0,0.0,0.5932540831321436,0.0,0.7107077351331021,0.0,0.0,0.0,0.0,0.0,0.0,0.0,0.0,0.0,0.3780794996677498,0.0,0.0,0.0,0.0,0.0
392166220264636416,0.0,0.0,0.0,0.0,0.8828499995951427,0.0,0.0,0.0,0.0,0.0,0.0,0.0,0.0,0.0,0.46965506301418336,0.0,0.0,0.0,0.0,0.0
392168686519201792,0.0,0.0,0.0,0.0,0.0,0.0,0.0,0.0,0.0,0.0,0.8290007416279241,0.0,0.0,0.0,0.5592475036871885,0.0,0.0,0.0,0.0,0.0
392174726312755200,0.0,0.0,0.0,0.0,0.0,0.0,0.0,0.0,0.0,0.0,1.0,0.0,0.0,0.0,0.0,0.0,0.0,0.0,0.0,0.0
392174818579480576,0.0,0.0,0.0,0.0,0.0,0.0,0.0,0.0,0.0,0.0,0.0,0.0,0.0,0.0,0.0,0.0,0.0,0.5906913509855561,0.8068975944138502,0.0
392182510920024064,0.0,0.0,0.0,0.0,0.0,0.0,0.0,0.0,0.0,0.0,0.0,0.0,0.0,0.0,0.0,0.0,0.0,1.0,0.0,0.0
392190949851267072,0.0,0.0,0.0,0.0,0.7907697780601926,0.0,0.0,0.0,0.0,0.0,0.0,0.44465651133179995,0.0,0.0,0.4206705896980043,0.0,0.0,0.0,0.0,0.0
392192686293147648,0.0,0.0,0.0,0.0,0.0,0.0,0.0,0.0,0.0,0.0,0.8290007416279241,0.0,0.0,0.0,0.5592475036871885,0.0,0.0,0.0,0.0,0.0
392193541935341569,0.0,0.0,0.0,0.0,0.0,0.0,0.5509721700358984,0.5779145797171824,0.0,0.0,0.36384923247011586,0.25944965902435346,0.4034154395400599,0.0,0.0,0.0,0.0,0.0,0.0,0.0
392200101826793472,0.0,0.0,0.0,0.0,0.0,0.0,0.0,0.0,0.0,0.0,0.0,0.7264279909892297,0.0,0.0,0.6872425873789775,0.0,0.0,0.0,0.0,0.0
392200986829524992,0.0,0.0,0.0,0.0,0.0,0.0,0.43180969110950784,0.452925083564744,0.0,0.0,0.28515709726884314,0.20333672590844967,0.5353156612979466,0.0,0.19236821729872572,0.40270395684456994,0.0,0.0,0.0,0.0
392203662790909952,0.0,0.0,0.0,0.0,0.0,0.0,0.0,0.0,0.0,0.0,0.0,0.0,0.0,0.0,0.0,0.0,0.0,0.0,0.0,0.0
392205441196765184,0.0,0.0,0.0,0.0,0.0,0.0,0.0,0.0,0.0,0.0,0.0,0.2760529810350072,0.7267525501642966,0.6289876648165507,0.0,0.0,0.0,0.0,0.0,0.0
392223308923416576,0.0,0.0,0.0,0.0,0.0,0.0,0.0,0.0,0.0,0.0,0.0,0.0,0.0,0.0,0.0,0.0,0.0,0.0,0.0,0.0
392231676576665600,0.0,0.0,0.0,0.0,0.0,0.0,0.0,0.0,0.0,0.0,0.0,0.7264279909892297,0.0,0.0,0.6872425873789775,0.0,0.0,0.0,0.0,0.0
392235090735931392,0.0,0.0,0.0,0.0,0.0,0.0,0.0,0.0,0.0,0.0,0.0,0.0,0.0,0.0,1.0,0.0,0.0,0.0,0.0,0.0
392235942163271681,0.0,0.0,0.6294270261154998,0.7770595979687774,0.0,0.0,0.0,0.0,0.0,0.0,0.0,0.0,0.0,0.0,0.0,0.0,0.0,0.0,0.0,0.0
392240086143623169,0.0,0.0,0.8163269521613488,0.0,0.5775900857658162,0.0,0.0,0.0,0.0,0.0,0.0,0.0,0.0,0.0,0.0,0.0,0.0,0.0,0.0,0.0
392242527228534784,0.0,0.0,0.0,0.0,0.0,0.0,0.0,0.0,0.0,0.0,0.0,0.5295670194998288,0.0,0.0,0.8482681014031282,0.0,0.0,0.0,0.0,0.0
392243026363682816,0.0,0.0,0.0,0.0,0.0,0.0,0.0,0.0,0.0,0.0,0.0,0.34081377571409716,0.5299276154304151,0.7765453577787553,0.0,0.0,0.0,0.0,0.0,0.0
392256389411643392,0.0,0.0,0.0,0.0,0.0,0.0,0.0,0.0,0.0,0.0,0.0,0.0,0.0,0.0,0.0,0.0,0.0,0.0,0.0,0.0
392262190113103872,0.0,0.0,0.0,0.0,0.0,0.0,0.0,0.0,0.0,0.0,0.0,0.4815319864267348,0.7487288234929044,0.0,0.455556906345249,0.0,0.0,0.0,0.0,0.0
392273820939071490,0.0,0.0,0.0,0.0,0.8716468794931382,0.0,0.0,0.0,0.0,0.0,0.0,0.4901343871530283,0.0,0.0,0.0,0.0,0.0,0.0,0.0,0.0
392282100499357697,0.0,0.0,0.0,0.0,0.0,0.0,0.629770540167455,0.0,0.0,0.0,0.0,0.2965553630401754,0.46111069322154996,0.0,0.2805584001785303,0.0,0.0,0.4734003549589997,0.0,0.0
392304774911393792,0.0,0.0,0.5841799248000349,0.7211997557652494,0.0,0.0,0.0,0.0,0.0,0.0,0.0,0.0,0.0,0.0,0.3722965588677529,0.0,0.0,0.0,0.0,0.0
392318658032066561,0.0,0.0,0.0,0.0,0.0,0.0,0.0,0.0,0.0,0.0,0.0,1.0,0.0,0.0,0.0,0.0,0.0,0.0,0.0,0.0
392331417104830464,0.0,0.0,0.0,0.0,0.0,0.0,0.0,0.0,0.0,0.0,1.0,0.0,0.0,0.0,0.0,0.0,0.0,0.0,0.0,0.0
392345728091041792,0.0,0.0,0.0,0.0,0.0,0.0,0.0,0.0,0.0,0.0,0.0,0.0,0.0,0.0,0.0,0.0,0.0,1.0,0.0,0.0
392353349120831488,0.0,0.0,0.0,0.0,0.0,0.0,0.0,0.0,0.0,0.0,0.5299731365776673,0.0,0.0,0.0,0.0,0.0,0.0,0.0,0.0,0.8480144306001104
392353961514004480,0.0,0.0,0.0,0.0,0.0,0.0,0.0,0.0,0.0,0.0,0.0,0.3297186838703488,0.0,0.0,0.3119328057577688,0.0,0.0,0.5263399736921682,0.7189921740134718,0.0
392377755763232768,0.0,0.0,0.0,0.0,0.0,0.0,0.0,0.0,0.8439535404423786,0.0,0.0,0.38966779799100504,0.0,0.0,0.36864810969760314,0.0,0.0,0.0,0.0,0.0
392383309042700288,0.0,0.0,0.0,0.0,0.0,0.0,0.0,0.0,0.0,0.0,1.0,0.0,0.0,0.0,0.0,0.0,0.0,0.0,0.0,0.0
392391898977304576,0.0,0.0,0.0,0.0,0.0,0.0,0.0,0.0,0.0,0.0,0.0,0.7264279909892297,0.0,0.0,0.6872425873789775,0.0,0.0,0.0,0.0,0.0
392397578043543552,0.0,0.0,1.0,0.0,0.0,0.0,0.0,0.0,0.0,0.0,0.0,0.0,0.0,0.0,0.0,0.0,0.0,0.0,0.0,0.0
392404649652662272,0.0,0.0,0.0,0.0,0.0,0.0,0.0,0.0,0.0,0.0,1.0,0.0,0.0,0.0,0.0,0.0,0.0,0.0,0.0,0.0
392412069397405696,0.0,0.0,0.0,0.0,0.0,0.0,0.0,0.0,0.0,0.0,0.0,0.5308741952660451,0.0,0.0,0.0,0.0,0.0,0.8474506409228971,0.0,0.0
392413101183627264,0.0,0.0,0.0,0.0,0.0,0.0,0.0,0.769497810870984,0.0,0.0,0.0,0.34545926276538164,0.5371508324803772,0.0,0.0,0.0,0.0,0.0,0.0,0.0
392420038570823681,0.0,0.0,0.0,0.0,0.0,0.0,0.7069027303416169,0.0,0.0,0.0,0.46682215518992265,0.0,0.0,0.0,0.0,0.0,0.0,0.5313808476595699,0.0,0.0
392430222328360960,0.8301621034195916,0.0,0.0,0.0,0.0,0.0,0.0,0.0,0.0,0.0,0.0,0.0,0.5575220910833573,0.0,0.0,0.0,0.0,0.0,0.0,0.0
392439441400143872,0.0,0.0,0.0,0.0,0.0,0.0,0.0,0.0,0.0,0.0,0.0,0.0,0.5780696712740693,0.0,0.3517209740491922,0.736293291811746,0.0,0.0,0.0,0.0
392442192867762178,0.0,0.0,0.0,0.0,0.8716468794931382,0.0,0.0,0.0,0.0,0.0,0.0,0.4901343871530283,0.0,0.0,0.0,0.0,0.0,0.0,0.0,0.0
392452917724061696,0.0,0.0,0.0,0.0,0.0,0.0,0.0,0.0,0.0,0.0,0.0,0.7264279909892297,0.0,0.0,0.6872425873789775,0.0,0.0,0.0,0.0,0.0
392456570962862081,0.0,0.0,0.0,0.0,0.0,0.0,0.0,0.0,0.6353273015300591,0.0,0.0,0.2933414918326161,0.0,0.0,0.2775178934915866,0.0,0.0,0.0,0.0,0.6582505661918878
392464011653947392,0.0,0.0,0.0,0.0,0.0,0.0,0.0,0.0,0.0,0.0,0.0,1.0,0.0,0.0,0.0,0.0,0.0,0.0,0.0,0.0
392468767973720066,0.0,0.0,0.0,0.0,0.0,0.0,0.0,0.0,0.0,0.0,0.0,1.0,0.0,0.0,0.0,0.0,0.0,0.0,0.0,0.0
392473499148640256,0.0,0.0,0.0,0.0,0.0,0.0,0.0,0.0,0.0,0.0,0.0,0.8729683061166079,0.0,0.0,0.48777693315274795,0.0,0.0,0.0,0.0,0.0
392474518360313856,0.0,0.0,0.0,0.0,0.0,0.0,0.0,0.0,0.0,0.0,0.0,0.0,0.0,0.0,0.0,0.0,0.0,1.0,0.0,0.0
392480210035040257,0.0,0.0,0.0,0.0,0.0,0.0,0.0,0.7498851579003479,0.0,0.0,0.47212018647513115,0.3366543350054959,0.0,0.0,0.3184943299424104,0.0,0.0,0.0,0.0,0.0
392483137663401984,0.0,0.5331991829831977,0.6310775470637929,0.0,0.0,0.0,0.0,0.0,0.0,0.0,0.0,0.0,0.0,0.0,0.0,0.0,0.0,0.0,0.0,0.5634179273487815
392484484022812672,0.0,0.0,0.0,0.0,0.8716468794931382,0.0,0.0,0.0,0.0,0.0,0.0,0.4901343871530283,0.0,0.0,0.0,0.0,0.0,0.0,0.0,0.0
392487717839179777,0.0,0.0,0.0,0.0,0.0,0.0,0.0,0.0,0.0,0.6573827877319113,0.0,0.28624343045967254,0.0,0.0,0.2708027198971968,0.0,0.0,0.0,0.0,0.6423227037936461
392488825140023296,0.0,0.0,0.0,0.0,0.0,0.0,0.0,0.0,0.0,0.0,0.7136381590003321,0.5088733477941602,0.0,0.0,0.48142340400460415,0.0,0.0,0.0,0.0,0.0
392490439942868992,0.0,0.0,0.0,0.0,0.0,0.0,0.0,0.0,0.0,0.0,0.0,0.40704866897945546,0.0,0.0,0.0,0.0,0.0,0.0,0.0,0.9134064709000335
392490448356253696,0.0,0.0,0.0,0.0,0.0,0.0,0.0,0.0,0.0,0.0,0.0,0.37985646938334744,0.0,0.0,0.3593660295167859,0.0,0.0,0.0,0.0,0.8523878926269182
392499159904681984,0.0,0.0,0.0,0.0,0.0,0.0,0.629770540167455,0.0,0.0,0.0,0.0,0.2965553630401754,0.46111069322154996,0.0,0.2805584001785303,0.0,0.0,0.4734003549589997,0.0,0.0
392504092431360001,0.0,0.0,0.0,0.0,0.0,0.0,0.0,0.0,0.0,0.0,0.0,0.3484722778570896,0.5418357367201169,0.0,0.32967478240785864,0.6901417563243007,0.0,0.0,0.0,0.0
392511768007696384,0.0,0.0,0.7269209316925136,0.0,0.0,0.0,0.0,0.0,0.0,0.0,0.686721165442924,0.0,0.0,0.0,0.0,0.0,0.0,0.0,0.0,0.0
392513609273585664,0.0,0.0,0.0,0.0,0.0,0.0,0.5880476241236497,0.0,0.0,0.0,0.0,0.2769082793401734,0.4305616574805831,0.0,0.4435556817729129,0.0,0.0,0.4420371170726895,0.0,0.0
392519225480196096,0.0,0.0,0.0,0.0,0.0,0.0,0.0,0.0,0.0,0.0,0.0,0.3484722778570896,0.5418357367201169,0.0,0.32967478240785864,0.6901417563243007,0.0,0.0,0.0,0.0
392519514862387200,0.0,0.0,0.0,0.0,0.0,0.0,0.0,0.0,0.0,0.0,0.0,0.37985646938334744,0.0,0.0,0.3593660295167859,0.0,0.0,0.0,0.0,0.8523878926269182
392520852840792065,0.0,0.0,0.0,0.0,0.0,0.0,0.0,0.0,0.0,0.0,0.0,0.7264279909892297,0.0,0.0,0.6872425873789775,0.0,0.0,0.0,0.0,0.0
392529883206676480,0.0,0.0,0.0,0.0,0.6988656656041059,0.0,0.0,0.0,0.0,0.0,0.0,0.0,0.6110372821025191,0.0,0.3717798021954617,0.0,0.0,0.0,0.0,0.0
392530239693139968,0.0,0.0,0.0,0.0,0.0,0.0,0.0,0.0,0.0,0.0,0.0,0.3484722778570896,0.5418357367201169,0.0,0.32967478240785864,0.6901417563243007,0.0,0.0,0.0,0.0
392530281661358080,0.0,0.0,0.0,0.0,0.0,0.0,0.0,0.0,0.0,0.0,1.0,0.0,0.0,0.0,0.0,0.0,0.0,0.0,0.0,0.0
392532383003848704,0.0,0.0,0.8433044958161274,0.0,0.0,0.0,0.0,0.0,0.0,0.0,0.0,0.0,0.0,0.0,0.5374360681386271,0.0,0.0,0.0,0.0,0.0
392536329822543872,0.0,0.0,0.7638573042383123,0.0,0.0,0.0,0.6453851708567362,0.0,0.0,0.0,0.0,0.0,0.0,0.0,0.0,0.0,0.0,0.0,0.0,0.0
392537273532555264,0.0,0.0,1.0,0.0,0.0,0.0,0.0,0.0,0.0,0.0,0.0,0.0,0.0,0.0,0.0,0.0,0.0,0.0,0.0,0.0
392544231912267776,0.8595430021476463,0.0,0.0,0.0,0.0,0.0,0.0,0.0,0.0,0.0,0.0,0.3712507792842517,0.0,0.0,0.3512245525868697,0.0,0.0,0.0,0.0,0.0
392544349356957696,0.0,0.0,0.0,0.7941621251217676,0.0,0.0,0.0,0.0,0.0,0.0,0.6077059478251616,0.0,0.0,0.0,0.0,0.0,0.0,0.0,0.0,0.0
392548631711989760,0.0,0.7775939757349716,0.0,0.0,0.0,0.0,0.0,0.0,0.0,0.0,0.0,0.21626269808045184,0.3362645059173331,0.0,0.0,0.0,0.0,0.0,0.0,0.4852877871735652
392552482108235776,0.0,0.0,0.0,0.0,0.0,0.0,0.0,0.0,0.0,0.0,0.0,1.0,0.0,0.0,0.0,0.0,0.0,0.0,0.0,0.0
392557326525157376,0.0,0.0,0.0,0.0,0.5618333031669348,0.0,0.0,0.7037082117784107,0.0,0.0,0.0,0.31592360187191487,0.0,0.0,0.2988818661418565,0.0,0.0,0.0,0.0,0.0
392559083934318593,0.0,0.0,0.0,0.0,0.0,0.0,0.0,0.0,0.0,0.0,0.0,0.0,0.0,0.0,1.0,0.0,0.0,0.0,0.0,0.0
392568424645140481,0.0,0.0,0.0,0.0,0.0,0.0,0.0,0.0,0.0,0.0,0.0,0.7264279909892297,0.0,0.0,0.6872425873789775,0.0,0.0,0.0,0.0,0.0
392573193581387776,0.0,0.0,1.0,0.0,0.0,0.0,0.0,0.0,0.0,0.0,0.0,0.0,0.0,0.0,0.0,0.0,0.0,0.0,0.0,0.0
392574636405583872,0.0,0.0,0.0,0.0,0.0,0.0,0.0,0.0,0.0,0.0,0.0,0.3484722778570896,0.5418357367201169,0.0,0.32967478240785864,0.6901417563243007,0.0,0.0,0.0,0.0
392579006895095808,0.0,0.0,0.0,0.0,0.0,0.7584490160652042,0.0,0.0,0.0,0.0,0.0,0.3525361000697487,0.5481545294689586,0.0,0.0,0.0,0.0,0.0,0.0,0.0
392586590192537600,0.0,0.0,0.0,0.0,0.0,0.6731572116100267,0.0,0.0,0.677669170344189,0.0,0.0,0.0,0.0,0.0,0.29601328352361483,0.0,0.0,0.0,0.0,0.0
392586825078157312,0.0,0.0,0.0,0.0,0.0,0.8423251231527022,0.0,0.0,0.0,0.0,0.0,0.3915227096576463,0.0,0.0,0.3704029626341014,0.0,0.0,0.0,0.0,0.0
392597222732210176,0.0,0.0,0.0,0.0,0.0,0.0,0.0,0.0,0.0,0.0,0.0,0.7264279909892297,0.0,0.0,0.6872425873789775,0.0,0.0,0.0,0.0,0.0
392598602645643264,0.0,0.0,0.0,0.0,0.0,0.5161054909375751,0.0,0.0,0.0,0.0,0.0,0.23989195469412253,0.6315530054563785,0.0,0.22695156255044904,0.47510079125596366,0.0,0.0,0.0,0.0
392603065389301760,0.0,0.0,0.0,0.0,0.0,0.0,0.0,0.0,0.0,0.0,0.0,0.0,0.5474207626305665,0.0,0.33307293811629396,0.0,0.0,0.0,0.7677193019167543,0.0
392603585482981376,0.0,0.0,0.0,0.0,0.0,0.8423251231527022,0.0,0.0,0.0,0.0,0.0,0.3915227096576463,0.0,0.0,0.3704029626341014,0.0,0.0,0.0,0.0,0.0
392612410323783680,0.0,0.0,0.0,0.0,0.0,0.0,0.0,0.0,0.0,0.0,0.0,1.0,0.0,0.0,0.0,0.0,0.0,0.0,0.0,0.0
392617657393872896,0.0,0.0,0.0,0.0,0.0,0.0,0.0,0.0,0.8049747203023695,0.0,0.0,0.0,0.0,0.0,0.0,0.0,0.0,0.5933091097177946,0.0,0.0
392639685865910272,0.0,0.0,0.0,0.0,0.0,0.0,0.0,0.0,0.0,0.0,0.0,0.28007582624603583,0.7373433179403582,0.0,0.2649678121977604,0.5546840736315013,0.0,0.0,0.0,0.0
392645604054417409,0.0,0.0,0.0,0.0,0.0,0.0,0.0,0.0,0.0,0.0,0.0,0.5409215699711626,0.8410730379342406,0.0,0.0,0.0,0.0,0.0,0.0,0.0
392723387417899008,0.0,0.0,0.0,0.0,0.0,0.0,0.0,0.7963706660887698,0.0,0.0,0.5013869969501632,0.0,0.0,0.0,0.3382378475017636,0.0,0.0,0.0,0.0,0.0
392734628148047872,0.0,0.0,0.4446033220162139,0.5488853581544588,0.0,0.0,0.0,0.0,0.6486667321264366,0.0,0.0,0.0,0.0,0.0,0.2833447022412948,0.0,0.0,0.0,0.0,0.0
392735139823775744,0.0,0.0,0.0,0.0,0.0,0.0,0.0,0.0,0.0,0.0,0.0,0.0,1.0,0.0,0.0,0.0,0.0,0.0,0.0,0.0
392738151371776000,0.0,0.0,0.0,0.0,0.0,0.0,0.0,0.0,0.0,0.0,0.0,1.0,0.0,0.0,0.0,0.0,0.0,0.0,0.0,0.0
392740110112145408,0.0,0.0,0.0,0.0,0.0,0.0,0.0,0.0,0.0,0.8211221856535346,0.0,0.0,0.0,0.0,0.0,0.0,0.0,0.5707524474126785,0.0,0.0
392745281650819072,0.0,0.0,0.0,0.0,0.0,0.0,0.0,0.0,0.0,0.0,0.0,0.0,0.8542953688285765,0.0,0.5197878632654349,0.0,0.0,0.0,0.0,0.0
392756715336515585,0.0,0.0,0.0,0.0,0.0,0.0,0.0,0.0,0.0,0.0,0.0,0.0,0.0,0.0,0.0,0.0,0.0,0.0,0.0,0.0
392761417146703874,0.6997888432052851,0.0,0.0,0.0,0.0,0.0,0.0,0.0,0.6546223085229965,0.0,0.0,0.0,0.0,0.0,0.2859461629563014,0.0,0.0,0.0,0.0,0.0
392769369551699968,0.0,0.0,0.0,0.0,0.0,0.0,0.0,0.5293023880974616,0.0,0.0,0.0,0.2376256438795282,0.625586588583081,0.0,0.22480750239948238,0.4706124120495055,0.0,0.0,0.0,0.0
392771189900210176,0.0,0.0,0.0,0.0,0.0,0.0,0.0,0.0,0.0,0.0,0.0,0.0,0.0,0.0,0.0,0.0,0.0,1.0,0.0,0.0
392771244430344192,0.0,0.0,0.0,0.0,0.0,0.0,0.0,0.0,0.0,0.0,0.0,1.0,0.0,0.0,0.0,0.0,0.0,0.0,0.0,0.0
392772922151956480,0.0,0.0,0.0,0.0,0.0,0.0,0.0,0.0,0.0,0.0,0.0,0.3484722778570896,0.5418357367201169,0.0,0.32967478240785864,0.6901417563243007,0.0,0.0,0.0,0.0
392774243353509888,0.0,0.0,0.0,0.0,0.0,0.0,0.0,0.0,0.0,0.0,0.0,0.38177462928981903,0.5936171990333553,0.0,0.3611807189195649,0.0,0.0,0.6094384642629324,0.0,0.0
392776009126121472,0.0,0.0,0.0,0.4595486023715608,0.0,0.0,0.0,0.5585447235548668,0.0,0.0,0.0,0.0,0.0,0.0,0.0,0.0,0.0,0.40028581805224245,0.0,0.5626847587358392
392776969651097600,0.0,0.0,1.0,0.0,0.0,0.0,0.0,0.0,0.0,0.0,0.0,0.0,0.0,0.0,0.0,0.0,0.0,0.0,0.0,0.0
392782027952361472,0.0,0.0,0.0,0.0,0.0,0.0,0.0,0.0,0.0,0.0,0.6103460580101574,0.0,0.6767171709890405,0.0,0.41174210370091047,0.0,0.0,0.0,0.0,0.0
392783110082801664,0.0,0.0,0.0,0.0,0.8716468794931382,0.0,0.0,0.0,0.0,0.0,0.0,0.4901343871530283,0.0,0.0,0.0,0.0,0.0,0.0,0.0,0.0
392787145020014593,0.0,0.0,0.0,0.0,0.0,0.0,0.0,0.0,0.0,0.0,0.0,0.7264279909892297,0.0,0.0,0.6872425873789775,0.0,0.0,0.0,0.0,0.0
392790462718685184,0.0,0.0,0.8433044958161274,0.0,0.0,0.0,0.0,0.0,0.0,0.0,0.0,0.0,0.0,0.0,0.5374360681386271,0.0,0.0,0.0,0.0,0.0
392794996736131072,0.0,0.9134557053104345,0.0,0.0,0.0,0.0,0.0,0.0,0.0,0.0,0.0,0.0,0.0,0.0,0.4069381702861215,0.0,0.0,0.0,0.0,0.0
392795051291840512,0.0,0.0,0.0,0.0,0.0,0.45286950127935555,0.0,0.0,0.0,0.0,0.0,0.21049911653894302,0.5541717723113749,0.47962295955422585,0.1991442500642255,0.41688891548634915,0.0,0.0,0.0,0.0
392798629036969984,0.0,0.0,0.0,0.0,0.0,0.0,0.0,0.0,0.0,0.0,0.0,0.5021053056701356,0.4611046586630273,0.6756935696663076,0.2805547285089946,0.0,0.0,0.0,0.0,0.0
392802080953335808,0.0,0.0,0.0,0.0,0.0,0.0,0.0,0.0,0.0,0.8534605193415622,0.5211575020329564,0.0,0.0,0.0,0.0,0.0,0.0,0.0,0.0,0.0
392805323137748992,0.6660798667611922,0.0,0.0,0.0,0.0,0.0,0.0,0.0,0.0,0.0,0.4034543762027132,0.0,0.0,0.0,0.0,0.0,0.0,0.0,0.6273453414334659,0.0
392808967966957569,0.0,0.0,0.0,0.0,0.0,0.0,0.0,0.0,0.0,0.0,0.0,0.5295670194998288,0.0,0.0,0.8482681014031282,0.0,0.0,0.0,0.0,0.0
392813351035617280,0.0,0.0,0.6809868741000937,0.0,0.0,0.0,0.0,0.0,0.0,0.0,0.0,0.0,0.0,0.0,0.0,0.0,0.0,0.7322956215241104,0.0,0.0
392813359403659264,0.0,0.0,0.0,0.0,0.0,0.0,0.0,0.0,0.0,0.0,0.0,0.4815319864267348,0.7487288234929044,0.0,0.455556906345249,0.0,0.0,0.0,0.0,0.0
392813623661187073,0.0,0.0,0.0,0.0,0.0,0.0,0.0,0.0,0.0,0.0,0.0,0.4815319864267348,0.7487288234929044,0.0,0.455556906345249,0.0,0.0,0.0,0.0,0.0
392814764495097856,0.0,0.0,0.0,0.0,0.0,0.0,0.0,0.0,0.0,0.0,0.0,0.5409215699711626,0.8410730379342406,0.0,0.0,0.0,0.0,0.0,0.0,0.0
392818002506153984,0.0,0.0,0.6294270261154998,0.7770595979687774,0.0,0.0,0.0,0.0,0.0,0.0,0.0,0.0,0.0,0.0,0.0,0.0,0.0,0.0,0.0,0.0
392825795531382784,0.0,0.7237916640614735,0.5059552640937921,0.0,0.0,0.0,0.0,0.0,0.0,0.0,0.0,0.34082937516278444,0.0,0.0,0.32244415764136625,0.0,0.0,0.0,0.0,0.0
392844892176519168,0.0,0.0,1.0,0.0,0.0,0.0,0.0,0.0,0.0,0.0,0.0,0.0,0.0,0.0,0.0,0.0,0.0,0.0,0.0,0.0
392849065513213952,0.0,0.0,1.0,0.0,0.0,0.0,0.0,0.0,0.0,0.0,0.0,0.0,0.0,0.0,0.0,0.0,0.0,0.0,0.0,0.0
392852450316546048,0.0,0.0,1.0,0.0,0.0,0.0,0.0,0.0,0.0,0.0,0.0,0.0,0.0,0.0,0.0,0.0,0.0,0.0,0.0,0.0
392854996271652864,0.0,0.0,0.0,0.0,0.0,0.0,0.0,0.0,0.0,0.0,0.0,0.324806948338218,0.0,0.0,0.3072860219368066,0.0,0.0,0.5184992207193062,0.0,0.7288582201957655
392855734464962561,0.0,0.0,0.0,0.0,0.0,0.0,0.0,0.0,0.0,0.0,0.0,0.40704866897945546,0.0,0.0,0.0,0.0,0.0,0.0,0.0,0.9134064709000335
392856569148239873,0.0,0.0,0.0,0.0,0.0,0.0,0.0,0.9122826236277193,0.0,0.0,0.0,0.4095612464905894,0.0,0.0,0.0,0.0,0.0,0.0,0.0,0.0
392857508651356160,0.0,0.0,0.0,0.0,0.0,0.0,0.0,0.0,0.0,0.0,0.0,0.28007582624603583,0.7373433179403582,0.0,0.2649678121977604,0.5546840736315013,0.0,0.0,0.0,0.0
392857533829754880,0.0,0.0,0.0,0.0,0.0,0.0,0.0,0.0,0.0,0.0,0.0,0.40704866897945546,0.0,0.0,0.0,0.0,0.0,0.0,0.0,0.9134064709000335
392863531688660994,0.0,0.0,0.0,0.0,0.0,0.0,0.0,0.0,0.0,0.0,0.0,0.7264279909892297,0.0,0.0,0.6872425873789775,0.0,0.0,0.0,0.0,0.0
392868053160960001,0.0,0.0,0.6294270261154998,0.7770595979687774,0.0,0.0,0.0,0.0,0.0,0.0,0.0,0.0,0.0,0.0,0.0,0.0,0.0,0.0,0.0,0.0
392868116037763073,0.6749944099739968,0.6191223753102292,0.0,0.0,0.0,0.0,0.0,0.0,0.0,0.0,0.0,0.2915412028126954,0.0,0.0,0.2758147167150482,0.0,0.0,0.0,0.0,0.0
392869852484222976,0.0,0.0,0.0,0.0,0.0,0.0,0.0,0.0,0.0,0.0,0.8290007416279241,0.0,0.0,0.0,0.5592475036871885,0.0,0.0,0.0,0.0,0.0
392876068454944768,0.0,0.0,0.0,0.0,0.0,0.0,0.0,0.0,0.0,0.0,0.0,0.40704866897945546,0.0,0.0,0.0,0.0,0.0,0.0,0.0,0.9134064709000335
392876076860710912,0.0,0.0,0.0,0.0,0.0,0.0,0.0,0.0,0.0,0.0,0.0,1.0,0.0,0.0,0.0,0.0,0.0,0.0,0.0,0.0
392876370465808384,0.0,0.5111894883741259,0.0,0.0,0.0,0.0,0.0,0.0,0.0,0.0,0.0,0.24071622065205095,0.6337230142159004,0.0,0.22773136547192477,0.47673323203254775,0.0,0.0,0.0,0.0
392883190391521280,0.0,0.0,0.0,0.0,0.0,0.0,0.0,0.0,0.0,0.0,0.46231129670100046,0.0,0.5125846046089634,0.0,0.3118772102648656,0.6528842881996145,0.0,0.0,0.0,0.0
392885065258397696,0.0,0.0,0.0,0.0,0.0,0.0,0.0,0.0,0.0,0.0,0.0,0.4815319864267348,0.7487288234929044,0.0,0.455556906345249,0.0,0.0,0.0,0.0,0.0
392885958640537600,0.0,0.0,0.8433044958161274,0.0,0.0,0.0,0.0,0.0,0.0,0.0,0.0,0.0,0.0,0.0,0.5374360681386271,0.0,0.0,0.0,0.0,0.0
392889775436222465,0.0,0.0,0.0,0.0,0.0,0.0,0.0,0.0,0.0,0.0,1.0,0.0,0.0,0.0,0.0,0.0,0.0,0.0,0.0,0.0
392893617439666176,0.0,0.0,0.0,0.0,0.7852258827848632,0.0,0.0,0.0,0.0,0.0,0.6192094258041719,0.0,0.0,0.0,0.0,0.0,0.0,0.0,0.0,0.0
392895450350514176,0.0,0.0,0.0,0.0,0.0,0.0,0.0,0.5293023880974616,0.0,0.0,0.0,0.2376256438795282,0.625586588583081,0.0,0.22480750239948238,0.4706124120495055,0.0,0.0,0.0,0.0
392895848805572608,0.0,0.0,0.0,0.0,0.5236403720503432,0.0,0.6252940191899279,0.0,0.0,0.0,0.41292965656611236,0.294447394789875,0.0,0.0,0.2785641411846328,0.0,0.0,0.0,0.0,0.0
392898658963709952,0.0,0.9134557053104345,0.0,0.0,0.0,0.0,0.0,0.0,0.0,0.0,0.0,0.0,0.0,0.0,0.4069381702861215,0.0,0.0,0.0,0.0,0.0
392902760997216256,0.0,0.0,0.8433044958161274,0.0,0.0,0.0,0.0,0.0,0.0,0.0,0.0,0.0,0.0,0.0,0.5374360681386271,0.0,0.0,0.0,0.0,0.0
392904245798002688,0.8595430021476463,0.0,0.0,0.0,0.0,0.0,0.0,0.0,0.0,0.0,0.0,0.3712507792842517,0.0,0.0,0.3512245525868697,0.0,0.0,0.0,0.0,0.0
392914375045947392,0.0,0.0,0.0,0.0,0.0,0.0,0.0,0.0,0.0,0.0,0.46608485853554615,0.33235072890635675,0.0,0.0,0.31442287148084325,0.0,0.7572622765786332,0.0,0.0,0.0
392918498038398976,0.0,0.0,0.0,0.0,0.0,0.0,0.0,0.0,0.0,0.0,0.46608485853554615,0.33235072890635675,0.0,0.0,0.31442287148084325,0.0,0.7572622765786332,0.0,0.0,0.0
392919643095961600,0.0,0.0,0.0,0.0,0.0,0.0,0.0,0.0,0.0,0.0,0.0,0.7264279909892297,0.0,0.0,0.6872425873789775,0.0,0.0,0.0,0.0,0.0
392924500070629376,0.0,0.0,0.0,0.0,0.0,0.0,0.0,0.0,0.0,0.0,0.0,0.7264279909892297,0.0,0.0,0.6872425873789775,0.0,0.0,0.0,0.0,0.0
392925804524359680,0.0,0.0,1.0,0.0,0.0,0.0,0.0,0.0,0.0,0.0,0.0,0.0,0.0,0.0,0.0,0.0,0.0,0.0,0.0,0.0
392928526619271169,0.0,0.0,0.8433044958161274,0.0,0.0,0.0,0.0,0.0,0.0,0.0,0.0,0.0,0.0,0.0,0.5374360681386271,0.0,0.0,0.0,0.0,0.0
392933429760634880,0.0,0.0,0.0,0.0,0.0,0.0,0.0,0.0,0.0,0.0,0.0,0.7264279909892297,0.0,0.0,0.6872425873789775,0.0,0.0,0.0,0.0,0.0
392936147657457664,0.0,0.0,1.0,0.0,0.0,0.0,0.0,0.0,0.0,0.0,0.0,0.0,0.0,0.0,0.0,0.0,0.0,0.0,0.0,0.0
392936667742351360,0.0,0.0,0.6809868741000937,0.0,0.0,0.0,0.0,0.0,0.0,0.0,0.0,0.0,0.0,0.0,0.0,0.0,0.0,0.7322956215241104,0.0,0.0
392936743269576704,0.0,0.0,0.0,0.0,0.0,0.0,0.0,0.0,0.0,0.0,0.0,1.0,0.0,0.0,0.0,0.0,0.0,0.0,0.0,0.0
392936789377159168,0.0,0.0,0.0,0.0,0.0,0.0,0.5463280247410995,0.5730433368084629,0.0,0.0,0.6108576131324804,0.0,0.0,0.0,0.0,0.0,0.0,0.0,0.0,0.0
392942845960925184,0.0,0.0,0.5627848726307373,0.0,0.3981970238638438,0.0,0.0,0.0,0.0,0.5142276250661699,0.0,0.0,0.0,0.0,0.0,0.0,0.5101786617870143,0.0,0.0,0.0
392945333212176385,0.0,0.0,0.8433044958161274,0.0,0.0,0.0,0.0,0.0,0.0,0.0,0.0,0.0,0.0,0.0,0.5374360681386271,0.0,0.0,0.0,0.0,0.0
392947916891238400,0.0,0.0,0.8433044958161274,0.0,0.0,0.0,0.0,0.0,0.0,0.0,0.0,0.0,0.0,0.0,0.5374360681386271,0.0,0.0,0.0,0.0,0.0
392950353756717056,0.0,0.0,0.6809868741000937,0.0,0.0,0.0,0.0,0.0,0.0,0.0,0.0,0.0,0.0,0.0,0.0,0.0,0.0,0.7322956215241104,0.0,0.0
392953000366702592,0.0,0.0,0.0,0.0,0.0,0.0,0.0,0.0,0.0,0.0,0.0,0.7264279909892297,0.0,0.0,0.6872425873789775,0.0,0.0,0.0,0.0,0.0
392956200620290048,0.0,0.0,0.8433044958161274,0.0,0.0,0.0,0.0,0.0,0.0,0.0,0.0,0.0,0.0,0.0,0.5374360681386271,0.0,0.0,0.0,0.0,0.0
392960323650482176,0.0,0.0,0.0,0.0,0.0,0.0,0.0,0.0,0.0,0.6782330779150479,0.0,0.2953222483105205,0.0,0.0,0.0,0.0,0.6728927564439224,0.0,0.0,0.0
392965495223119872,0.0,0.0,0.0,0.0,0.0,0.0,0.0,0.0,0.0,0.0,0.0,1.0,0.0,0.0,0.0,0.0,0.0,0.0,0.0,0.0
392966388593065985,0.0,0.0,0.0,0.0,0.0,0.0,0.0,0.0,0.0,0.0,0.0,0.32436973841047806,0.5043589615281566,0.7390775623397052,0.3068723962427325,0.0,0.0,0.0,0.0,0.0
392973233705598976,0.0,0.0,0.0,0.7941621251217676,0.0,0.0,0.0,0.0,0.0,0.0,0.6077059478251616,0.0,0.0,0.0,0.0,0.0,0.0,0.0,0.0,0.0
392978333962469376,0.0,0.0,1.0,0.0,0.0,0.0,0.0,0.0,0.0,0.0,0.0,0.0,0.0,0.0,0.0,0.0,0.0,0.0,0.0,0.0
392985250399125504,0.0,0.0,0.0,0.0,0.7907697780601926,0.0,0.0,0.0,0.0,0.0,0.0,0.44465651133179995,0.0,0.0,0.4206705896980043,0.0,0.0,0.0,0.0,0.0
392989436318732288,0.0,0.0,0.8293731296293788,0.0,0.0,0.0,0.0,0.0,0.0,0.0,0.0,0.5586950973910275,0.0,0.0,0.0,0.0,0.0,0.0,0.0,0.0
392993760608800768,0.0,0.0,0.6268881341311823,0.0,0.44355312561924976,0.5365905670716831,0.0,0.0,0.0,0.0,0.3497748638318776,0.0,0.0,0.0,0.0,0.0,0.0,0.0,0.0,0.0
392998999331840000,0.0,0.0,0.0,0.0,0.0,0.0,0.0,0.0,0.0,0.0,0.0,0.7264279909892297,0.0,0.0,0.6872425873789775,0.0,0.0,0.0,0.0,0.0
393002522522451968,0.0,0.0,0.36085512629882494,0.44549396154349885,0.0,0.0,0.0,0.0,0.0,0.5582652296297695,0.0,0.0,0.0,0.0,0.22997216451220454,0.0,0.553869519822251,0.0,0.0,0.0
393041001071116288,0.0,0.0,0.0,0.0,0.0,0.0,0.0,0.0,0.0,0.0,0.46060280710161905,0.0,0.0,0.0,0.0,0.0,0.0,0.5243014011887653,0.716207438387515,0.0
393099247391764480,0.0,0.0,0.0,0.0,0.0,0.0,0.9047119896523915,0.0,0.0,0.0,0.0,0.4260237267796371,0.0,0.0,0.0,0.0,0.0,0.0,0.0,0.0
393106625134743552,0.0,0.0,0.0,0.0,0.0,0.0,0.0,0.0,0.0,0.0,0.0,0.23609756702209486,0.6215636878021404,0.5379491168445829,0.22336185395773342,0.46758608911594907,0.0,0.0,0.0,0.0
393109003321888768,0.0,0.0,0.0,0.0,0.0,0.0,0.0,0.0,0.5973952121432876,0.0,0.0,0.2758275967705805,0.42888131596286816,0.0,0.0,0.0,0.0,0.0,0.0,0.6189498478762241
393110634897735680,0.0,0.0,0.0,0.0,0.0,0.0,0.9047119896523915,0.0,0.0,0.0,0.0,0.4260237267796371,0.0,0.0,0.0,0.0,0.0,0.0,0.0,0.0
393112681734893568,0.0,0.0,0.0,0.0,0.0,0.0,0.0,0.0,0.0,0.0,0.0,0.4815319864267348,0.7487288234929044,0.0,0.455556906345249,0.0,0.0,0.0,0.0,0.0
393126359372812288,0.0,0.0,0.8433044958161274,0.0,0.0,0.0,0.0,0.0,0.0,0.0,0.0,0.0,0.0,0.0,0.5374360681386271,0.0,0.0,0.0,0.0,0.0
393130113258094592,0.0,0.0,0.0,0.0,0.0,0.6385837100305239,0.0,0.0,0.0,0.0,0.4162587714504921,0.0,0.0,0.0,0.0,0.0,0.0,0.0,0.6472553441063106,0.0
393130306175123456,0.0,0.0,0.0,0.0,0.0,0.0,0.4416924576870355,0.4632911151062695,0.0,0.0,0.0,0.20799046444226665,0.3234021002326399,0.47390698714121465,0.0,0.0,0.0,0.0,0.0,0.466725113199322
393136069148819456,0.0,0.0,0.0,0.0,0.0,0.0,0.0,0.0,0.0,0.0,0.0,0.7264279909892297,0.0,0.0,0.6872425873789775,0.0,0.0,0.0,0.0,0.0
393139890184941569,0.0,0.0,0.37582152500181093,0.0,0.4502274361739385,0.0,0.0,0.5639194797062484,0.0,0.5814191753540551,0.0,0.0,0.0,0.0,0.0,0.0,0.0,0.0,0.0,0.0
393167438369406976,0.0,0.0,0.0,0.0,0.0,0.0,0.0,0.0,0.0,0.0,0.0,0.0,0.7680836535055979,0.0,0.27601449732091143,0.577809223261603,0.0,0.0,0.0,0.0
393169841722376192,0.0,0.0,0.0,0.0,0.0,0.0,0.0,0.0,0.0,0.0,0.0,1.0,0.0,0.0,0.0,0.0,0.0,0.0,0.0,0.0
393170756072263680,0.0,0.0,0.8433044958161274,0.0,0.0,0.0,0.0,0.0,0.0,0.0,0.0,0.0,0.0,0.0,0.5374360681386271,0.0,0.0,0.0,0.0,0.0
393171620090503168,0.0,0.0,0.5653581949800387,0.0,0.0,0.0,0.0,0.0,0.8248455075763659,0.0,0.0,0.0,0.0,0.0,0.0,0.0,0.0,0.0,0.0,0.0
393171922080391168,0.0,0.0,0.0,0.0,0.0,0.0,0.0,0.0,0.0,0.0,0.0,0.5409215699711626,0.8410730379342406,0.0,0.0,0.0,0.0,0.0,0.0,0.0
393173855646130176,0.0,0.0,0.0,0.0,0.0,0.0,0.0,0.0,0.0,0.0,0.0,0.0,0.0,0.0,0.0,0.0,0.0,1.0,0.0,0.0
393175701127299072,0.0,0.0,0.0,0.0,0.0,0.0,0.0,0.0,0.0,0.0,0.0,1.0,0.0,0.0,0.0,0.0,0.0,0.0,0.0,0.0
393186920911495168,0.0,0.0,0.0,0.0,0.0,0.0,0.0,0.0,0.0,0.0,0.0,0.8729683061166079,0.0,0.0,0.48777693315274795,0.0,0.0,0.0,0.0,0.0
393199533179428866,0.0,0.9134557053104345,0.0,0.0,0.0,0.0,0.0,0.0,0.0,0.0,0.0,0.0,0.0,0.0,0.4069381702861215,0.0,0.0,0.0,0.0,0.0
393208232153329664,0.0,0.0,0.0,0.0,0.0,0.0,0.0,0.0,0.0,0.0,0.8290007416279241,0.0,0.0,0.0,0.5592475036871885,0.0,0.0,0.0,0.0,0.0
393212120306679809,0.0,0.0,0.0,0.8778226024827696,0.0,0.0,0.0,0.0,0.0,0.0,0.0,0.4789858855648855,0.0,0.0,0.0,0.0,0.0,0.0,0.0,0.0
393214192280678400,0.0,0.0,0.0,0.0,0.0,0.0,0.0,0.0,0.0,0.0,1.0,0.0,0.0,0.0,0.0,0.0,0.0,0.0,0.0,0.0
393215005950107648,0.0,0.0,0.0,0.0,0.0,0.0,0.0,0.0,0.0,0.0,1.0,0.0,0.0,0.0,0.0,0.0,0.0,0.0,0.0,0.0
393221184159875072,0.0,0.0,0.0,0.0,0.0,0.0,0.0,0.0,0.0,0.0,1.0,0.0,0.0,0.0,0.0,0.0,0.0,0.0,0.0,0.0
393221700063481856,0.0,0.0,0.6294270261154998,0.7770595979687774,0.0,0.0,0.0,0.0,0.0,0.0,0.0,0.0,0.0,0.0,0.0,0.0,0.0,0.0,0.0,0.0
393224992625668096,0.0,0.0,0.0,0.0,0.0,0.0,0.0,0.0,0.0,0.0,0.0,0.38777923640957934,0.0,0.0,0.36686142200970706,0.0,0.0,0.0,0.8456003552805659,0.0
393225550434541568,0.0,0.6539577292843461,0.0,0.0,0.0,0.0,0.0,0.0,0.0,0.0,0.0,0.3079449727344837,0.0,0.0,0.0,0.0,0.0,0.0,0.0,0.691020391939934
393232261333520384,0.0,0.0,0.0,0.0,0.0,0.0,0.0,0.0,0.0,0.0,0.0,0.3297186838703488,0.0,0.0,0.3119328057577688,0.0,0.0,0.5263399736921682,0.7189921740134718,0.0
393234232656408578,0.0,0.0,0.5318872802652083,0.0,0.0,0.0,0.0,0.0,0.7760121592988649,0.0,0.0,0.0,0.0,0.0,0.3389705735198747,0.0,0.0,0.0,0.0,0.0
393235260273471488,0.0,0.0,0.0,0.0,0.0,0.9068266438755077,0.0,0.0,0.0,0.0,0.0,0.42150378166451014,0.0,0.0,0.0,0.0,0.0,0.0,0.0,0.0
393235625178316800,0.0,0.0,0.0,0.6003020621622598,0.0,0.0,0.0,0.7296193430455434,0.0,0.0,0.0,0.32755617597219583,0.0,0.0,0.0,0.0,0.0,0.0,0.0,0.0
393237722334105600,0.0,0.0,0.0,0.0,0.0,0.0,0.0,0.0,0.0,0.0,0.8290007416279241,0.0,0.0,0.0,0.5592475036871885,0.0,0.0,0.0,0.0,0.0
393244370272411648,0.0,0.0,0.0,0.0,0.0,0.0,0.0,0.0,0.0,0.0,0.0,0.4744029711739116,0.0,0.0,0.44881244860327435,0.0,0.0,0.757303906579187,0.0,0.0
393249759961432064,0.0,0.0,0.0,0.0,0.0,0.0,0.0,0.0,0.0,0.0,0.0,0.0,0.0,0.0,0.0,0.0,0.0,0.0,0.0,0.0
393255384514703360,0.0,0.0,0.0,0.0,0.0,0.0,0.0,0.0,0.0,0.0,0.0,1.0,0.0,0.0,0.0,0.0,0.0,0.0,0.0,0.0
393256923832676352,,,,,,,,,,,,,,,,,,,,
393284836938362881,,,,,,,,,,,,,,,,,,,,
393286145552826368,,,,,,,,,,,,,,,,,,,,
393289601663500288,,,,,,,,,,,,,,,,,,,,
393290511831662594,,,,,,,,,,,,,,,,,,,,
393300091605639168,,,,,,,,,,,,,,,,,,,,
393302931182604288,,,,,,,,,,,,,,,,,,,,
393303598060167168,,,,,,,,,,,,,,,,,,,,
393307502952972289,,,,,,,,,,,,,,,,,,,,
393320228483915776,,,,,,,,,,,,,,,,,,,,
393322698899611648,,,,,,,,,,,,,,,,,,,,
393325001593454592,,,,,,,,,,,,,,,,,,,,
393325349712723968,,,,,,,,,,,,,,,,,,,,
393342852568453120,,,,,,,,,,,,,,,,,,,,
393345293619458049,,,,,,,,,,,,,,,,,,,,
393372900557717504,,,,,,,,,,,,,,,,,,,,
393380257354747904,,,,,,,,,,,,,,,,,,,,
393442400149852160,,,,,,,,,,,,,,,,,,,,
393449828254224384,,,,,,,,,,,,,,,,,,,,
393470967575371776,,,,,,,,,,,,,,,,,,,,
393484146087325696,,,,,,,,,,,,,,,,,,,,
393501053288583169,,,,,,,,,,,,,,,,,,,,
393506245866295296,,,,,,,,,,,,,,,,,,,,
393527922004197376,,,,,,,,,,,,,,,,,,,,
393528194646540288,,,,,,,,,,,,,,,,,,,,
393531009020329984,,,,,,,,,,,,,,,,,,,,
393532242145714176,,,,,,,,,,,,,,,,,,,,
393561937826418688,,,,,,,,,,,,,,,,,,,,
393561971372457984,,,,,,,,,,,,,,,,,,,,
393615247442837504,,,,,,,,,,,,,,,,,,,,
393621429817602048,,,,,,,,,,,,,,,,,,,,
393661850325229568,,,,,,,,,,,,,,,,,,,,
393683841086275584,,,,,,,,,,,,,,,,,,,,
393698760234000384,,,,,,,,,,,,,,,,,,,,
393702296015495168,,,,,,,,,,,,,,,,,,,,
393801852003028992,,,,,,,,,,,,,,,,,,,,
393934853390888960,,,,,,,,,,,,,,,,,,,,
393944391259144192,,,,,,,,,,,,,,,,,,,,
393983737999814656,,,,,,,,,,,,,,,,,,,,
394208493970137088,,,,,,,,,,,,,,,,,,,,
394264588612423680,,,,,,,,,,,,,,,,,,,,
394270284481847296,,,,,,,,,,,,,,,,,,,,
394286113767964672,,,,,,,,,,,,,,,,,,,,
394336831308718080,,,,,,,,,,,,,,,,,,,,
394394867880579072,,,,,,,,,,,,,,,,,,,,
394429915463835648,,,,,,,,,,,,,,,,,,,,
394464124228624384,,,,,,,,,,,,,,,,,,,,
394540917752733696,,,,,,,,,,,,,,,,,,,,
394610954236735488,,,,,,,,,,,,,,,,,,,,
394619464462766080,,,,,,,,,,,,,,,,,,,,
394619502232481792,,,,,,,,,,,,,,,,,,,,
394759612940840961,,,,,,,,,,,,,,,,,,,,
394857654801428480,,,,,,,,,,,,,,,,,,,,
394908808515813376,,,,,,,,,,,,,,,,,,,,
395055638520139776,,,,,,,,,,,,,,,,,,,,
395097472517042176,,,,,,,,,,,,,,,,,,,,
395106582540742656,,,,,,,,,,,,,,,,,,,,
395336145174675456,,,,,,,,,,,,,,,,,,,,
395430340866498560,,,,,,,,,,,,,,,,,,,,
395654908101132288,,,,,,,,,,,,,,,,,,,,
