tweet_id,tfidf_chile,tfidf_chile earthquak,tfidf_coast,tfidf_dead,tfidf_earthquak,tfidf_earthquak chile,tfidf_earthquak strike,tfidf_hit,tfidf_kill,tfidf_magnitud,tfidf_magnitud earthquak,tfidf_northern,tfidf_northern chile,tfidf_peopl,tfidf_power,tfidf_quak,tfidf_strike,tfidf_tsunami,tfidf_tsunami warn,tfidf_warn
451308164932440064,0.20384653670764394,0.0,0.0,0.6394458205167085,0.0,0.0,0.0,0.0,0.0,0.0,0.0,0.5073409557787364,0.5405189975250924,0.0,0.0,0.0,0.0,0.0,0.0,0.0
451293013763817472,0.16553144657610044,0.0,0.423365406717588,0.0,0.19957697582690487,0.0,0.51925528579855,0.0,0.0,0.0,0.0,0.0,0.0,0.0,0.5033697739231732,0.0,0.48012802686352474,0.0,0.0,0.0
451285666350239744,0.0,0.0,0.0,0.0,0.0,0.0,0.0,0.0,0.0,0.0,0.0,0.0,0.0,0.0,0.0,0.0,0.0,0.0,0.0,0.0
451300464269983744,0.1666323176787332,0.0,0.42618100914087437,0.5227086063056122,0.20090426758918445,0.0,0.0,0.0,0.0,0.3917192210165089,0.44517772429552416,0.0,0.0,0.0,0.0,0.0,0.0,0.354103730548628,0.0,0.0
451296996490346496,0.19397030439334426,0.0,0.0,0.0,0.0,0.0,0.0,0.0,0.0,0.0,0.0,0.0,0.0,0.0,0.0,0.0,0.0,0.41219860203686204,0.6367938167831957,0.6220622705156612
451289616641847297,0.1511473836643883,0.0,0.0,0.4741339456987903,0.18223448389922342,0.0,0.4741339456987903,0.0,0.0,0.0,0.0,0.3761813142880372,0.40078204720243416,0.0,0.0,0.0,0.4384066990618846,0.0,0.0,0.0
451303636556328960,0.1966982379784662,0.47396096165277646,0.503078002668827,0.0,0.23715396861571922,0.0,0.0,0.0,0.0,0.0,0.0,0.0,0.0,0.6537134910692148,0.0,0.0,0.0,0.0,0.0,0.0
451299112882032640,0.2372387386566201,0.0,0.0,0.7441937564835893,0.0,0.0,0.0,0.0,0.0,0.0,0.0,0.0,0.0,0.0,0.0,0.6244144726793734,0.0,0.0,0.0,0.0
451282106111766529,0.0,0.0,0.0,0.0,0.0,0.0,0.0,0.0,0.0,0.0,0.0,0.0,0.0,0.0,0.0,0.0,0.0,0.0,0.0,0.0
451289528397864960,1.0,0.0,0.0,0.0,0.0,0.0,0.0,0.0,0.0,0.0,0.0,0.0,0.0,0.0,0.0,0.0,0.0,0.0,0.0,0.0
451294941889572864,0.16553144657610044,0.0,0.423365406717588,0.0,0.19957697582690487,0.0,0.51925528579855,0.0,0.0,0.0,0.0,0.0,0.0,0.0,0.5033697739231732,0.0,0.48012802686352474,0.0,0.0,0.0
451295461974884352,0.2797749854365152,0.6741413777097439,0.0,0.0,0.3373174503115699,0.0,0.0,0.0,0.0,0.0,0.0,0.0,0.0,0.0,0.0,0.0,0.0,0.5945387271649406,0.0,0.0
451293709288472576,0.13171457141555143,0.0,0.0,0.0,0.15880484572076475,0.0,0.4131751932269429,0.0,0.0,0.30963458967724644,0.3518908815298743,0.32781619757313585,0.349254047926689,0.4377446040679422,0.0,0.0,0.3820413497918053,0.0,0.0,0.0
451299877733941249,0.13024514855424568,0.0,0.0,0.0,0.15703320065309784,0.0,0.40856576339600464,0.0,0.0,0.3061802706916323,0.34796514650718124,0.0,0.0,0.0,0.0,0.0,0.3777792526880835,0.27677880036355534,0.42758764298870866,0.417695858583618
451283095946547200,0.22179879488964635,0.5344428663912704,0.5672755174332152,0.0,0.26741705966894347,0.0,0.0,0.0,0.0,0.5214045652541583,0.0,0.0,0.0,0.0,0.0,0.0,0.0,0.0,0.0,0.0
451318521264209920,0.21214112116708989,0.0,0.5425749239927045,0.0,0.25577305271474415,0.0,0.0,0.0,0.0,0.0,0.0,0.5279848307025381,0.5625128981785873,0.0,0.0,0.0,0.0,0.0,0.0,0.0
451293728678760448,0.19157155706165468,0.0,0.48996593607150307,0.0,0.23097286227870453,0.0,0.6009404597765712,0.0,0.0,0.0,0.0,0.0,0.0,0.0,0.0,0.0,0.5556580069690842,0.0,0.0,0.0
451306443162279937,0.12825009529747872,0.0,0.3280141319385164,0.4023074845586382,0.15462781663794564,0.0,0.4023074845586382,0.0,0.0,0.30149029987136233,0.3426351284106422,0.0,0.0,0.4262306484720655,0.0,0.0,0.3719925517108839,0.0,0.0,0.0
451281935130583040,0.0,0.0,0.0,0.0,0.27159490783439977,0.0,0.706630065440496,0.0,0.0,0.0,0.0,0.0,0.0,0.0,0.0,0.0,0.6533836213542425,0.0,0.0,0.0
451305585758064640,0.13427835165534902,0.0,0.0,0.0,0.16189592912230044,0.0,0.4212175106758437,0.0,0.4462651569113073,0.31566152378211365,0.3587403202740884,0.0,0.0,0.4462651569113073,0.0,0.0,0.38947765735334045,0.0,0.0,0.0
451301328493375488,0.0,0.0,0.0,0.0,0.0,0.0,0.0,0.0,0.0,0.0,0.0,0.0,0.0,0.0,0.0,1.0,0.0,0.0,0.0,0.0
451295594204897280,0.339256040821278,0.482808580916203,0.5124691614087733,0.0,0.4090322174946506,0.0,0.0,0.0,0.0,0.47102995299274875,0.0,0.0,0.0,0.0,0.0,0.0,0.0,0.0,0.0,0.0
451304975033847808,0.2069895130219143,0.0,0.0,0.649305017050548,0.0,0.0,0.0,0.5848734366203419,0.0,0.0,0.0,0.0,0.0,0.0,0.0,0.0,0.0,0.4398652060209457,0.0,0.0
451297320336752640,0.19157155706165468,0.0,0.48996593607150307,0.0,0.23097286227870453,0.0,0.6009404597765712,0.0,0.0,0.0,0.0,0.0,0.0,0.0,0.0,0.0,0.5556580069690842,0.0,0.0,0.0
451302189135577088,0.21298340137054336,0.0,0.0,0.0,0.25678856813058293,0.0,0.0,0.0,0.0,0.5006813398296961,0.569010065128319,0.0,0.0,0.0,0.0,0.5605742089563927,0.0,0.0,0.0,0.0
451314370195496960,0.18629757013376613,0.0,0.0,0.5843965000264243,0.0,0.0,0.0,0.0,0.0,0.0,0.0,0.0,0.0,0.6191475643172195,0.0,0.4903368635123962,0.0,0.0,0.0,0.0
451304386728177664,0.20198881262849472,0.0,0.0,0.0,0.0,0.0,0.0,0.0,0.0,0.0,0.0,0.5027173819613383,0.5355930607240169,0.0,0.0,0.0,0.0,0.0,0.0,0.6477776059352068
451295873297690624,0.17102256568875013,0.0,0.43740956524182883,0.0,0.20619747585318912,0.530815217238936,0.0,0.0,0.5683821045730283,0.0,0.0,0.0,0.0,0.0,0.0,0.0,0.0,0.3634332725008557,0.0,0.0
451281792809439233,0.1489994860457321,0.0,0.0,0.0,0.17964481939749904,0.46246057785026967,0.0,0.0,0.49518986642441415,0.35026796373452496,0.3980695524317693,0.0,0.0,0.0,0.4530972160086105,0.0,0.0,0.0,0.0,0.0
451292943404384256,0.2212547860952479,0.0,0.0,0.0,0.0,0.0,0.0,0.6251816588337298,0.0,0.0,0.0,0.0,0.0,0.0,0.0,0.5823445672058525,0.0,0.4701797721443155,0.0,0.0
451303167364702208,0.1981391849218865,0.0,0.5067633875390616,0.0,0.40447809889747394,0.0,0.0,0.0,0.0,0.0,0.0,0.0,0.0,0.0,0.6025276694093239,0.0,0.0,0.42105772473246356,0.0,0.0
451293321835474944,0.13171457141555143,0.0,0.0,0.0,0.15880484572076475,0.0,0.4131751932269429,0.0,0.0,0.30963458967724644,0.3518908815298743,0.32781619757313585,0.349254047926689,0.4377446040679422,0.0,0.0,0.3820413497918053,0.0,0.0,0.0
451285590810435584,0.0,0.0,0.0,0.0,0.0,0.0,0.0,0.0,0.0,0.0,0.0,0.0,0.0,0.0,0.0,0.0,0.0,0.0,0.0,0.0
451296615010013184,0.21575095825520405,0.0,0.0,0.0,0.2601253397524969,0.0,0.0,0.6096299400225823,0.7170339377314522,0.0,0.0,0.0,0.0,0.0,0.0,0.0,0.0,0.0,0.0,0.0
451285570400960512,0.1464961238715426,0.0,0.0,0.0,0.1766265804920925,0.0,0.4595434175362333,0.0,0.0,0.34438306040691036,0.39138152761570794,0.3646050833302264,0.38844877767005337,0.0,0.0,0.0,0.424915605780452,0.0,0.0,0.0
451281454429769728,0.3479498521711878,0.8384144577850862,0.0,0.0,0.41951412056209547,0.0,0.0,0.0,0.0,0.0,0.0,0.0,0.0,0.0,0.0,0.0,0.0,0.0,0.0,0.0
451289361104261120,0.0,0.0,0.0,0.0,1.0,0.0,0.0,0.0,0.0,0.0,0.0,0.0,0.0,0.0,0.0,0.0,0.0,0.0,0.0,0.0
451292069605031936,0.0,0.0,0.0,0.0,0.3208867952592875,0.0,0.0,0.0,0.0,0.6256588124373866,0.7110433988496505,0.0,0.0,0.0,0.0,0.0,0.0,0.0,0.0,0.0
451283243749224449,0.0,0.0,0.0,0.0,0.0,0.0,0.0,0.0,0.0,0.0,0.0,0.0,0.0,0.0,0.0,0.0,0.0,0.0,0.0,0.0
451285984895070208,1.0,0.0,0.0,0.0,0.0,0.0,0.0,0.0,0.0,0.0,0.0,0.0,0.0,0.0,0.0,0.0,0.0,0.0,0.0,0.0
451287576973148160,0.0,0.0,0.0,0.0,0.0,0.0,0.0,0.0,0.0,0.0,0.0,0.0,0.0,0.0,0.0,0.0,0.0,0.0,0.0,0.0
451292183119679488,0.1835754096328479,0.0,0.46951488415120074,0.0,0.22133211452281712,0.5697763950128643,0.0,0.0,0.0,0.0,0.0,0.0,0.0,0.6101006452263592,0.0,0.0,0.0,0.0,0.0,0.0
451302956634497024,0.1640860513124392,0.39537915272207225,0.4196686447649502,0.5147212280938149,0.19783430021110623,0.0,0.0,0.46364461335008617,0.0,0.0,0.0,0.0,0.0,0.0,0.0,0.0,0.0,0.34869276086498247,0.0,0.0
451298191846420480,0.25719396531635424,0.0,0.0,0.0,0.3100920994801413,0.0,0.0,0.0,0.0,0.6046115252271225,0.6871237571263132,0.0,0.0,0.0,0.0,0.0,0.0,0.0,0.0,0.0
451302990776123392,0.11616117589490157,0.0,0.2970953525433561,0.0,0.14005251976665084,0.3605379183095628,0.0,0.0,0.3860539301286189,0.27307167041654773,0.3103381664299102,0.289106319659594,0.0,0.0,0.0,0.0,0.0,0.24684950856054558,0.3813507371217833,0.37252859425543605
451293478589194240,0.14717507344445008,0.0,0.0,0.46167321318422094,0.1774451723989635,0.0,0.0,0.4158606382208042,0.0,0.34597913493503146,0.39319542080274933,0.3662948786576715,0.3902490787614787,0.0,0.0,0.0,0.0,0.0,0.0,0.0
451300039055650816,0.2721770244103727,0.0,0.0,0.0,0.32815678558342676,0.0,0.0,0.0,0.9045622098333913,0.0,0.0,0.0,0.0,0.0,0.0,0.0,0.0,0.0,0.0,0.0
451307097028718592,0.0,0.0,0.0,0.0,0.0,0.0,0.0,0.0,0.0,0.0,0.0,0.0,0.0,0.0,0.0,0.0,0.0,0.0,0.0,0.0
451300301254184960,0.21575095825520405,0.0,0.0,0.0,0.2601253397524969,0.0,0.0,0.6096299400225823,0.7170339377314522,0.0,0.0,0.0,0.0,0.0,0.0,0.0,0.0,0.0,0.0,0.0
451292839628898304,0.20288446576798708,0.48886719824268143,0.0,0.6364279019818134,0.24461254316180306,0.0,0.0,0.0,0.0,0.0,0.0,0.5049465173058744,0.0,0.0,0.0,0.0,0.0,0.0,0.0,0.0
451295348175011840,0.0,0.0,0.0,0.0,0.0,0.0,0.0,0.0,0.0,0.0,0.0,0.0,0.0,0.0,0.0,0.0,0.0,0.0,0.0,0.0
451285505582575616,0.0,0.0,0.0,0.0,0.0,0.0,0.0,0.0,0.0,0.0,0.0,0.0,0.0,0.0,0.0,0.0,0.0,0.42017889118322826,0.6491223369660313,0.6341055835235887
451299040466989056,0.0,0.0,0.0,0.0,0.493468918918817,0.0,0.0,0.0,0.0,0.0,0.0,0.0,0.0,0.0,0.0,0.0,0.0,0.8697634310897958,0.0,0.0
451282059923693569,0.19629086239288637,0.0,0.0,0.0,0.0,0.0,0.0,0.5546431294456133,0.0,0.4614405223448053,0.0,0.0,0.0,0.0,0.0,0.5166392977254746,0.0,0.41712992782071506,0.0,0.0
451300025834827777,0.1442903528710429,0.0,0.36903890585278815,0.0,0.0,0.0,0.0,0.4077095178532741,0.0,0.0,0.0,0.0,0.0,0.0,0.0,0.3797734936160639,0.0,0.3066257070991647,0.4736972745241428,0.46273879293632103
451305166638030848,0.1719081460439638,0.4142271484092445,0.0,0.0,0.2072651971399961,0.0,0.0,0.0,0.0,0.0,0.0,0.0,0.0,0.0,0.0,0.0,0.0,0.3653151841963188,0.5643649670903697,0.5513089850670738
451285847049256960,0.15435978906515463,0.0,0.3947926284107376,0.48421093420446903,0.0,0.0,0.0,0.0,0.0,0.0,0.0,0.0,0.0,0.0,0.46939752978497784,0.40627633934407725,0.44772435983546216,0.0,0.0,0.0
451300362901680128,0.10896565548315551,0.0,0.0,0.34181416129967807,0.13137706725910064,0.0,0.0,0.30789539269689503,0.0,0.43371055821113863,0.29111449213523327,0.45917785279835477,0.28893307591922024,0.0,0.33135708350576115,0.2867985755360034,0.0,0.0,0.0,0.0
451293572902301696,0.425787137098235,0.0,0.0,0.0,0.0,0.0,0.0,0.0,0.0,0.0,0.0,0.0,0.0,0.0,0.0,0.0,0.0,0.904823360596801,0.0,0.0
451281861029793792,0.0,0.0,0.0,0.0,0.0,0.0,0.0,0.0,0.0,0.0,0.0,0.0,0.0,0.0,0.0,0.0,0.0,0.0,0.0,0.0
451285444009799681,0.14717507344445008,0.0,0.0,0.46167321318422094,0.1774451723989635,0.0,0.0,0.4158606382208042,0.0,0.34597913493503146,0.39319542080274933,0.3662948786576715,0.3902490787614787,0.0,0.0,0.0,0.0,0.0,0.0,0.0
451297993564495872,0.19157155706165468,0.0,0.48996593607150307,0.0,0.23097286227870453,0.0,0.6009404597765712,0.0,0.0,0.0,0.0,0.0,0.0,0.0,0.0,0.0,0.5556580069690842,0.0,0.0,0.0
451294070757797888,0.16591517974175726,0.0,0.0,0.0,0.20003963296130658,0.0,0.0,0.4688130328263036,0.0,0.3900333732893278,0.44326180642775215,0.41293596265070864,0.43994030056458283,0.0,0.0,0.0,0.0,0.0,0.0,0.0
451304870088548353,0.0,0.0,0.0,0.0,0.0,0.0,0.0,0.0,0.0,0.0,0.0,0.0,0.0,0.0,0.0,0.0,0.0,0.0,0.0,0.0
451286374323191808,0.16378095648419239,0.0,0.41888833021614474,0.0,0.19746645528241508,0.0,0.0,0.0,0.5443150987740812,0.0,0.0,0.4076242272402067,0.0,0.5443150987740812,0.0,0.0,0.0,0.0,0.0,0.0
451300338789019648,0.2309945369525705,0.0,0.0,0.0,0.0,0.0,0.0,0.0,0.0,0.0,0.0,0.5749079236271821,0.6125045711541606,0.0,0.0,0.0,0.0,0.49087733046455423,0.0,0.0
451362273617932288,0.21643135286998427,0.0,0.0,0.0,0.26094567390890944,0.0,0.0,0.36119274377576843,0.42482732285093006,0.30049767049604653,0.3415070334317303,0.31814276248748813,0.3389480094025713,0.0,0.38871570344933337,0.0,0.0,0.0,0.0,0.0
451349026000994304,0.252546725410681,0.0,0.0,0.0,0.30448904274680955,0.0,0.0,0.0,0.0,0.0,0.0,0.6285478238583212,0.6696523034041191,0.0,0.0,0.0,0.0,0.0,0.0,0.0
451351693494476801,0.425787137098235,0.0,0.0,0.0,0.0,0.0,0.0,0.0,0.0,0.0,0.0,0.0,0.0,0.0,0.0,0.0,0.0,0.904823360596801,0.0,0.0
451379978605584384,0.252546725410681,0.0,0.0,0.0,0.30448904274680955,0.0,0.0,0.0,0.0,0.0,0.0,0.6285478238583212,0.6696523034041191,0.0,0.0,0.0,0.0,0.0,0.0,0.0
451351836809650176,0.6384011975038261,0.0,0.0,0.0,0.7697037813507746,0.0,0.0,0.0,0.0,0.0,0.0,0.0,0.0,0.0,0.0,0.0,0.0,0.0,0.0,0.0
451406990724431872,0.6231451139861982,0.0,0.0,0.0,0.0,0.0,0.0,0.0,0.0,0.0,0.0,0.0,0.0,0.0,0.0,0.0,0.0,0.7821062376142565,0.0,0.0
451607561158918144,0.15671197750560184,0.0,0.40080861652879296,0.0,0.18894357050183375,0.4863984004015629,0.0,0.0,0.52082181803155,0.0,0.0,0.0,0.0,0.52082181803155,0.0,0.0,0.0,0.0,0.0,0.0
451336002708459520,0.252546725410681,0.0,0.0,0.0,0.30448904274680955,0.0,0.0,0.0,0.0,0.0,0.0,0.6285478238583212,0.6696523034041191,0.0,0.0,0.0,0.0,0.0,0.0,0.0
451321075880951808,0.6384011975038261,0.0,0.0,0.0,0.7697037813507746,0.0,0.0,0.0,0.0,0.0,0.0,0.0,0.0,0.0,0.0,0.0,0.0,0.0,0.0,0.0
451361359976869888,0.15675620295442402,0.0,0.0,0.0,0.18899689197949304,0.0,0.0,0.0,0.0,0.36850245238261853,0.418792528799857,0.0,0.0,0.0,0.0,0.0,0.0,0.3331163907821209,0.5146219731725807,0.5027167422983575
451414467717234688,0.252546725410681,0.0,0.0,0.0,0.30448904274680955,0.0,0.0,0.0,0.0,0.0,0.0,0.6285478238583212,0.6696523034041191,0.0,0.0,0.0,0.0,0.0,0.0,0.0
451341445484789760,0.16537563686036774,0.0,0.0,0.5187665265920883,0.1993891200900429,0.0,0.0,0.0,0.0,0.0,0.0,0.4115931279597256,0.4385096499286649,0.5496149127762956,0.0,0.0,0.0,0.0,0.0,0.0
451367888968888320,0.3479498521711878,0.8384144577850862,0.0,0.0,0.41951412056209547,0.0,0.0,0.0,0.0,0.0,0.0,0.0,0.0,0.0,0.0,0.0,0.0,0.0,0.0,0.0
451329363300986881,0.2372387386566201,0.0,0.0,0.7441937564835893,0.0,0.0,0.0,0.0,0.0,0.0,0.0,0.0,0.0,0.0,0.0,0.6244144726793734,0.0,0.0,0.0,0.0
451375117864411137,0.2565845058786078,0.0,0.6562439097563718,0.0,0.30935729002858087,0.0,0.0,0.0,0.0,0.0,0.0,0.6385972043133873,0.0,0.0,0.0,0.0,0.0,0.0,0.0,0.0
451611819988115456,0.252546725410681,0.0,0.0,0.0,0.30448904274680955,0.0,0.0,0.0,0.0,0.0,0.0,0.6285478238583212,0.6696523034041191,0.0,0.0,0.0,0.0,0.0,0.0,0.0
451350628757819392,0.3539981642584848,0.0,0.0,0.0,0.4268064137197289,0.0,0.0,0.0,0.0,0.8321788178686876,0.0,0.0,0.0,0.0,0.0,0.0,0.0,0.0,0.0,0.0
451611530107183105,0.25719396531635424,0.0,0.0,0.0,0.3100920994801413,0.0,0.0,0.0,0.0,0.6046115252271225,0.6871237571263132,0.0,0.0,0.0,0.0,0.0,0.0,0.0,0.0,0.0
451417850818101248,0.25069356417843996,0.0,0.0,0.0,0.0,0.0,0.0,0.7083644203951681,0.0,0.0,0.0,0.0,0.0,0.0,0.0,0.6598276932637246,0.0,0.0,0.0,0.0
451320801581486080,0.15465062436350582,0.0,0.39553647259817826,0.0,0.18645825043292658,0.0,0.0,0.0,0.0,0.36355265862764163,0.41316722934721684,0.38490031198757774,0.410071232004685,0.0,0.0,0.40704182043913295,0.0,0.0,0.0,0.0
451341970431279104,0.28763366876591584,0.0,0.0,0.0,0.3467924611648222,0.8927496073768415,0.0,0.0,0.0,0.0,0.0,0.0,0.0,0.0,0.0,0.0,0.0,0.0,0.0,0.0
451335390633291776,0.15933763518340174,0.0,0.0,0.0,0.1921092579269786,0.0,0.0,0.0,0.0,0.37457088278032596,0.42568912689756266,0.3965655214511149,0.4224992988763475,0.5295480164182137,0.0,0.0,0.0,0.0,0.0,0.0
451367210691219456,0.16503842235589256,0.0,0.0,0.0,0.0,0.0,0.0,0.0,0.5484942028338721,0.0,0.0,0.41075385577111706,0.43761549274133305,0.0,0.0,0.4343825972551162,0.0,0.35071660680346073,0.0,0.0
451354597445996544,0.25719396531635424,0.0,0.0,0.0,0.3100920994801413,0.0,0.0,0.0,0.0,0.6046115252271225,0.6871237571263132,0.0,0.0,0.0,0.0,0.0,0.0,0.0,0.0,0.0
451346180946296832,0.3334253139997184,0.0,0.8527729720922476,0.0,0.40200226125376975,0.0,0.0,0.0,0.0,0.0,0.0,0.0,0.0,0.0,0.0,0.0,0.0,0.0,0.0,0.0
451610099686330368,0.28348579409502817,0.0,0.0,0.0,0.0,0.0,0.0,0.0,0.0,0.0,0.0,0.0,0.0,0.0,0.0,0.7461371344085123,0.0,0.6024244194942343,0.0,0.0
451608563660496896,0.6384011975038261,0.0,0.0,0.0,0.7697037813507746,0.0,0.0,0.0,0.0,0.0,0.0,0.0,0.0,0.0,0.0,0.0,0.0,0.0,0.0,0.0
451380442110107648,0.23505105376896407,0.5663752996812961,0.0,0.7373312118428357,0.28339496480247683,0.0,0.0,0.0,0.0,0.0,0.0,0.0,0.0,0.0,0.0,0.0,0.0,0.0,0.0,0.0
451606941857357824,0.16503842235589256,0.0,0.0,0.0,0.0,0.0,0.0,0.0,0.5484942028338721,0.0,0.0,0.41075385577111706,0.43761549274133305,0.0,0.0,0.4343825972551162,0.0,0.35071660680346073,0.0,0.0
451345481990295552,0.21355440988296587,0.0,0.0,0.6698984297605383,0.2574770182978344,0.6628244057609526,0.0,0.0,0.0,0.0,0.0,0.0,0.0,0.0,0.0,0.0,0.0,0.0,0.0,0.0
451335636617011200,0.21214112116708989,0.0,0.5425749239927045,0.0,0.25577305271474415,0.0,0.0,0.0,0.0,0.0,0.0,0.5279848307025381,0.5625128981785873,0.0,0.0,0.0,0.0,0.0,0.0,0.0
451346600070107136,0.17998784123889328,0.0,0.0,0.0,0.21700667627257816,0.0,0.0,0.8610957274807917,0.0,0.4231153832864239,0.0,0.0,0.0,0.0,0.0,0.0,0.0,0.0,0.0,0.0
451369604292804608,0.24129869982355961,0.0,0.0,0.0,0.0,0.0,0.0,0.0,0.0,0.0,0.0,0.0,0.0,0.0,0.7337727935718871,0.6351003266234149,0.0,0.0,0.0,0.0
451372321031602176,0.3479498521711878,0.8384144577850862,0.0,0.0,0.41951412056209547,0.0,0.0,0.0,0.0,0.0,0.0,0.0,0.0,0.0,0.0,0.0,0.0,0.0,0.0,0.0
451343617215307776,0.22206928895587816,0.0,0.0,0.6966087380312541,0.26774318735546043,0.0,0.0,0.6274831333397521,0.0,0.0,0.0,0.0,0.0,0.0,0.0,0.0,0.0,0.0,0.0,0.0
451609342639603712,0.0,0.0,0.0,0.0,0.0,0.0,0.0,0.0,0.0,0.0,0.0,0.0,0.0,0.0,0.0,0.0,0.0,0.0,0.0,0.0
451372910024728576,0.19612042747209346,0.0,0.0,0.0,0.2364573174606176,0.0,0.0,0.5541615453479991,0.0,0.0,0.0,0.0,0.0,0.6517931763415418,0.0,0.0,0.0,0.41676774332907945,0.0,0.0
451358891217936386,0.20557230178597224,0.0,0.0,0.0,0.24785319740052195,0.0,0.0,0.5808689380644434,0.0,0.0,0.0,0.5116361050534299,0.5450950321498045,0.0,0.0,0.0,0.0,0.0,0.0,0.0
451350170584621056,0.14728913059970236,0.0,0.0,0.0,0.1775826881555615,0.45715202284184836,0.0,0.0,0.0,0.0,0.0,0.0,0.0,0.0,0.0,0.0,0.0,0.5299521734776781,0.48354209650083624,0.47235586544902325
451416475572514817,0.2372387386566201,0.0,0.0,0.7441937564835893,0.0,0.0,0.0,0.0,0.0,0.0,0.0,0.0,0.0,0.0,0.0,0.6244144726793734,0.0,0.0,0.0,0.0
451398729455919104,0.21214112116708989,0.0,0.5425749239927045,0.0,0.25577305271474415,0.0,0.0,0.0,0.0,0.0,0.0,0.5279848307025381,0.5625128981785873,0.0,0.0,0.0,0.0,0.0,0.0,0.0
451320116995559425,0.16260836178272434,0.0,0.4158892865723518,0.5100858665661739,0.0,0.0,0.0,0.45946922619696634,0.0,0.38225970625402195,0.0,0.0,0.0,0.0,0.0,0.4279866561876246,0.0,0.0,0.0,0.0
451406916820803584,0.2209324080278599,0.0,0.0,0.0,0.1573238774149098,0.40499966268416127,0.0,0.0,0.0,0.0,0.0,0.0,0.0,0.0,0.0,0.0,0.0,0.2772911325652381,0.42837913033621133,0.7085296679723044
451610709169045504,0.19705926762976084,0.0,0.0,0.6181548488147993,0.0,0.0,0.0,0.5568143496443886,0.0,0.0,0.0,0.0,0.0,0.0,0.0,0.5186617471513312,0.0,0.0,0.0,0.0
451375221677621248,0.0,0.0,0.6968984588654723,0.0,0.0,0.0,0.0,0.0,0.0,0.0,0.0,0.0,0.0,0.0,0.0,0.7171698111541852,0.0,0.0,0.0,0.0
451380698515902465,0.18838126350100118,0.0,0.0,0.0,0.22712640800064954,0.0,0.0,0.5322936189866194,0.0,0.0,0.0,0.46885040000691885,0.49951131544661265,0.0,0.0,0.0,0.0,0.40032155286814547,0.0,0.0
451345750325071872,0.20557230178597224,0.0,0.0,0.0,0.24785319740052195,0.0,0.0,0.5808689380644434,0.0,0.0,0.0,0.5116361050534299,0.5450950321498045,0.0,0.0,0.0,0.0,0.0,0.0,0.0
451368502650470400,0.28348579409502817,0.0,0.0,0.0,0.0,0.0,0.0,0.0,0.0,0.0,0.0,0.0,0.0,0.0,0.0,0.7461371344085123,0.0,0.6024244194942343,0.0,0.0
451419187676999680,0.21947697084772944,0.5288482359207323,0.0,0.0,0.26461769658553713,0.0,0.0,0.6201582308430466,0.0,0.0,0.0,0.0,0.0,0.0,0.0,0.0,0.0,0.4664018074605003,0.0,0.0
451611700630781952,0.25719396531635424,0.0,0.0,0.0,0.3100920994801413,0.0,0.0,0.0,0.0,0.6046115252271225,0.6871237571263132,0.0,0.0,0.0,0.0,0.0,0.0,0.0,0.0,0.0
451319815387742208,0.3479498521711878,0.8384144577850862,0.0,0.0,0.41951412056209547,0.0,0.0,0.0,0.0,0.0,0.0,0.0,0.0,0.0,0.0,0.0,0.0,0.0,0.0,0.0
451603671059804160,0.2721770244103727,0.0,0.0,0.0,0.32815678558342676,0.0,0.0,0.0,0.9045622098333913,0.0,0.0,0.0,0.0,0.0,0.0,0.0,0.0,0.0,0.0,0.0
451331388583591936,0.15671197750560184,0.0,0.40080861652879296,0.0,0.18894357050183375,0.4863984004015629,0.0,0.0,0.52082181803155,0.0,0.0,0.0,0.0,0.52082181803155,0.0,0.0,0.0,0.0,0.0,0.0
451335407217545216,0.2403212439387445,0.0,0.0,0.0,0.17113048402047923,0.0,0.0,0.4010615298329036,0.0,0.33366687874324197,0.37920289274098923,0.35325965215876554,0.3763614012943869,0.0,0.0,0.3735810219531324,0.0,0.3016259611077884,0.0,0.0
451326605026394112,0.3479498521711878,0.8384144577850862,0.0,0.0,0.41951412056209547,0.0,0.0,0.0,0.0,0.0,0.0,0.0,0.0,0.0,0.0,0.0,0.0,0.0,0.0,0.0
451387852665159680,0.23505105376896407,0.5663752996812961,0.0,0.7373312118428357,0.28339496480247683,0.0,0.0,0.0,0.0,0.0,0.0,0.0,0.0,0.0,0.0,0.0,0.0,0.0,0.0,0.0
451426799478906880,0.20184905423564745,0.0,0.0,0.0,0.2433641743072142,0.0,0.0,0.0,0.6708318857835928,0.0,0.0,0.0,0.0,0.6708318857835928,0.0,0.0,0.0,0.0,0.0,0.0
451359927375003649,0.20029586628609264,0.0,0.0,0.0,0.24149153584319624,0.0,0.0,0.0,0.0,0.0,0.0,0.4985039131955274,0.5311040481823355,0.0,0.6090859894939953,0.0,0.0,0.0,0.0,0.0
451335975289880576,0.252546725410681,0.0,0.0,0.0,0.30448904274680955,0.0,0.0,0.0,0.0,0.0,0.0,0.6285478238583212,0.6696523034041191,0.0,0.0,0.0,0.0,0.0,0.0,0.0
451352040514392065,0.15933763518340174,0.0,0.0,0.0,0.1921092579269786,0.0,0.0,0.0,0.0,0.37457088278032596,0.42568912689756266,0.3965655214511149,0.4224992988763475,0.5295480164182137,0.0,0.0,0.0,0.0,0.0,0.0
451368166720286720,0.814578352914192,0.0,0.0,0.0,0.5800535380148992,0.0,0.0,0.0,0.0,0.0,0.0,0.0,0.0,0.0,0.0,0.0,0.0,0.0,0.0,0.0
451608316729229312,0.3551670535864368,0.0,0.0,0.0,0.0,0.0,0.0,0.0,0.0,0.0,0.0,0.0,0.0,0.0,0.0,0.9348028476886071,0.0,0.0,0.0,0.0
451337693482319872,0.6384011975038261,0.0,0.0,0.0,0.7697037813507746,0.0,0.0,0.0,0.0,0.0,0.0,0.0,0.0,0.0,0.0,0.0,0.0,0.0,0.0,0.0
451608563417235457,0.3334253139997184,0.0,0.8527729720922476,0.0,0.40200226125376975,0.0,0.0,0.0,0.0,0.0,0.0,0.0,0.0,0.0,0.0,0.0,0.0,0.0,0.0,0.0
451409390256394240,0.3095252749692502,0.0,0.0,0.0,0.3731866035010723,0.0,0.0,0.8746004019679751,0.0,0.0,0.0,0.0,0.0,0.0,0.0,0.0,0.0,0.0,0.0,0.0
451346383308468224,0.2923412570530468,0.0,0.0,0.0,0.3524682783779088,0.0,0.0,0.0,0.0,0.0,0.0,0.0,0.0,0.0,0.8889897086929395,0.0,0.0,0.0,0.0,0.0
451343111877193728,0.21576247265965168,0.0,0.551836940239333,0.0,0.0,0.0,0.0,0.0,0.0,0.5072143800927362,0.0,0.0,0.0,0.0,0.0,0.0,0.6258243518801623,0.0,0.0,0.0
451611576081350656,0.21643135286998427,0.0,0.0,0.0,0.26094567390890944,0.0,0.0,0.36119274377576843,0.42482732285093006,0.30049767049604653,0.3415070334317303,0.31814276248748813,0.3389480094025713,0.0,0.38871570344933337,0.0,0.0,0.0,0.0,0.0
451348749554442240,0.20184905423564745,0.0,0.0,0.0,0.2433641743072142,0.0,0.0,0.0,0.6708318857835928,0.0,0.0,0.0,0.0,0.6708318857835928,0.0,0.0,0.0,0.0,0.0,0.0
451338184518279169,0.3479498521711878,0.8384144577850862,0.0,0.0,0.41951412056209547,0.0,0.0,0.0,0.0,0.0,0.0,0.0,0.0,0.0,0.0,0.0,0.0,0.0,0.0,0.0
451374887962439680,0.22568517670785024,0.0,0.0,0.0,0.2721027695218397,0.0,0.0,0.0,0.0,0.5305406709004513,0.6029443434120624,0.0,0.0,0.0,0.0,0.0,0.0,0.47959461954945565,0.0,0.0
451613574863925248,0.21975727848603663,0.0,0.0,0.0,0.2649556562416126,0.0,0.6893561967037977,0.0,0.0,0.0,0.0,0.0,0.0,0.0,0.0,0.0,0.6374113843069182,0.0,0.0,0.0
451620935125438464,0.24541862863545338,0.0,0.0,0.0,0.2958948811707043,0.761723706745789,0.0,0.0,0.0,0.0,0.0,0.0,0.0,0.0,0.0,0.0,0.0,0.5215293957171768,0.0,0.0
451615710909722624,0.44247521894572,0.6297038426570308,0.0,0.0,0.3150824169524901,0.0,0.0,0.0,0.0,0.0,0.0,0.0,0.0,0.0,0.0,0.0,0.0,0.5553483786680966,0.0,0.0
451624654306701312,0.14339190381118827,0.0,0.0,0.0,0.17288390280298102,0.0,0.0,0.0,0.4765534404112708,0.33708566047366195,0.38308824068654573,0.35687918325949625,0.38021763505551676,0.0,0.4360449431019019,0.0,0.0,0.0,0.0,0.0
451617095072378880,0.2130898843451094,0.5134580133541596,0.0,0.0,0.2569169518937923,0.0,0.0,0.0,0.0,0.0,0.0,0.0,0.0,0.0,0.6479917207682974,0.0,0.0,0.4528288632116237,0.0,0.0
451615228795432960,0.6384011975038261,0.0,0.0,0.0,0.7697037813507746,0.0,0.0,0.0,0.0,0.0,0.0,0.0,0.0,0.0,0.0,0.0,0.0,0.0,0.0,0.0
451650229524131840,0.25719396531635424,0.0,0.0,0.0,0.3100920994801413,0.0,0.0,0.0,0.0,0.6046115252271225,0.6871237571263132,0.0,0.0,0.0,0.0,0.0,0.0,0.0,0.0,0.0
451613085782908928,0.6384011975038261,0.0,0.0,0.0,0.7697037813507746,0.0,0.0,0.0,0.0,0.0,0.0,0.0,0.0,0.0,0.0,0.0,0.0,0.0,0.0,0.0
451625063834345472,0.32530789689005146,0.0,0.0,0.0,0.23164867548983065,0.0,0.602698776739917,0.0,0.0,0.0,0.0,0.0,0.0,0.0,0.0,0.0,0.5572838300994422,0.40829227348883584,0.0,0.0
451622740995227650,0.3479498521711878,0.8384144577850862,0.0,0.0,0.41951412056209547,0.0,0.0,0.0,0.0,0.0,0.0,0.0,0.0,0.0,0.0,0.0,0.0,0.0,0.0,0.0
451625478692958208,1.0,0.0,0.0,0.0,0.0,0.0,0.0,0.0,0.0,0.0,0.0,0.0,0.0,0.0,0.0,0.0,0.0,0.0,0.0,0.0
451652440967098369,1.0,0.0,0.0,0.0,0.0,0.0,0.0,0.0,0.0,0.0,0.0,0.0,0.0,0.0,0.0,0.0,0.0,0.0,0.0,0.0
451619777492942848,0.2292642328399233,0.0,0.0,0.0,0.27641794475850084,0.0,0.0,0.0,0.0,0.538954315381668,0.0,0.0,0.0,0.7619444056407825,0.0,0.0,0.0,0.0,0.0,0.0
451624770833244160,0.3479498521711878,0.8384144577850862,0.0,0.0,0.41951412056209547,0.0,0.0,0.0,0.0,0.0,0.0,0.0,0.0,0.0,0.0,0.0,0.0,0.0,0.0,0.0
451651388041224192,0.28763366876591584,0.0,0.0,0.0,0.3467924611648222,0.8927496073768415,0.0,0.0,0.0,0.0,0.0,0.0,0.0,0.0,0.0,0.0,0.0,0.0,0.0,0.0
451620284852740096,0.6384011975038261,0.0,0.0,0.0,0.7697037813507746,0.0,0.0,0.0,0.0,0.0,0.0,0.0,0.0,0.0,0.0,0.0,0.0,0.0,0.0,0.0
451652477062893568,0.12289473056328178,0.0,0.3143171805995938,0.38550825091977503,0.148170992148046,0.0,0.0,0.0,0.0,0.2889009094628135,0.0,0.0,0.0,0.0,0.6327535594258707,0.32346002518085776,0.35645918475161925,0.0,0.0,0.0
451618365715406849,0.24541862863545338,0.0,0.0,0.0,0.2958948811707043,0.761723706745789,0.0,0.0,0.0,0.0,0.0,0.0,0.0,0.0,0.0,0.0,0.0,0.5215293957171768,0.0,0.0
451626293608873984,0.2923412570530468,0.0,0.0,0.0,0.3524682783779088,0.0,0.0,0.0,0.0,0.0,0.0,0.0,0.0,0.0,0.8889897086929395,0.0,0.0,0.0,0.0,0.0
451652542456287232,0.3678731398627093,0.0,0.0,0.0,0.44353511227242437,0.6743623485793576,0.0,0.0,0.0,0.0,0.0,0.0,0.0,0.0,0.0,0.0,0.0,0.46171569170602406,0.0,0.0
451622797286989824,0.28763366876591584,0.0,0.0,0.0,0.3467924611648222,0.8927496073768415,0.0,0.0,0.0,0.0,0.0,0.0,0.0,0.0,0.0,0.0,0.0,0.0,0.0,0.0
451622634405769216,0.6384011975038261,0.0,0.0,0.0,0.7697037813507746,0.0,0.0,0.0,0.0,0.0,0.0,0.0,0.0,0.0,0.0,0.0,0.0,0.0,0.0,0.0
451615510925303808,0.6384011975038261,0.0,0.0,0.0,0.7697037813507746,0.0,0.0,0.0,0.0,0.0,0.0,0.0,0.0,0.0,0.0,0.0,0.0,0.0,0.0,0.0
451623668624261120,0.21947697084772944,0.5288482359207323,0.0,0.0,0.26461769658553713,0.0,0.0,0.6201582308430466,0.0,0.0,0.0,0.0,0.0,0.0,0.0,0.0,0.0,0.4664018074605003,0.0,0.0
451615203202179072,0.2566025122382056,0.6183053529755195,0.0,0.0,0.3093789998297607,0.0,0.0,0.0,0.0,0.0,0.0,0.0,0.0,0.0,0.0,0.6753800971743218,0.0,0.0,0.0,0.0
451612624896397312,1.0,0.0,0.0,0.0,0.0,0.0,0.0,0.0,0.0,0.0,0.0,0.0,0.0,0.0,0.0,0.0,0.0,0.0,0.0,0.0
451652164377927681,0.28763366876591584,0.0,0.0,0.0,0.3467924611648222,0.8927496073768415,0.0,0.0,0.0,0.0,0.0,0.0,0.0,0.0,0.0,0.0,0.0,0.0,0.0,0.0
451623710907068416,0.2797749854365152,0.6741413777097439,0.0,0.0,0.3373174503115699,0.0,0.0,0.0,0.0,0.0,0.0,0.0,0.0,0.0,0.0,0.0,0.0,0.5945387271649406,0.0,0.0
451617636145963008,0.238997860862245,0.5758854635984443,0.0,0.0,0.2881535278437722,0.0,0.0,0.0,0.0,0.0,0.0,0.0,0.0,0.0,0.7267761001233217,0.0,0.0,0.0,0.0,0.0
451651669814960128,0.21975727848603663,0.0,0.0,0.0,0.2649556562416126,0.0,0.6893561967037977,0.0,0.0,0.0,0.0,0.0,0.0,0.0,0.0,0.0,0.6374113843069182,0.0,0.0,0.0
451620387462205440,0.30187734246295045,0.7273988674498862,0.0,0.0,0.6162474809199054,0.0,0.0,0.0,0.0,0.0,0.0,0.0,0.0,0.0,0.0,0.0,0.0,0.0,0.0,0.0
451652147122155520,0.22538857967644074,0.0,0.0,0.0,0.2717451701665974,0.0,0.0,0.6368621832371829,0.0,0.0,0.0,0.0,0.0,0.0,0.6853912096058224,0.0,0.0,0.0,0.0,0.0
451622197673881600,0.1476032243374097,0.0,0.0,0.0,0.17796138283620624,0.0,0.0,0.0,0.0,0.34698563197356525,0.3943392759854537,0.36736047676279504,0.0,0.0,0.4488512799342664,0.38849300081560295,0.428126777876215,0.0,0.0,0.0
451614567441788928,0.1746668178116473,0.0,0.0,0.0,0.2105912562066051,0.0,0.0,0.0,0.0,0.4106067224157877,0.4666428310338149,0.0,0.0,0.0,0.5311498111829056,0.0,0.506625395531009,0.0,0.0,0.0
451622043696381952,0.3281785992303095,0.0,0.0,0.0,0.2336928754653114,0.6015967651593942,0.0,0.0,0.0,0.4556498089008633,0.5178330143611409,0.0,0.0,0.0,0.0,0.0,0.0,0.0,0.0,0.0
451652145616416768,0.6384011975038261,0.0,0.0,0.0,0.7697037813507746,0.0,0.0,0.0,0.0,0.0,0.0,0.0,0.0,0.0,0.0,0.0,0.0,0.0,0.0,0.0
451619795398455296,0.0,0.0,0.0,0.0,0.0,0.0,0.0,0.0,0.0,0.0,0.0,0.0,0.0,0.0,0.0,0.0,0.0,0.0,0.0,0.0
451616246237102080,0.3479498521711878,0.8384144577850862,0.0,0.0,0.41951412056209547,0.0,0.0,0.0,0.0,0.0,0.0,0.0,0.0,0.0,0.0,0.0,0.0,0.0,0.0,0.0
451652672722989056,0.6384011975038261,0.0,0.0,0.0,0.7697037813507746,0.0,0.0,0.0,0.0,0.0,0.0,0.0,0.0,0.0,0.0,0.0,0.0,0.0,0.0,0.0
451623428995284992,0.6384011975038261,0.0,0.0,0.0,0.7697037813507746,0.0,0.0,0.0,0.0,0.0,0.0,0.0,0.0,0.0,0.0,0.0,0.0,0.0,0.0,0.0
451621305230446592,0.6384011975038261,0.0,0.0,0.0,0.7697037813507746,0.0,0.0,0.0,0.0,0.0,0.0,0.0,0.0,0.0,0.0,0.0,0.0,0.0,0.0,0.0
451611974317522944,0.3539981642584848,0.0,0.0,0.0,0.4268064137197289,0.0,0.0,0.0,0.0,0.8321788178686876,0.0,0.0,0.0,0.0,0.0,0.0,0.0,0.0,0.0,0.0
451622228392570880,0.34794985217118785,0.8384144577850863,0.0,0.0,0.4195141205620955,0.0,0.0,0.0,0.0,0.0,0.0,0.0,0.0,0.0,0.0,0.0,0.0,0.0,0.0,0.0
451625827671605248,0.21574067062749047,0.5198453060337761,0.0,0.0,0.26011293622633935,0.0,0.0,0.0,0.0,0.0,0.0,0.5369435252828223,0.5720574550658506,0.0,0.0,0.0,0.0,0.0,0.0,0.0
451619754063572992,0.425787137098235,0.0,0.0,0.0,0.0,0.0,0.0,0.0,0.0,0.0,0.0,0.0,0.0,0.0,0.0,0.0,0.0,0.904823360596801,0.0,0.0
451612525243559936,0.16662915127624786,0.0,0.0,0.0,0.2009004499397568,0.0,0.0,0.47083044413825936,0.0,0.0,0.0,0.0,0.0,0.0,0.0,0.0,0.0,0.35409700175226905,0.5470343182705616,0.5343792623370087
451739723305074688,0.2630298786789399,0.6337926334435768,0.0,0.0,0.31712830899914174,0.0,0.0,0.0,0.0,0.0,0.0,0.6546386914521193,0.0,0.0,0.0,0.0,0.0,0.0,0.0,0.0
451622407522881536,0.425787137098235,0.0,0.0,0.0,0.0,0.0,0.0,0.0,0.0,0.0,0.0,0.0,0.0,0.0,0.0,0.0,0.0,0.904823360596801,0.0,0.0
451624542063316992,0.28348579409502817,0.0,0.0,0.0,0.0,0.0,0.0,0.0,0.0,0.0,0.0,0.0,0.0,0.0,0.0,0.7461371344085123,0.0,0.6024244194942343,0.0,0.0
451652176557789184,0.6231451139861982,0.0,0.0,0.0,0.0,0.0,0.0,0.0,0.0,0.0,0.0,0.0,0.0,0.0,0.0,0.0,0.0,0.7821062376142565,0.0,0.0
451616371244146688,0.6384011975038261,0.0,0.0,0.0,0.7697037813507746,0.0,0.0,0.0,0.0,0.0,0.0,0.0,0.0,0.0,0.0,0.0,0.0,0.0,0.0,0.0
451623325123346432,0.2292642328399233,0.0,0.0,0.0,0.27641794475850084,0.0,0.0,0.0,0.0,0.538954315381668,0.0,0.0,0.0,0.7619444056407825,0.0,0.0,0.0,0.0,0.0,0.0
451617718471380992,0.18703419068232663,0.0,0.4783611080926223,0.0,0.22550227720900506,0.0,0.0,0.0,0.0,0.43967994023097445,0.49968371401966016,0.0,0.0,0.0,0.0,0.492275655355578,0.0,0.0,0.0,0.0
451614297089515520,0.18703419068232663,0.0,0.4783611080926223,0.0,0.22550227720900506,0.0,0.0,0.0,0.0,0.43967994023097445,0.49968371401966016,0.0,0.0,0.0,0.0,0.492275655355578,0.0,0.0,0.0,0.0
451625486733824000,0.6384011975038261,0.0,0.0,0.0,0.7697037813507746,0.0,0.0,0.0,0.0,0.0,0.0,0.0,0.0,0.0,0.0,0.0,0.0,0.0,0.0,0.0
451619071113445378,0.19122472551833186,0.46077207264245534,0.0,0.5998524845556861,0.23055469647414287,0.0,0.0,0.0,0.0,0.0,0.0,0.0,0.0,0.0,0.5815012726807232,0.0,0.0,0.0,0.0,0.0
451650473205190656,0.326492067429177,0.0,0.0,0.0,0.39364302552042674,0.0,0.0,0.0,0.0,0.0,0.0,0.0,0.0,0.0,0.0,0.8593300287811119,0.0,0.0,0.0,0.0
451622120255004672,0.22668596470926453,0.0,0.0,0.0,0.1614209306907284,0.0,0.0,0.0,0.0,0.31473538110813154,0.35768778553528646,0.3332165052494499,0.35500751383217244,0.0,0.0,0.0,0.0,0.28451239205680073,0.43953504734051707,0.4293668724690825
451613985880563713,0.28348579409502817,0.0,0.0,0.0,0.0,0.0,0.0,0.0,0.0,0.0,0.0,0.0,0.0,0.0,0.0,0.7461371344085123,0.0,0.6024244194942343,0.0,0.0
451651371876376576,0.238997860862245,0.5758854635984443,0.0,0.0,0.2881535278437722,0.0,0.0,0.0,0.0,0.0,0.0,0.0,0.0,0.0,0.7267761001233217,0.0,0.0,0.0,0.0,0.0
451624301922226176,0.21972197883357886,0.5294386032863948,0.0,0.0,0.2649130963653415,0.0,0.0,0.0,0.0,0.5165223864606916,0.0,0.0,0.0,0.0,0.0,0.5783102048439808,0.0,0.0,0.0,0.0
451617619758415872,0.6384011975038261,0.0,0.0,0.0,0.7697037813507746,0.0,0.0,0.0,0.0,0.0,0.0,0.0,0.0,0.0,0.0,0.0,0.0,0.0,0.0,0.0
451618270966067200,0.1689059150865444,0.0,0.0,0.0,0.0,0.0,0.0,0.4772637105132567,0.0,0.0,0.0,0.42037941767727943,0.0,0.0,0.0,0.44456187256097857,0.0,0.6077302272672334,0.0,0.0
451619510663909377,0.5217297777783204,0.5990395764852299,0.0,0.0,0.2997390595756036,0.0,0.0,0.0,0.0,0.0,0.0,0.0,0.0,0.0,0.0,0.0,0.0,0.5283049507136134,0.0,0.0
451619018739159040,0.326492067429177,0.0,0.0,0.0,0.39364302552042674,0.0,0.0,0.0,0.0,0.0,0.0,0.0,0.0,0.0,0.0,0.8593300287811119,0.0,0.0,0.0,0.0
451615123653025792,0.23590147090534655,0.0,0.0,0.0,0.0,0.0,0.0,0.0,0.0,0.5545571333758423,0.0,0.0,0.0,0.0,0.0,0.6208947720500795,0.0,0.5013048612247262,0.0,0.0
451620272693444608,0.3479498521711878,0.8384144577850862,0.0,0.0,0.41951412056209547,0.0,0.0,0.0,0.0,0.0,0.0,0.0,0.0,0.0,0.0,0.0,0.0,0.0,0.0,0.0
451791119211175936,0.12668825270586495,0.0,0.0,0.0,0.15274474349625938,0.3932115748051165,0.0,0.0,0.4210399686593862,0.297818720601146,0.33846248326996203,0.0,0.0,0.0,0.6522854354263992,0.0,0.0,0.0,0.0,0.0
451762110515929088,0.0,0.0,0.0,0.0,0.0,0.0,0.0,0.0,0.0,0.0,0.0,0.0,0.0,0.0,0.0,0.0,0.0,0.0,0.0,0.0
451791266783588352,0.0,0.0,0.0,0.0,0.0,0.0,0.0,0.0,0.0,0.0,0.0,0.0,0.0,0.0,0.0,1.0,0.0,0.0,0.0,0.0
451963283067514880,0.1727584417645017,0.0,0.0,0.0,0.0,0.0,0.0,0.0,0.0,0.0,0.0,0.0,0.0,0.0,0.0,0.454701757082881,0.0,0.36712211391383326,0.5671564410686636,0.5540358812699842
451977906424537088,0.21742853388157413,0.0,0.0,0.0,0.0,0.0,0.0,0.0,0.0,0.0,0.0,0.5411443430665394,0.5765329893024964,0.0,0.0,0.57227383730791,0.0,0.0,0.0,0.0
451761132337115136,0.252546725410681,0.0,0.0,0.0,0.30448904274680955,0.0,0.0,0.0,0.0,0.0,0.0,0.6285478238583212,0.6696523034041191,0.0,0.0,0.0,0.0,0.0,0.0,0.0
451905726403706880,0.6384011975038261,0.0,0.0,0.0,0.7697037813507746,0.0,0.0,0.0,0.0,0.0,0.0,0.0,0.0,0.0,0.0,0.0,0.0,0.0,0.0,0.0
451758748714160129,0.3787897408686581,0.0,0.0,0.0,0.4566969752304369,0.0,0.0,0.0,0.0,0.0,0.0,0.0,0.0,0.0,0.0,0.0,0.0,0.8049510575358134,0.0,0.0
451800368947556353,0.250884627720519,0.35704375606754557,0.0,0.4648145946518844,0.17865256966651524,0.0,0.0,0.0,0.0,0.0,0.0,0.0,0.0,0.0,0.0,0.0,0.0,0.3148840099323871,0.4864552900907479,0.4752016654100632
451958862619242496,0.21975727848603663,0.0,0.0,0.0,0.2649556562416126,0.0,0.6893561967037977,0.0,0.0,0.0,0.0,0.0,0.0,0.0,0.0,0.0,0.6374113843069182,0.0,0.0,0.0
451759926348886016,0.2182253911830781,0.0,0.5581361330751992,0.0,0.26310869941524584,0.0,0.0,0.36418673522919004,0.0,0.3029885495979722,0.3443378465003692,0.0,0.0,0.0,0.39193783765328233,0.0,0.0,0.27389356960259625,0.0,0.0
451907456075968513,0.3479498521711878,0.8384144577850862,0.0,0.0,0.41951412056209547,0.0,0.0,0.0,0.0,0.0,0.0,0.0,0.0,0.0,0.0,0.0,0.0,0.0,0.0,0.0
451788074297872385,0.15316683469409023,0.0,0.3917415126079828,0.0,0.31267227699373645,0.0,0.4804687578645378,0.0,0.0,0.36006456615222865,0.40920311171646306,0.0,0.0,0.0,0.0,0.0,0.44426416637878235,0.0,0.0,0.0
451960090120048640,0.3479498521711878,0.8384144577850862,0.0,0.0,0.41951412056209547,0.0,0.0,0.0,0.0,0.0,0.0,0.0,0.0,0.0,0.0,0.0,0.0,0.0,0.0,0.0
451789301487906816,0.19157155706165468,0.0,0.48996593607150307,0.0,0.23097286227870453,0.0,0.6009404597765712,0.0,0.0,0.0,0.0,0.0,0.0,0.0,0.0,0.0,0.5556580069690842,0.0,0.0,0.0
451954765552168960,0.252546725410681,0.0,0.0,0.0,0.30448904274680955,0.0,0.0,0.0,0.0,0.0,0.0,0.6285478238583212,0.6696523034041191,0.0,0.0,0.0,0.0,0.0,0.0,0.0
451906661121544192,0.28763366876591584,0.0,0.0,0.0,0.3467924611648222,0.8927496073768415,0.0,0.0,0.0,0.0,0.0,0.0,0.0,0.0,0.0,0.0,0.0,0.0,0.0,0.0
451759998339907584,0.14163771428030414,0.0,0.0,0.0,0.28913691871129127,0.0,0.44430308155774506,0.0,0.0,0.3329619120548344,0.378401718202668,0.0,0.0,0.0,0.4307105730722556,0.0,0.41082366942040976,0.30098869001950773,0.0,0.0
451941391145259008,0.37972593970920826,0.0,0.0,0.0,0.27039924890756456,0.0,0.0,0.0,0.0,0.0,0.0,0.0,0.0,0.7453539066524448,0.0,0.0,0.0,0.4765920800224467,0.0,0.0
451805812357222401,0.13911840449057394,0.0,0.35581106259454076,0.0,0.28399404081621166,0.0,0.0,0.0,0.0,0.5537260396545499,0.0,0.0,0.0,0.0,0.0,0.0,0.6832125694516374,0.0,0.0,0.0
451940047890022400,0.425787137098235,0.0,0.0,0.0,0.0,0.0,0.0,0.0,0.0,0.0,0.0,0.0,0.0,0.0,0.0,0.0,0.0,0.904823360596801,0.0,0.0
451944804352421888,0.0,0.0,0.0,0.0,1.0,0.0,0.0,0.0,0.0,0.0,0.0,0.0,0.0,0.0,0.0,0.0,0.0,0.0,0.0,0.0
451802681657798658,0.19157155706165468,0.0,0.48996593607150307,0.0,0.23097286227870453,0.0,0.6009404597765712,0.0,0.0,0.0,0.0,0.0,0.0,0.0,0.0,0.0,0.5556580069690842,0.0,0.0,0.0
451953047301013504,0.22882023534609103,0.551361618206874,0.34564841892659004,0.0,0.3419494070076322,0.41945914118127553,0.0,0.0,0.0,0.31769864565400235,0.36105545119027554,0.0,0.0,0.0,0.0,0.0,0.0,0.0,0.0,0.0
451798061673488385,0.28763366876591584,0.0,0.0,0.0,0.3467924611648222,0.8927496073768415,0.0,0.0,0.0,0.0,0.0,0.0,0.0,0.0,0.0,0.0,0.0,0.0,0.0,0.0
451805187452469248,0.16662915127624786,0.0,0.0,0.0,0.2009004499397568,0.0,0.0,0.47083044413825936,0.0,0.0,0.0,0.0,0.0,0.0,0.0,0.0,0.0,0.35409700175226905,0.5470343182705616,0.5343792623370087
451740535158755329,0.3479498521711878,0.8384144577850862,0.0,0.0,0.41951412056209547,0.0,0.0,0.0,0.0,0.0,0.0,0.0,0.0,0.0,0.0,0.0,0.0,0.0,0.0,0.0
451761942470746113,0.3479498521711878,0.8384144577850862,0.0,0.0,0.41951412056209547,0.0,0.0,0.0,0.0,0.0,0.0,0.0,0.0,0.0,0.0,0.0,0.0,0.0,0.0,0.0
451797177132941312,0.28348579409502817,0.0,0.0,0.0,0.0,0.0,0.0,0.0,0.0,0.0,0.0,0.0,0.0,0.0,0.0,0.7461371344085123,0.0,0.6024244194942343,0.0,0.0
451792814146207744,0.5320655892360773,0.757203413302647,0.0,0.0,0.37887887198112125,0.0,0.0,0.0,0.0,0.0,0.0,0.0,0.0,0.0,0.0,0.0,0.0,0.0,0.0,0.0
451758191202672640,0.814578352914192,0.0,0.0,0.0,0.5800535380148992,0.0,0.0,0.0,0.0,0.0,0.0,0.0,0.0,0.0,0.0,0.0,0.0,0.0,0.0,0.0
451978517647872001,0.3479498521711878,0.8384144577850862,0.0,0.0,0.41951412056209547,0.0,0.0,0.0,0.0,0.0,0.0,0.0,0.0,0.0,0.0,0.0,0.0,0.0,0.0,0.0
451788896570204160,0.2439986908976721,0.0,0.0,0.0,0.17374915920593775,0.0,0.45205700180057756,0.0,0.0,0.0,0.0,0.0,0.0,0.0,0.0,0.0,0.4179933112680088,0.3062415059311673,0.47310373314148724,0.4621589825009672
452239020819365888,0.0,0.0,0.0,0.0,0.0,0.0,0.0,0.0,0.0,0.0,0.0,0.0,0.0,0.0,0.0,0.0,0.0,0.0,0.0,0.0
451787146316484608,0.19157155706165468,0.0,0.48996593607150307,0.0,0.23097286227870453,0.0,0.6009404597765712,0.0,0.0,0.0,0.0,0.0,0.0,0.0,0.0,0.0,0.5556580069690842,0.0,0.0,0.0
451797420608065536,1.0,0.0,0.0,0.0,0.0,0.0,0.0,0.0,0.0,0.0,0.0,0.0,0.0,0.0,0.0,0.0,0.0,0.0,0.0,0.0
451807153808871424,0.2797749854365152,0.6741413777097439,0.0,0.0,0.3373174503115699,0.0,0.0,0.0,0.0,0.0,0.0,0.0,0.0,0.0,0.0,0.0,0.0,0.5945387271649406,0.0,0.0
451759310532804608,0.0,0.0,0.0,0.0,0.0,0.0,0.0,0.0,0.0,0.0,0.0,0.0,0.0,1.0,0.0,0.0,0.0,0.0,0.0,0.0
451760255228469248,0.23221566664462662,0.5595431957340508,0.0,0.0,0.2799764120182259,0.0,0.0,0.0,0.0,0.0,0.0,0.0,0.0,0.0,0.0,0.0,0.0,0.0,0.0,0.7447150495229153
451950643406598144,0.814578352914192,0.0,0.0,0.0,0.5800535380148992,0.0,0.0,0.0,0.0,0.0,0.0,0.0,0.0,0.0,0.0,0.0,0.0,0.0,0.0,0.0
451807116257275904,0.19397030439334426,0.0,0.0,0.0,0.0,0.0,0.0,0.0,0.0,0.0,0.0,0.0,0.0,0.0,0.0,0.0,0.0,0.41219860203686204,0.6367938167831957,0.6220622705156612
451972967145017344,1.0,0.0,0.0,0.0,0.0,0.0,0.0,0.0,0.0,0.0,0.0,0.0,0.0,0.0,0.0,0.0,0.0,0.0,0.0,0.0
451781616042786816,0.2923412570530468,0.0,0.0,0.0,0.3524682783779088,0.0,0.0,0.0,0.0,0.0,0.0,0.0,0.0,0.0,0.8889897086929395,0.0,0.0,0.0,0.0,0.0
451782485849149440,0.252546725410681,0.0,0.0,0.0,0.30448904274680955,0.0,0.0,0.0,0.0,0.0,0.0,0.6285478238583212,0.6696523034041191,0.0,0.0,0.0,0.0,0.0,0.0,0.0
451914810230603776,0.34794985217118785,0.8384144577850863,0.0,0.0,0.4195141205620955,0.0,0.0,0.0,0.0,0.0,0.0,0.0,0.0,0.0,0.0,0.0,0.0,0.0,0.0,0.0
451758022944366593,1.0,0.0,0.0,0.0,0.0,0.0,0.0,0.0,0.0,0.0,0.0,0.0,0.0,0.0,0.0,0.0,0.0,0.0,0.0,0.0
451870367397588992,0.19397030439334426,0.0,0.0,0.0,0.0,0.0,0.0,0.0,0.0,0.0,0.0,0.0,0.0,0.0,0.0,0.0,0.0,0.41219860203686204,0.6367938167831957,0.6220622705156612
451759355407654912,0.22252564133325792,0.0,0.0,0.0,0.26829339959170156,0.0,0.0,0.0,0.0,0.0,0.0,0.5538302165084461,0.5900484674389395,0.0,0.0,0.0,0.0,0.4728804162152588,0.0,0.0
451786794808647680,1.0,0.0,0.0,0.0,0.0,0.0,0.0,0.0,0.0,0.0,0.0,0.0,0.0,0.0,0.0,0.0,0.0,0.0,0.0,0.0
451785703500705792,0.45326105127927785,0.0,0.0,0.0,0.3227629061075644,0.8308902008293294,0.0,0.0,0.0,0.0,0.0,0.0,0.0,0.0,0.0,0.0,0.0,0.0,0.0,0.0
451761682092929024,0.3479498521711878,0.8384144577850862,0.0,0.0,0.41951412056209547,0.0,0.0,0.0,0.0,0.0,0.0,0.0,0.0,0.0,0.0,0.0,0.0,0.0,0.0,0.0
451758440147603456,0.3479498521711878,0.8384144577850862,0.0,0.0,0.41951412056209547,0.0,0.0,0.0,0.0,0.0,0.0,0.0,0.0,0.0,0.0,0.0,0.0,0.0,0.0,0.0
451758081261989889,0.0,0.0,0.0,0.0,0.0,0.0,0.0,0.0,0.0,0.0,0.0,0.0,0.0,0.0,0.0,0.0,0.0,0.0,0.0,0.0
451785707879948288,0.250884627720519,0.35704375606754557,0.0,0.4648145946518844,0.17865256966651524,0.0,0.0,0.0,0.0,0.0,0.0,0.0,0.0,0.0,0.0,0.0,0.0,0.3148840099323871,0.4864552900907479,0.4752016654100632
451902523872260096,0.3479498521711878,0.8384144577850862,0.0,0.0,0.41951412056209547,0.0,0.0,0.0,0.0,0.0,0.0,0.0,0.0,0.0,0.0,0.0,0.0,0.0,0.0,0.0
452241848350691328,0.30187734246295045,0.7273988674498862,0.0,0.0,0.6162474809199054,0.0,0.0,0.0,0.0,0.0,0.0,0.0,0.0,0.0,0.0,0.0,0.0,0.0,0.0,0.0
451885134392729601,0.28763366876591584,0.0,0.0,0.0,0.3467924611648222,0.8927496073768415,0.0,0.0,0.0,0.0,0.0,0.0,0.0,0.0,0.0,0.0,0.0,0.0,0.0,0.0
451784341211725824,0.18136900851758594,0.0,0.0,0.0,0.0,0.0,0.0,0.0,0.0,0.0,0.0,0.45139803509108806,0.4809176366172199,0.0,0.5515307133632494,0.4773648454513439,0.0,0.0,0.0,0.0
451920870181572608,0.6384011975038261,0.0,0.0,0.0,0.7697037813507746,0.0,0.0,0.0,0.0,0.0,0.0,0.0,0.0,0.0,0.0,0.0,0.0,0.0,0.0,0.0
451877737708683264,0.0,0.0,0.0,0.0,0.0,0.0,0.0,0.653519825533317,0.0,0.0,0.0,0.5756278502775922,0.0,0.0,0.0,0.0,0.0,0.49149203006732534,0.0,0.0
451760052391534592,0.3479498521711878,0.8384144577850862,0.0,0.0,0.41951412056209547,0.0,0.0,0.0,0.0,0.0,0.0,0.0,0.0,0.0,0.0,0.0,0.0,0.0,0.0,0.0
451802665727832064,0.0,0.0,0.0,0.0,1.0,0.0,0.0,0.0,0.0,0.0,0.0,0.0,0.0,0.0,0.0,0.0,0.0,0.0,0.0,0.0
451968765186437120,1.0,0.0,0.0,0.0,0.0,0.0,0.0,0.0,0.0,0.0,0.0,0.0,0.0,0.0,0.0,0.0,0.0,0.0,0.0,0.0
451758823305265152,0.3479498521711878,0.8384144577850862,0.0,0.0,0.41951412056209547,0.0,0.0,0.0,0.0,0.0,0.0,0.0,0.0,0.0,0.0,0.0,0.0,0.0,0.0,0.0
451946908706037760,0.0,0.0,0.0,0.0,0.0,0.0,0.0,0.0,0.0,0.0,0.0,0.0,0.0,0.0,0.0,0.0,0.0,0.0,0.0,0.0
451757860285059072,0.22527305399418968,0.0,0.5761613282520136,0.0,0.27160588384504997,0.0,0.0,0.0,0.0,0.0,0.0,0.5606680808539896,0.0,0.0,0.0,0.0,0.0,0.47871883391324793,0.0,0.0
451761770663661569,0.17774594433914992,0.428293814803197,0.0,0.0,0.36284767034536286,0.5516830581844793,0.0,0.0,0.0,0.0,0.0,0.0,0.0,0.5907268056466303,0.0,0.0,0.0,0.0,0.0,0.0
451978306758270976,0.24928263443345788,0.28622127798040004,0.0,0.0,0.24248476239653938,0.0,0.37261491076190534,0.0,0.0,0.27923860602641537,0.31734671289223,0.0,0.0,0.0,0.0,0.0,0.3445373918705741,0.2524242539096263,0.38996300157608643,0.3809416231503901
452248283977502720,0.20557230178597224,0.0,0.0,0.0,0.24785319740052195,0.0,0.0,0.5808689380644434,0.0,0.0,0.0,0.5116361050534299,0.5450950321498045,0.0,0.0,0.0,0.0,0.0,0.0,0.0
451758636105080832,0.29647334507298245,0.42192284820529785,0.0,0.0,0.21111586395767015,0.0,0.0,0.0,0.5819396118624107,0.0,0.0,0.0,0.0,0.0,0.0,0.4608698482871505,0.0,0.3721021753419046,0.0,0.0
451792209671507968,0.22690212674873725,0.0,0.5803278661731602,0.0,0.2735700146520935,0.0,0.0,0.37866695671475215,0.0,0.31503550485845644,0.35802886761910646,0.0,0.0,0.0,0.407521454926493,0.0,0.0,0.0,0.0,0.0
451894519898718209,0.3479498521711878,0.8384144577850862,0.0,0.0,0.41951412056209547,0.0,0.0,0.0,0.0,0.0,0.0,0.0,0.0,0.0,0.0,0.0,0.0,0.0,0.0,0.0
451760532257652736,0.25719396531635424,0.0,0.0,0.0,0.3100920994801413,0.0,0.0,0.0,0.0,0.6046115252271225,0.6871237571263132,0.0,0.0,0.0,0.0,0.0,0.0,0.0,0.0,0.0
456136150764113920,0.32974267882473307,0.0,0.0,0.0,0.0,0.0,0.0,0.0,0.6472430986417999,0.45782140866384696,0.0,0.0,0.0,0.0,0.0,0.5125872557829556,0.0,0.0,0.0,0.0
452687416155836416,0.3334253139997184,0.0,0.8527729720922476,0.0,0.40200226125376975,0.0,0.0,0.0,0.0,0.0,0.0,0.0,0.0,0.0,0.0,0.0,0.0,0.0,0.0,0.0
452265127073427456,1.0,0.0,0.0,0.0,0.0,0.0,0.0,0.0,0.0,0.0,0.0,0.0,0.0,0.0,0.0,0.0,0.0,0.0,0.0,0.0
456696436545945602,0.28468255549862004,0.0,0.0,0.0,0.0,0.0,0.0,0.0,0.0,0.0,0.0,0.0,0.0,0.0,0.0,0.44254098502632533,0.0,0.3573036158001054,0.5519881244901415,0.5392184675293789
452282875459551232,0.425787137098235,0.0,0.0,0.0,0.0,0.0,0.0,0.0,0.0,0.0,0.0,0.0,0.0,0.0,0.0,0.0,0.0,0.904823360596801,0.0,0.0
452276981355122688,0.425787137098235,0.0,0.0,0.0,0.0,0.0,0.0,0.0,0.0,0.0,0.0,0.0,0.0,0.0,0.0,0.0,0.0,0.904823360596801,0.0,0.0
452297605608112129,0.3641450752832226,0.0,0.9313422379270556,0.0,0.0,0.0,0.0,0.0,0.0,0.0,0.0,0.0,0.0,0.0,0.0,0.0,0.0,0.0,0.0,0.0
452272427272126465,0.2348289366534505,0.0,0.0,0.0,0.16721946396783197,0.430473921784869,0.0,0.0,0.0,0.3260412481541713,0.0,0.0,0.0,0.0,0.0,0.3650431926089911,0.0,0.294732594393823,0.45532394527061465,0.44479051107309936
452313787962372096,0.25719396531635424,0.0,0.0,0.0,0.3100920994801413,0.0,0.0,0.0,0.0,0.6046115252271225,0.6871237571263132,0.0,0.0,0.0,0.0,0.0,0.0,0.0,0.0,0.0
456703651633827840,0.3551670535864368,0.0,0.0,0.0,0.0,0.0,0.0,0.0,0.0,0.0,0.0,0.0,0.0,0.0,0.0,0.9348028476886071,0.0,0.0,0.0,0.0
452284375347265536,0.425787137098235,0.0,0.0,0.0,0.0,0.0,0.0,0.0,0.0,0.0,0.0,0.0,0.0,0.0,0.0,0.0,0.0,0.904823360596801,0.0,0.0
452655860993380354,0.3641450752832226,0.0,0.9313422379270556,0.0,0.0,0.0,0.0,0.0,0.0,0.0,0.0,0.0,0.0,0.0,0.0,0.0,0.0,0.0,0.0,0.0
452269718532263936,0.0,0.0,0.0,0.0,0.0,0.0,0.0,0.0,0.0,0.0,0.0,0.0,0.0,0.0,0.0,0.0,0.0,0.0,0.0,0.0
456704246814371840,0.48268344355484943,0.0,0.0,0.0,0.34371431326839935,0.0,0.0,0.8055291206234975,0.0,0.0,0.0,0.0,0.0,0.0,0.0,0.0,0.0,0.0,0.0,0.0
452300887017287682,0.3385544842726949,0.0,0.5114094128623279,0.0,0.24108144503303905,0.6206171976062529,0.0,0.0,0.0,0.0,0.0,0.0,0.0,0.0,0.0,0.0,0.0,0.42491799739573505,0.0,0.0
452276965043482624,0.3479498521711878,0.8384144577850862,0.0,0.0,0.41951412056209547,0.0,0.0,0.0,0.0,0.0,0.0,0.0,0.0,0.0,0.0,0.0,0.0,0.0,0.0,0.0
456633664768458754,0.1397182647683458,0.0,0.35734527313716336,0.0,0.2852185857988355,0.0,0.0,0.0,0.0,0.32844967050362184,0.0,0.0,0.0,0.0,0.0,0.0,0.40525625896213757,0.2969097439767922,0.4586873613176272,0.44807611807453446
456654341324013568,0.1988942057326988,0.0,0.8612945546572307,0.0,0.0,0.0,0.0,0.0,0.0,0.4675604613777363,0.0,0.0,0.0,0.0,0.0,0.0,0.0,0.0,0.0,0.0
452272803773808643,0.18838126350100118,0.0,0.0,0.0,0.22712640800064954,0.0,0.0,0.5322936189866194,0.0,0.0,0.0,0.46885040000691885,0.49951131544661265,0.0,0.0,0.0,0.0,0.40032155286814547,0.0,0.0
452635382904266752,0.21896786171601637,0.0,0.0,0.0,0.0,0.0,0.0,0.0,0.0,0.0,0.0,0.0,0.0,0.0,0.0,0.5763253618753844,0.6351216615744552,0.4653199198332542,0.0,0.0
452704646415777793,0.425787137098235,0.0,0.0,0.0,0.0,0.0,0.0,0.0,0.0,0.0,0.0,0.0,0.0,0.0,0.0,0.0,0.0,0.904823360596801,0.0,0.0
452261802987253760,0.3939716408925077,0.0,0.0,0.0,0.2805434779351512,0.722204510840576,0.0,0.0,0.0,0.0,0.0,0.0,0.0,0.0,0.0,0.0,0.0,0.49447178653795676,0.0,0.0
456611206602575872,1.0,0.0,0.0,0.0,0.0,0.0,0.0,0.0,0.0,0.0,0.0,0.0,0.0,0.0,0.0,0.0,0.0,0.0,0.0,0.0
452617503991013376,0.21214112116708989,0.0,0.5425749239927045,0.0,0.25577305271474415,0.0,0.0,0.0,0.0,0.0,0.0,0.5279848307025381,0.5625128981785873,0.0,0.0,0.0,0.0,0.0,0.0,0.0
456136015913033728,0.26932754585076346,0.6489673926056462,0.0,0.0,0.3247212431208109,0.0,0.0,0.0,0.0,0.6331351440622367,0.0,0.0,0.0,0.0,0.0,0.0,0.0,0.0,0.0,0.0
456639039001460736,0.6384011975038261,0.0,0.0,0.0,0.7697037813507746,0.0,0.0,0.0,0.0,0.0,0.0,0.0,0.0,0.0,0.0,0.0,0.0,0.0,0.0,0.0
456678826026627072,0.3334253139997184,0.0,0.8527729720922476,0.0,0.40200226125376975,0.0,0.0,0.0,0.0,0.0,0.0,0.0,0.0,0.0,0.0,0.0,0.0,0.0,0.0,0.0
452274873151541248,0.21975727848603663,0.0,0.0,0.0,0.2649556562416126,0.0,0.6893561967037977,0.0,0.0,0.0,0.0,0.0,0.0,0.0,0.0,0.0,0.6374113843069182,0.0,0.0,0.0
452277201896235008,0.3479498521711878,0.8384144577850862,0.0,0.0,0.41951412056209547,0.0,0.0,0.0,0.0,0.0,0.0,0.0,0.0,0.0,0.0,0.0,0.0,0.0,0.0,0.0
452272028746121216,0.33162224697492554,0.0,0.0,0.0,0.2361450644423391,0.0,0.0,0.5534297489417508,0.0,0.0,0.0,0.0,0.0,0.0,0.5956012070475957,0.0,0.0,0.4162173819058289,0.0,0.0
452278592114655234,0.6384011975038261,0.0,0.0,0.0,0.7697037813507746,0.0,0.0,0.0,0.0,0.0,0.0,0.0,0.0,0.0,0.0,0.0,0.0,0.0,0.0,0.0
452668167047745536,0.2808806870266241,0.0,0.0,0.0,0.20001247969206912,0.0,0.5203883708302038,0.0,0.0,0.0,0.0,0.0,0.0,0.0,0.5044681946264737,0.0,0.48117573094164495,0.35253191017360047,0.0,0.0
456369685957582848,,,,,,,,,,,,,,,,,,,,
