tweet_id,tfidf_attack,tfidf_bomb,tfidf_bomb suspect,tfidf_boston,tfidf_boston bomb,tfidf_boston marathon,tfidf_bostonmarathon,tfidf_explos,tfidf_marathon,tfidf_marathon bomb,tfidf_peopl,tfidf_prayer,tfidf_prayforboston,tfidf_rt,tfidf_suspect,tfidf_thi,tfidf_tragedi,tfidf_tsarnaev,tfidf_victim,tfidf_wa
327714703675641856,0.0,0.5174041179229367,0.0,0.3623997796069623,0.7752156980461714,0.0,0.0,0.0,0.0,0.0,0.0,0.0,0.0,0.0,0.0,0.0,0.0,0.0,0.0,0.0
327895134270263296,0.0,0.0,0.0,0.27736436506596546,0.0,0.0,0.0,0.0,0.0,0.0,0.0,0.0,0.0,0.0,0.0,0.0,0.0,0.6616685016045931,0.6966087876102959,0.0
328258189021810688,0.0,0.0,0.0,0.0,0.0,0.0,0.0,0.0,0.0,0.0,0.0,0.0,0.0,0.0,0.0,0.0,0.0,1.0,0.0,0.0
328350748922494976,0.0,0.34820664978227417,0.5701888027630702,0.24389062391956043,0.5217106932950408,0.0,0.0,0.0,0.0,0.0,0.0,0.0,0.0,0.0,0.4711392302884112,0.0,0.0,0.0,0.0,0.0
328577585258823681,0.0,0.43398816527868395,0.41972496217390776,0.3039736445863583,0.6502353321826507,0.0,0.0,0.0,0.0,0.0,0.0,0.0,0.0,0.0,0.34681301115205826,0.0,0.0,0.0,0.0,0.0
328589782307438592,0.0,0.0,0.0,0.0,0.0,0.0,0.8819513014585612,0.0,0.0,0.0,0.0,0.0,0.0,0.47134053703829704,0.0,0.0,0.0,0.0,0.0,0.0
329065672229404672,0.0,0.0,0.0,0.0,0.0,0.0,0.0,0.0,0.0,0.0,0.0,0.0,0.0,0.0,0.0,0.0,0.0,1.0,0.0,0.0
329258475999866880,0.0,0.34820664978227417,0.5701888027630702,0.24389062391956043,0.5217106932950408,0.0,0.0,0.0,0.0,0.0,0.0,0.0,0.0,0.0,0.4711392302884112,0.0,0.0,0.0,0.0,0.0
329319729623859200,0.0,0.34820664978227417,0.5701888027630702,0.24389062391956043,0.5217106932950408,0.0,0.0,0.0,0.0,0.0,0.0,0.0,0.0,0.0,0.4711392302884112,0.0,0.0,0.0,0.0,0.0
329354693325225984,0.0,0.3921694106350215,0.0,0.0,0.0,0.0,0.0,0.0,0.38119593015711567,0.5723879996676448,0.0,0.0,0.0,0.30282704218270984,0.5306228194802546,0.0,0.0,0.0,0.0,0.0
329530338189647872,0.0,0.4217268626935109,0.0,0.0,0.0,0.0,0.0,0.0,0.0,0.0,0.0,0.0,0.0,0.0,0.5706153791307688,0.0,0.0,0.704659167528627,0.0,0.0
329614840832327682,0.0,0.3837972383137884,0.0,0.2688189555526378,0.5750353228768279,0.0,0.0,0.0,0.0,0.0,0.0,0.0,0.0,0.29636218257885233,0.0,0.6016143974169329,0.0,0.0,0.0,0.0
329623376266149888,0.0,0.0,0.0,0.0,0.0,0.0,0.0,0.0,0.0,0.0,0.0,0.0,0.0,1.0,0.0,0.0,0.0,0.0,0.0,0.0
329640887460167680,0.0,0.41703157524029044,0.0,0.29209692331582005,0.0,0.4538277586274869,0.0,0.0,0.405362414603413,0.6086753904735067,0.0,0.0,0.0,0.0,0.0,0.0,0.0,0.0,0.0,0.0
329644817531420672,0.0,0.41703157524029044,0.0,0.29209692331582005,0.0,0.4538277586274869,0.0,0.0,0.405362414603413,0.6086753904735067,0.0,0.0,0.0,0.0,0.0,0.0,0.0,0.0,0.0,0.0
329675268182663169,0.0,0.4680019344580247,0.0,0.32779754166641806,0.0,0.0,0.0,0.0,0.45490654773961275,0.6830688060837115,0.0,0.0,0.0,0.0,0.0,0.0,0.0,0.0,0.0,0.0
329687486194401281,0.0,0.0,0.0,0.0,0.0,0.0,0.6540956255559393,0.0,0.0,0.0,0.0,0.0,0.0,0.0,0.0,0.0,0.0,0.7564118670595964,0.0,0.0
329970912067723264,0.0,0.5174041179229367,0.0,0.3623997796069623,0.7752156980461714,0.0,0.0,0.0,0.0,0.0,0.0,0.0,0.0,0.0,0.0,0.0,0.0,0.0,0.0,0.0
330414270976229376,0.0,0.38732565121925305,0.0,0.45933444669551654,0.0,0.42150077497245325,0.0,0.0,0.37648770629804085,0.5653183259815364,0.0,0.0,0.0,0.0,0.0,0.0,0.0,0.0,0.0,0.0
330551500210331648,0.0,0.0,0.0,0.0,0.0,0.0,0.0,0.0,0.0,0.0,0.6721296946343406,0.0,0.0,0.3106176865239587,0.0,0.0,0.0,0.6721296946343406,0.0,0.0
330562824835330049,0.0,0.715346415848236,0.0,0.2959236927531952,0.6330155396199962,0.0,0.0,0.0,0.0,0.0,0.0,0.0,0.0,0.0,0.0,0.0,0.0,0.0,0.0,0.0
330702608421494785,0.0,0.0,0.0,0.0,0.0,0.0,0.0,0.0,0.0,0.0,0.0,0.0,0.0,0.3193872819706473,0.0,0.6483552844475314,0.0,0.6911057728339149,0.0,0.0
331857161913253889,0.0,0.0,0.0,0.44992194927726803,0.0,0.0,0.0,0.8930678807115074,0.0,0.0,0.0,0.0,0.0,0.0,0.0,0.0,0.0,0.0,0.0,0.0
333035488694906882,0.0,0.0,0.0,0.4327485613591891,0.0,0.6723566527900966,0.0,0.0,0.6005540892296461,0.0,0.0,0.0,0.0,0.0,0.0,0.0,0.0,0.0,0.0,0.0
333279915938021376,0.0,0.0,0.0,0.0,0.0,0.0,0.0,0.0,0.0,0.0,0.0,0.0,0.0,0.0,0.0,0.0,0.0,1.0,0.0,0.0
333948244725989379,0.0,0.0,0.0,0.3093575003803799,0.0,0.0,0.0,0.0,0.42931607052320925,0.0,0.0,0.0,0.0,0.34105431226524935,0.0,0.0,0.0,0.0,0.776960491038117,0.0
333963193238032385,0.0,0.34820664978227417,0.5701888027630702,0.24389062391956043,0.5217106932950408,0.0,0.0,0.0,0.0,0.0,0.0,0.0,0.0,0.0,0.4711392302884112,0.0,0.0,0.0,0.0,0.0
333981371368353794,0.0,0.0,0.0,0.0,0.0,0.0,1.0,0.0,0.0,0.0,0.0,0.0,0.0,0.0,0.0,0.0,0.0,0.0,0.0,0.0
338979664712327168,0.0,0.0,0.0,0.0,0.0,0.0,0.8819513014585612,0.0,0.0,0.0,0.0,0.0,0.0,0.47134053703829704,0.0,0.0,0.0,0.0,0.0,0.0
340244410954547200,0.0,0.49876947768220115,0.0,0.3493477197520706,0.0,0.0,0.0,0.6934341127645502,0.0,0.0,0.0,0.0,0.0,0.38514193499422267,0.0,0.0,0.0,0.0,0.0,0.0
340341051917209601,0.0,0.0,0.0,0.2584513191616855,0.0,0.4015529556353681,0.0,0.5130102504258546,0.3586701619569712,0.0,0.6165503526264879,0.0,0.0,0.0,0.0,0.0,0.0,0.0,0.0,0.0
323874466063085568,0.0,0.0,0.0,0.39057540702839383,0.0,0.6068326894188627,0.0,0.0,0.54202758550304,0.0,0.0,0.0,0.0,0.43059381675892605,0.0,0.0,0.0,0.0,0.0,0.0
323874558325161984,0.0,0.0,0.0,0.24855841201284237,0.0,0.3861824552319283,0.0,0.49337342755983254,0.34494111379111114,0.0,0.5929502587639197,0.0,0.0,0.27402574097136345,0.0,0.0,0.0,0.0,0.0,0.0
323875384603058176,0.0,0.0,0.0,0.0,0.0,0.0,0.5785953907163447,0.0,0.0,0.0,0.0,0.7547260633920639,0.0,0.3092182774004772,0.0,0.0,0.0,0.0,0.0,0.0
323876642911031297,0.0,0.0,0.0,0.4327485613591891,0.0,0.6723566527900966,0.0,0.0,0.6005540892296461,0.0,0.0,0.0,0.0,0.0,0.0,0.0,0.0,0.0,0.0,0.0
323877544694784000,0.0,1.0,0.0,0.0,0.0,0.0,0.0,0.0,0.0,0.0,0.0,0.0,0.0,0.0,0.0,0.0,0.0,0.0,0.0,0.0
323877624382373888,0.0,0.0,0.0,0.4327485613591891,0.0,0.6723566527900966,0.0,0.0,0.6005540892296461,0.0,0.0,0.0,0.0,0.0,0.0,0.0,0.0,0.0,0.0,0.0
323877825696366592,0.0,0.0,0.0,0.4327485613591891,0.0,0.6723566527900966,0.0,0.0,0.6005540892296461,0.0,0.0,0.0,0.0,0.0,0.0,0.0,0.0,0.0,0.0,0.0
323877985088331778,0.0,0.0,0.0,0.34423504136713473,0.0,0.31588168001060574,0.0,0.6832857551275673,0.2821479252951241,0.0,0.48500940776448004,0.0,0.0,0.0,0.0,0.0,0.0,0.0,0.0,0.0
323878794576412672,0.0,0.0,0.0,0.0,0.0,0.0,0.7414968940957042,0.0,0.0,0.0,0.0,0.0,0.0,0.6709562996547718,0.0,0.0,0.0,0.0,0.0,0.0
323878853292457985,0.0,0.0,0.0,0.30867653517336574,0.0,0.47958731816960604,0.0,0.6127042691192768,0.4283710496121957,0.0,0.0,0.0,0.0,0.34030357526980165,0.0,0.0,0.0,0.0,0.0,0.0
323879075607363585,0.0,0.0,0.0,0.0,0.0,0.0,0.8819513014585612,0.0,0.0,0.0,0.0,0.0,0.0,0.47134053703829704,0.0,0.0,0.0,0.0,0.0,0.0
323879083995983872,0.0,0.0,0.0,0.2460307528241714,0.0,0.38225525911104197,0.0,0.4883561768157568,0.3414333122696746,0.0,0.0,0.6620281892677818,0.0,0.0,0.0,0.0,0.0,0.0,0.0,0.0
323879344042815488,0.0,0.0,0.0,0.584615740912354,0.0,0.0,0.0,0.0,0.8113103200856622,0.0,0.0,0.0,0.0,0.0,0.0,0.0,0.0,0.0,0.0,0.0
323879553741234176,0.0,0.33703580703517555,0.0,0.2360663511522232,0.0,0.36677367845791464,0.0,0.0,0.32760504637776733,0.49191815111957826,0.0,0.0,0.0,0.2602537418429909,0.0,0.528314364241511,0.0,0.0,0.0,0.0
323879717306507264,0.0,0.0,0.0,0.0,0.0,0.0,0.8819513014585612,0.0,0.0,0.0,0.0,0.0,0.0,0.47134053703829704,0.0,0.0,0.0,0.0,0.0,0.0
323879759278923777,0.0,0.43533781734575944,0.0,0.3049189668107305,0.652257487463319,0.0,0.0,0.0,0.42315642096351136,0.0,0.0,0.0,0.0,0.33616100593777487,0.0,0.0,0.0,0.0,0.0,0.0
323879973188419584,0.0,0.0,0.0,0.2092975361947994,0.0,0.32518326677080994,0.0,0.41544296158007726,0.29045617351723085,0.0,0.0,0.5631851600449117,0.0,0.0,0.0,0.0,0.0,0.0,0.5256569383158,0.0
323880027697582080,0.0,0.0,0.0,0.19953184921828998,0.0,0.3100104269418364,0.0,0.3960586630682734,0.2769036772837159,0.0,0.0,0.5369073065985384,0.0,0.21997590983403636,0.0,0.0,0.0,0.0,0.0,0.5421103286822606
323880044462219264,0.0,0.0,0.0,0.30867653517336574,0.0,0.47958731816960604,0.0,0.6127042691192768,0.4283710496121957,0.0,0.0,0.0,0.0,0.34030357526980165,0.0,0.0,0.0,0.0,0.0,0.0
323880602321448961,0.0,0.0,0.0,0.30867653517336574,0.0,0.47958731816960604,0.0,0.6127042691192768,0.4283710496121957,0.0,0.0,0.0,0.0,0.34030357526980165,0.0,0.0,0.0,0.0,0.0,0.0
323881852215631873,0.0,0.0,0.0,0.27472945034585616,0.0,0.0,0.0,0.0,0.0,0.0,0.0,0.0,0.0,0.0,0.0,0.6148420314435137,0.7392516523370626,0.0,0.0,0.0
323882229707202561,0.0,0.0,0.0,0.43548887575353923,0.0,0.0,0.0,0.0,0.0,0.0,0.0,0.0,0.0,0.0,0.0,0.5756263757983255,0.6921009424789158,0.0,0.0,0.0
323882317791756288,0.0,0.0,0.0,0.0,0.0,0.0,0.0,0.0,0.0,0.0,0.0,0.6764666589345376,0.47523466546670395,0.0,0.0,0.5626232061412808,0.0,0.0,0.0,0.0
323883236331761665,0.0,0.0,0.0,0.39057540702839383,0.0,0.6068326894188627,0.0,0.0,0.54202758550304,0.0,0.0,0.0,0.0,0.43059381675892605,0.0,0.0,0.0,0.0,0.0,0.0
323884519788789760,0.0,0.0,0.0,0.30867653517336574,0.0,0.47958731816960604,0.0,0.6127042691192768,0.4283710496121957,0.0,0.0,0.0,0.0,0.34030357526980165,0.0,0.0,0.0,0.0,0.0,0.0
323884742107873280,0.7351899551440094,0.0,0.0,0.2732199943523645,0.0,0.0,0.0,0.5423251782142035,0.0,0.0,0.0,0.0,0.0,0.30121415241713934,0.0,0.0,0.0,0.0,0.0,0.0
323885052498960384,0.0,0.0,0.0,0.40306189103147233,0.0,0.0,0.0,0.800053496828225,0.0,0.0,0.0,0.0,0.0,0.44435966762417006,0.0,0.0,0.0,0.0,0.0,0.0
323885576761794561,0.0,0.0,0.0,0.3454111542121185,0.0,0.0,0.0,0.0,0.0,0.0,0.0,0.0,0.0,0.0,0.0,0.0,0.0,0.0,0.0,0.938451455614968
323886004593385472,0.0,0.5404621605437916,0.0,0.37855007542894165,0.0,0.0,0.0,0.7513990240964379,0.0,0.0,0.0,0.0,0.0,0.0,0.0,0.0,0.0,0.0,0.0,0.0
323886050709737472,0.0,0.0,0.0,0.0,0.0,0.0,0.0,0.0,0.0,0.0,0.0,0.0,0.8638307534144939,0.5037821249859386,0.0,0.0,0.0,0.0,0.0,0.0
323886226878902272,0.0,0.0,0.0,0.40306189103147233,0.0,0.0,0.0,0.800053496828225,0.0,0.0,0.0,0.0,0.0,0.44435966762417006,0.0,0.0,0.0,0.0,0.0,0.0
323886671491915776,0.0,0.0,0.0,0.45205277263489835,0.0,0.0,0.5507660143870651,0.0,0.0,0.0,0.6369190267881767,0.0,0.0,0.29434544580218985,0.0,0.0,0.0,0.0,0.0,0.0
323887120261468160,0.0,0.0,0.0,0.18649838940213068,0.0,0.2897604845994665,0.3847226839486954,0.0,0.25881627437053106,0.0,0.444902537635033,0.0,0.0,0.205607039938943,0.0,0.41738171301473304,0.5018364152447538,0.0,0.0,0.0
323887153811705858,0.0,0.0,0.0,0.28488303632267215,0.0,0.0,0.0,0.5654756117322917,0.0,0.0,0.0,0.0,0.0,0.0,0.0,0.0,0.0,0.0,0.0,0.7740019303280616
323887460008468480,0.0,0.0,0.0,0.0,0.0,0.0,0.7372590249700554,0.0,0.0,0.0,0.0,0.0,0.6756101909386827,0.0,0.0,0.0,0.0,0.0,0.0,0.0
323887648764735489,0.0,0.0,0.0,0.24665749708086995,0.0,0.38322902472973225,0.0,0.0,0.3423030871455964,0.0,0.0,0.0,0.46627606510440334,0.27193005803495024,0.0,0.0,0.0,0.0,0.6194875825365315,0.0
323887711649923074,0.0,0.0,0.0,0.3282690690345324,0.0,0.5100280213003014,0.0,0.6515942648646891,0.45556091776967206,0.0,0.0,0.0,0.0,0.0,0.0,0.0,0.0,0.0,0.0,0.0
323888118535163905,0.0,0.0,0.0,0.0,0.0,0.0,0.0,0.0,0.0,0.0,0.49082194705229026,0.0,0.3889403307635215,0.0,0.0,0.7796276261122108,0.0,0.0,0.0,0.0
323888198226956289,0.0,0.0,0.0,0.0,0.0,0.0,0.0,0.0,0.0,0.0,0.0,0.0,1.0,0.0,0.0,0.0,0.0,0.0,0.0,0.0
323888298886041601,0.0,0.0,0.0,0.0,0.0,0.0,0.0,0.0,0.0,0.0,0.0,0.0,0.6452843473667386,0.0,0.0,0.7639424788840339,0.0,0.0,0.0,0.0
323888353391042561,0.0,0.0,0.0,0.3282690690345324,0.0,0.5100280213003014,0.0,0.6515942648646891,0.45556091776967206,0.0,0.0,0.0,0.0,0.0,0.0,0.0,0.0,0.0,0.0,0.0
323888378577817600,0.0,0.0,0.0,0.3282690690345324,0.0,0.5100280213003014,0.0,0.6515942648646891,0.45556091776967206,0.0,0.0,0.0,0.0,0.0,0.0,0.0,0.0,0.0,0.0,0.0
323888730895171584,0.0,0.0,0.0,0.0,0.0,0.0,0.8819513014585612,0.0,0.0,0.0,0.0,0.0,0.0,0.47134053703829704,0.0,0.0,0.0,0.0,0.0,0.0
323888735093657600,0.0,0.0,0.0,0.2597508007448125,0.0,0.0,0.0,0.5155896428412081,0.0,0.0,0.0,0.0,0.4910273667428797,0.0,0.0,0.0,0.0,0.0,0.652371801058919,0.0
323888860910194688,0.0,0.0,0.0,0.21464363367037725,0.0,0.0,0.0,0.0,0.0,0.0,0.0,0.5775706268647252,0.0,0.23663604979207886,0.0,0.480370515778971,0.5775706268647252,0.0,0.0,0.0
323890173735747584,0.0,0.0,0.0,0.4675996381631716,0.0,0.0,0.0,0.0,0.0,0.0,0.0,0.0,0.8839403703812102,0.0,0.0,0.0,0.0,0.0,0.0,0.0
323890286981967872,0.0,0.0,0.0,0.39057540702839383,0.0,0.6068326894188627,0.0,0.0,0.54202758550304,0.0,0.0,0.0,0.0,0.43059381675892605,0.0,0.0,0.0,0.0,0.0,0.0
323890945475104769,0.0,0.0,0.0,0.3365462197694242,0.0,0.0,0.694252456321755,0.0,0.0,0.0,0.0,0.0,0.6361997868988326,0.0,0.0,0.0,0.0,0.0,0.0,0.0
323891075506905090,0.0,0.0,0.0,0.30867653517336574,0.0,0.47958731816960604,0.0,0.6127042691192768,0.4283710496121957,0.0,0.0,0.0,0.0,0.34030357526980165,0.0,0.0,0.0,0.0,0.0,0.0
323891163566309376,0.0,0.0,0.0,0.24740306413023053,0.0,0.38438740400698324,0.0,0.49108013183005955,0.3433377603490891,0.0,0.0,0.0,0.46768546913291087,0.4618093068593543,0.0,0.0,0.0,0.0,0.0,0.0
323891780162580480,0.0,0.0,0.0,0.30867653517336574,0.0,0.47958731816960604,0.0,0.6127042691192768,0.4283710496121957,0.0,0.0,0.0,0.0,0.34030357526980165,0.0,0.0,0.0,0.0,0.0,0.0
323892627403571200,0.0,0.0,0.0,0.30867653517336574,0.0,0.47958731816960604,0.0,0.6127042691192768,0.4283710496121957,0.0,0.0,0.0,0.0,0.34030357526980165,0.0,0.0,0.0,0.0,0.0,0.0
323892824523276288,0.0,0.0,0.0,0.30867653517336574,0.0,0.47958731816960604,0.0,0.6127042691192768,0.4283710496121957,0.0,0.0,0.0,0.0,0.34030357526980165,0.0,0.0,0.0,0.0,0.0,0.0
323893009089445888,0.0,0.0,0.0,0.0,0.0,0.0,0.5677005642151464,0.5462530906904968,0.0,0.0,0.0,0.0,0.0,0.0,0.0,0.6158925476906539,0.0,0.0,0.0,0.0
323893059387535360,0.0,0.5210074235252579,0.0,0.0,0.0,0.0,0.7527914253508445,0.0,0.0,0.0,0.0,0.0,0.0,0.4023137265242344,0.0,0.0,0.0,0.0,0.0,0.0
323893105524879360,0.0,0.3777540409118698,0.0,0.2645861840482895,0.0,0.41108462734681456,0.0,0.0,0.36718392381200676,0.0,0.6311854224780187,0.0,0.0,0.29169572072608835,0.0,0.0,0.0,0.0,0.0,0.0
323893155860709376,0.0,0.0,0.0,0.30867653517336574,0.0,0.47958731816960604,0.0,0.6127042691192768,0.4283710496121957,0.0,0.0,0.0,0.0,0.34030357526980165,0.0,0.0,0.0,0.0,0.0,0.0
323893747274366976,0.0,0.0,0.0,0.0,0.0,0.0,0.8819513014585612,0.0,0.0,0.0,0.0,0.0,0.0,0.47134053703829704,0.0,0.0,0.0,0.0,0.0,0.0
323893843739176961,0.0,0.3982430108221372,0.0,0.0,0.0,0.0,0.0,0.0,0.0,0.0,0.0,0.750573614651896,0.5272966464142421,0.0,0.0,0.0,0.0,0.0,0.0,0.0
323894003143700480,0.0,0.0,0.0,0.40306189103147233,0.0,0.0,0.0,0.800053496828225,0.0,0.0,0.0,0.0,0.0,0.44435966762417006,0.0,0.0,0.0,0.0,0.0,0.0
323895156543721472,0.0,0.0,0.0,0.0,0.0,0.0,0.8819513014585612,0.0,0.0,0.0,0.0,0.0,0.0,0.47134053703829704,0.0,0.0,0.0,0.0,0.0,0.0
323895261422297088,0.0,0.0,0.0,0.40306189103147233,0.0,0.0,0.0,0.800053496828225,0.0,0.0,0.0,0.0,0.0,0.44435966762417006,0.0,0.0,0.0,0.0,0.0,0.0
323895546634977280,0.0,0.0,0.0,0.3720578489095134,0.0,0.0,0.0,0.0,0.0,0.0,0.0,0.0,0.0,0.4101789470974465,0.0,0.8326621093954353,0.0,0.0,0.0,0.0
323895550829264896,0.0,0.0,0.0,0.35564224295837765,0.0,0.0,0.0,0.0,0.0,0.0,0.848404840865556,0.0,0.0,0.39208139591088087,0.0,0.0,0.0,0.0,0.0,0.0
323895773127393281,0.0,0.0,0.0,0.26660713436677586,0.0,0.41422455550122556,0.0,0.5291990507553003,0.3699885315825906,0.0,0.0,0.0,0.5039884334046562,0.29392373789116794,0.0,0.0,0.0,0.0,0.0,0.0
323895924113952769,0.0,0.0,0.0,0.2692313582608383,0.0,0.41830178313669575,0.0,0.0,0.37363034239689685,0.0,0.0,0.7244571930847545,0.0,0.2968168401250528,0.0,0.0,0.0,0.0,0.0,0.0
323895987028504577,0.0,0.0,0.0,0.0,0.0,0.0,0.0,0.0,0.0,0.0,0.7369069251296203,0.0,0.5839445952308026,0.34055380396751167,0.0,0.0,0.0,0.0,0.0,0.0
323896037381111810,0.0,0.0,0.0,0.22091806834575706,0.0,0.0,0.0,0.0,0.0,0.0,0.0,0.594454096021076,0.0,0.0,0.0,0.4944126439786001,0.594454096021076,0.0,0.0,0.0
323896414839111681,0.0,0.0,0.0,0.284943259466035,0.0,0.0,0.0,0.0,0.0,0.0,0.0,0.0,0.0,0.0,0.0,0.6377004441121276,0.0,0.0,0.7156434045417222,0.0
323896721027506176,0.0,0.0,0.0,0.0,0.0,0.0,0.0,0.0,0.0,0.0,0.5661104253115178,0.0,0.44860091809603225,0.44296454073394315,0.0,0.5310919113386837,0.0,0.0,0.0,0.0
323900495888527363,0.0,0.0,0.0,0.39057540702839383,0.0,0.6068326894188627,0.0,0.0,0.54202758550304,0.0,0.0,0.0,0.0,0.43059381675892605,0.0,0.0,0.0,0.0,0.0,0.0
323901204759457792,0.7936205394563897,0.0,0.0,0.0,0.0,0.0,0.6084130499528665,0.0,0.0,0.0,0.0,0.0,0.0,0.0,0.0,0.0,0.0,0.0,0.0,0.0
323901687091826688,0.0,0.0,0.0,0.630709978263018,0.0,0.5787607407483296,0.0,0.0,0.5169535068919721,0.0,0.0,0.0,0.0,0.0,0.0,0.0,0.0,0.0,0.0,0.0
323902341420036096,0.0,0.0,0.0,0.0,0.0,0.0,0.0,0.0,0.0,0.0,0.0,0.0,1.0,0.0,0.0,0.0,0.0,0.0,0.0,0.0
323902752440856576,0.0,0.0,0.0,0.30867653517336574,0.0,0.47958731816960604,0.0,0.6127042691192768,0.4283710496121957,0.0,0.0,0.0,0.0,0.34030357526980165,0.0,0.0,0.0,0.0,0.0,0.0
323903452893818881,0.0,0.0,0.0,0.0,0.0,0.0,0.0,0.0,0.0,0.0,0.7369069251296203,0.0,0.5839445952308026,0.34055380396751167,0.0,0.0,0.0,0.0,0.0,0.0
323903540965810177,0.0,0.0,0.0,0.0,0.0,0.0,0.0,0.0,0.0,0.0,0.783755911402429,0.0,0.6210689747055057,0.0,0.0,0.0,0.0,0.0,0.0,0.0
323903675175149569,0.0,0.49798176461425503,0.0,0.0,0.0,0.0,0.7195221900029611,0.0,0.4840474978811637,0.0,0.0,0.0,0.0,0.0,0.0,0.0,0.0,0.0,0.0,0.0
323903763280711683,0.0,0.0,0.0,0.23112245462085013,0.0,0.0,0.0,0.0,0.0,0.0,0.5513557886204417,0.6219124169453584,0.43690895258921814,0.25480329299547705,0.0,0.0,0.0,0.0,0.0,0.0
323903985578831872,0.0,0.0,0.0,0.2621759015155495,0.0,0.0,0.0,0.0,0.0,0.0,0.0,0.7054721223164719,0.0,0.0,0.0,0.0,0.0,0.0,0.6584625132069417,0.0
323904178500038657,0.0,0.0,0.0,0.30867653517336574,0.0,0.47958731816960604,0.0,0.6127042691192768,0.4283710496121957,0.0,0.0,0.0,0.0,0.34030357526980165,0.0,0.0,0.0,0.0,0.0,0.0
323904199471538179,0.0,0.0,0.0,0.21732933209333186,0.0,0.0,0.0,0.0,0.0,0.0,0.5184515086742381,0.5847973984916798,0.0,0.0,0.0,0.0,0.5847973984916798,0.0,0.0,0.0
323904199488327680,0.0,0.0,0.0,0.21594007051849165,0.0,0.33550369887090437,0.0,0.7257302741437899,0.5073929707021538,0.0,0.0,0.0,0.0,0.23806531973732126,0.0,0.0,0.0,0.0,0.0,0.0
323904325325832192,0.0,0.0,0.0,0.3349491277430163,0.0,0.5204067546219581,0.0,0.0,0.464831281514092,0.0,0.0,0.0,0.6331806782380528,0.0,0.0,0.0,0.0,0.0,0.0,0.0
323904740532551680,0.0,0.0,0.0,0.0,0.0,0.0,0.0,0.0,0.0,0.0,0.0,0.0,0.8638307534144939,0.5037821249859386,0.0,0.0,0.0,0.0,0.0,0.0
323905390645489665,0.0,0.2832024106872855,0.0,0.19836040661840845,0.0,0.0,0.0,0.0,0.0,0.0,0.0,0.0,0.0,0.21868444106483062,0.0,0.0,0.0,0.0,0.0,0.9124837855563529
323905461957062657,0.0,0.0,0.0,0.0,0.0,0.0,0.0,0.0,0.0,0.0,0.0,0.0,0.603934699537667,0.352211940919219,0.0,0.7149892498270617,0.0,0.0,0.0,0.0
323905591984672769,0.0,0.0,0.0,0.0,0.0,0.0,0.0,0.0,0.0,0.0,0.0,0.0,0.8638307534144939,0.5037821249859386,0.0,0.0,0.0,0.0,0.0,0.0
323905612952006656,0.0,0.39293057232303097,0.0,0.275216118074872,0.0,0.0,0.0,0.5462873631784209,0.0,0.0,0.0,0.0,0.0,0.30341479924981374,0.0,0.6159311894306513,0.0,0.0,0.0,0.0
323905843655499777,0.0,0.0,0.0,0.3517704715989281,0.0,0.0,0.0,0.698243128774635,0.4881753841663961,0.0,0.0,0.0,0.0,0.3878129223273353,0.0,0.0,0.0,0.0,0.0,0.0
323906137239990272,0.0,0.3777540409118698,0.0,0.2645861840482895,0.0,0.41108462734681456,0.0,0.0,0.36718392381200676,0.0,0.6311854224780187,0.0,0.0,0.29169572072608835,0.0,0.0,0.0,0.0,0.0,0.0
323906518917451777,0.7392516523370626,0.0,0.0,0.27472945034585616,0.0,0.0,0.0,0.0,0.0,0.0,0.0,0.0,0.0,0.0,0.0,0.6148420314435137,0.0,0.0,0.0,0.0
323907198415671296,0.0,0.0,0.0,0.40306189103147233,0.0,0.0,0.0,0.800053496828225,0.0,0.0,0.0,0.0,0.0,0.44435966762417006,0.0,0.0,0.0,0.0,0.0,0.0
323907563311751168,0.0,0.0,0.0,0.40306189103147233,0.0,0.0,0.0,0.800053496828225,0.0,0.0,0.0,0.0,0.0,0.44435966762417006,0.0,0.0,0.0,0.0,0.0,0.0
323907584295845889,0.0,0.0,0.0,0.30867653517336574,0.0,0.47958731816960604,0.0,0.6127042691192768,0.4283710496121957,0.0,0.0,0.0,0.0,0.34030357526980165,0.0,0.0,0.0,0.0,0.0,0.0
323907953361055744,0.0,0.0,0.0,0.0,0.0,0.0,0.8819513014585612,0.0,0.0,0.0,0.0,0.0,0.0,0.47134053703829704,0.0,0.0,0.0,0.0,0.0,0.0
323908049838415873,0.0,0.0,0.0,0.30867653517336574,0.0,0.47958731816960604,0.0,0.6127042691192768,0.4283710496121957,0.0,0.0,0.0,0.0,0.34030357526980165,0.0,0.0,0.0,0.0,0.0,0.0
323908079227916290,0.0,0.0,0.0,0.39057540702839383,0.0,0.6068326894188627,0.0,0.0,0.54202758550304,0.0,0.0,0.0,0.0,0.43059381675892605,0.0,0.0,0.0,0.0,0.0,0.0
323908293112238081,0.0,0.335547085438865,0.0,0.0,0.0,0.0,0.0,0.0,0.3261579814148686,0.48974529838434216,0.0,0.0,0.4442836360159205,0.2591041744738423,0.0,0.525980745714132,0.0,0.0,0.0,0.0
323908343439691776,0.0,0.0,0.0,0.0,0.0,0.0,0.8819513014585612,0.0,0.0,0.0,0.0,0.0,0.0,0.47134053703829704,0.0,0.0,0.0,0.0,0.0,0.0
323908427329986560,0.0,0.0,0.0,0.0,0.0,0.0,0.0,0.0,0.0,0.0,0.0,0.0,0.603934699537667,0.352211940919219,0.0,0.7149892498270617,0.0,0.0,0.0,0.0
323908469285588993,0.0,0.0,0.0,0.40306189103147233,0.0,0.0,0.0,0.800053496828225,0.0,0.0,0.0,0.0,0.0,0.44435966762417006,0.0,0.0,0.0,0.0,0.0,0.0
323908595114713089,0.0,0.0,0.0,0.30867653517336574,0.0,0.47958731816960604,0.0,0.6127042691192768,0.4283710496121957,0.0,0.0,0.0,0.0,0.34030357526980165,0.0,0.0,0.0,0.0,0.0,0.0
323908641235279873,0.677730034768971,0.0,0.0,0.25186605852869,0.0,0.0,0.0,0.0,0.0,0.0,0.0,0.0,0.0,0.2776722894025212,0.0,0.0,0.0,0.0,0.6325690383122102,0.0
323908842566086656,0.0,0.0,0.0,0.41562351331131936,0.0,0.0,0.0,0.0,0.0,0.0,0.0,0.0,0.7856858139127684,0.4582083554443176,0.0,0.0,0.0,0.0,0.0,0.0
323909119377559552,0.0,0.0,0.0,0.0,0.0,0.0,0.0,0.0,0.0,0.0,0.0,0.0,0.8638307534144939,0.5037821249859386,0.0,0.0,0.0,0.0,0.0,0.0
323909136154775552,0.0,0.0,0.0,0.0,0.0,0.0,0.0,0.0,0.0,0.0,0.0,0.0,0.8638307534144939,0.5037821249859386,0.0,0.0,0.0,0.0,0.0,0.0
323909203288813568,0.0,0.0,0.0,0.4675996381631716,0.0,0.0,0.0,0.0,0.0,0.0,0.0,0.0,0.8839403703812102,0.0,0.0,0.0,0.0,0.0,0.0,0.0
323909459145547777,0.0,0.0,0.0,0.4327485613591891,0.0,0.6723566527900966,0.0,0.0,0.6005540892296461,0.0,0.0,0.0,0.0,0.0,0.0,0.0,0.0,0.0,0.0,0.0
323909488480509952,0.0,0.0,0.0,0.0,0.0,0.0,0.672447247235188,0.6470424908532048,0.0,0.0,0.0,0.0,0.0,0.35937545090934947,0.0,0.0,0.0,0.0,0.0,0.0
323909580784533505,0.8806303738918664,0.0,0.0,0.19329110207147257,0.0,0.0,0.0,0.0,0.0,0.0,0.0,0.0,0.0,0.0,0.0,0.4325837426892821,0.0,0.0,0.0,0.0
323909735965409280,0.0,0.0,0.0,0.0,0.0,0.0,0.0,0.0,0.0,0.0,0.0,0.0,0.5442010309221743,0.5373635006198876,0.0,0.6442714537714541,0.0,0.0,0.0,0.0
323910134399115265,0.0,0.0,0.0,0.0,0.0,0.0,0.0,0.0,0.0,0.0,0.0,0.0,0.45797062435418223,0.2670863631635273,0.0,0.5421845663123805,0.6518923821409304,0.0,0.0,0.0
323910432228253696,0.0,0.2774264033755149,0.0,0.19431478018389745,0.0,0.3019047244934635,0.0,0.0,0.2696636020479782,0.404915681276543,0.0,0.522869034039204,0.0,0.21422429919140681,0.0,0.0,0.0,0.0,0.4880273044681605,0.0
323911304639295489,0.0,0.32546006888867784,0.0,0.22795848187217332,0.0,0.35417657164542254,0.0,0.0,0.31635321451544984,0.4750228670340056,0.0,0.0,0.0,0.2513151391653642,0.0,0.0,0.0,0.0,0.5725244540505102,0.0
323911690502696960,0.0,0.0,0.0,0.2828874928091444,0.0,0.0,0.583561262045987,0.0,0.0,0.0,0.0,0.7612035994735254,0.0,0.0,0.0,0.0,0.0,0.0,0.0,0.0
323911736656793601,0.0,0.0,0.0,0.0,0.0,0.0,0.0,0.0,0.0,0.0,0.0,0.0,0.8638307534144939,0.5037821249859386,0.0,0.0,0.0,0.0,0.0,0.0
323912126710312962,0.0,0.0,0.0,0.0,0.0,0.0,0.672447247235188,0.6470424908532048,0.0,0.0,0.0,0.0,0.0,0.35937545090934947,0.0,0.0,0.0,0.0,0.0,0.0
323912617443872769,0.0,0.0,0.0,0.0,0.0,0.0,0.0,0.0,0.0,0.0,0.0,0.0,1.0,0.0,0.0,0.0,0.0,0.0,0.0,0.0
323913158492303360,0.0,0.0,0.0,0.33357130934720375,0.0,0.0,0.6881155908731437,0.0,0.0,0.0,0.0,0.0,0.0,0.0,0.644381187790035,0.0,0.0,0.0,0.0,0.0
323913187856613377,0.0,0.0,0.0,0.0,0.0,0.0,0.0,0.0,0.0,0.0,0.0,0.0,0.8638307534144939,0.5037821249859386,0.0,0.0,0.0,0.0,0.0,0.0
323913603109490688,0.0,0.5743262114765607,0.0,0.4022691069741493,0.0,0.0,0.0,0.0,0.5582557141387328,0.0,0.0,0.0,0.0,0.4434856548036866,0.0,0.0,0.0,0.0,0.0,0.0
323914110620274688,0.0,0.0,0.0,0.22528135630336418,0.0,0.0,0.0,0.44716987859970697,0.0,0.0,0.0,0.6061949844777844,0.0,0.24836371494388826,0.0,0.0,0.0,0.0,0.5658007741851276,0.0
323914479706464256,0.0,0.0,0.0,0.3282690690345324,0.0,0.5100280213003014,0.0,0.6515942648646891,0.45556091776967206,0.0,0.0,0.0,0.0,0.0,0.0,0.0,0.0,0.0,0.0,0.0
323915171770798080,0.0,0.0,0.0,0.2692313582608383,0.0,0.41830178313669575,0.0,0.0,0.37363034239689685,0.0,0.0,0.7244571930847545,0.0,0.2968168401250528,0.0,0.0,0.0,0.0,0.0,0.0
323915247259877377,0.0,0.0,0.0,0.0,0.0,0.0,0.8819513014585612,0.0,0.0,0.0,0.0,0.0,0.0,0.47134053703829704,0.0,0.0,0.0,0.0,0.0,0.0
323915398288379905,0.0,0.0,0.0,0.0,0.0,0.0,0.0,0.0,0.0,0.0,0.0,0.0,0.603934699537667,0.352211940919219,0.0,0.7149892498270617,0.0,0.0,0.0,0.0
323915771543683073,0.0,0.0,0.0,0.30867653517336574,0.0,0.47958731816960604,0.0,0.6127042691192768,0.4283710496121957,0.0,0.0,0.0,0.0,0.34030357526980165,0.0,0.0,0.0,0.0,0.0,0.0
323915851252248577,0.0,0.0,0.0,0.0,0.0,0.0,0.49004961770649785,0.0,0.0,0.0,0.0,0.0,0.0,0.2618968299079556,0.0,0.5316498283938703,0.639226002786688,0.0,0.0,0.0
323915943526932482,0.0,0.0,0.0,0.0,0.0,0.0,0.0,0.0,0.0,0.0,0.0,0.0,0.0,0.0,0.0,0.0,0.0,0.0,0.0,1.0
323916086116487168,0.0,0.0,0.0,0.0,0.0,0.0,0.0,0.0,0.0,0.0,0.0,0.0,0.0,0.0,0.0,0.0,0.0,0.0,0.0,0.0
323916216148295683,0.0,0.0,0.0,0.3282690690345324,0.0,0.5100280213003014,0.0,0.6515942648646891,0.45556091776967206,0.0,0.0,0.0,0.0,0.0,0.0,0.0,0.0,0.0,0.0,0.0
323916316836765697,0.0,0.48047527700868614,0.0,0.33653411030732544,0.7198859930907874,0.0,0.0,0.0,0.0,0.0,0.0,0.0,0.0,0.37101544136972797,0.0,0.0,0.0,0.0,0.0,0.0
323916459417931779,0.0,0.0,0.0,0.0,0.0,0.0,0.0,0.0,0.0,0.0,0.7369069251296203,0.0,0.5839445952308026,0.34055380396751167,0.0,0.0,0.0,0.0,0.0,0.0
323917138886815744,0.0,0.0,0.0,0.34835395943258246,0.0,0.0,0.0,0.0,0.0,0.0,0.0,0.0,0.0,0.0,0.0,0.0,0.9373630667716979,0.0,0.0,0.0
323917424112054275,0.0,0.0,0.0,0.0,0.0,0.0,0.0,0.0,0.0,0.0,0.0,0.0,0.8638307534144939,0.5037821249859386,0.0,0.0,0.0,0.0,0.0,0.0
323917612864114688,0.0,0.0,0.0,0.40306189103147233,0.0,0.0,0.0,0.800053496828225,0.0,0.0,0.0,0.0,0.0,0.44435966762417006,0.0,0.0,0.0,0.0,0.0,0.0
323917780619513857,0.0,0.0,0.0,0.30867653517336574,0.0,0.47958731816960604,0.0,0.6127042691192768,0.4283710496121957,0.0,0.0,0.0,0.0,0.34030357526980165,0.0,0.0,0.0,0.0,0.0,0.0
323918116163813376,0.0,0.0,0.0,0.2371076545733237,0.0,0.0,0.4891232226973168,0.0,0.0,0.0,0.0,0.0,0.0,0.26140173735532274,0.0,0.5306447919039714,0.0,0.0,0.595502871272455,0.0
323918330094317568,0.0,0.0,0.0,0.0,0.0,0.0,0.0,0.0,0.0,0.0,0.0,0.0,0.8638307534144939,0.5037821249859386,0.0,0.0,0.0,0.0,0.0,0.0
323918808219799552,0.0,0.4594755158030308,0.0,0.0,0.0,0.0,0.0,0.0,0.4466187108967636,0.0,0.767733011830579,0.0,0.0,0.0,0.0,0.0,0.0,0.0,0.0,0.0
323918841799376896,0.0,0.0,0.0,0.0,0.0,0.0,0.0,0.0,0.0,0.0,0.0,0.0,0.8638307534144939,0.5037821249859386,0.0,0.0,0.0,0.0,0.0,0.0
323918879527161857,0.0,0.0,0.0,0.0,0.0,0.0,0.0,0.0,0.0,0.0,0.7369069251296203,0.0,0.5839445952308026,0.34055380396751167,0.0,0.0,0.0,0.0,0.0,0.0
323919605171122177,0.0,0.40704290525118286,0.0,0.2851006670487634,0.0,0.0,0.0,0.0,0.0,0.0,0.6801238909250674,0.0,0.5389482126568134,0.0,0.0,0.0,0.0,0.0,0.0,0.0
323919680672763906,0.0,0.0,0.0,0.0,0.0,0.0,0.637239991742674,0.0,0.0,0.0,0.0,0.0,0.0,0.34055966518054326,0.0,0.6913351628377605,0.0,0.0,0.0,0.0
323919991013527552,0.0,0.0,0.0,1.0,0.0,0.0,0.0,0.0,0.0,0.0,0.0,0.0,0.0,0.0,0.0,0.0,0.0,0.0,0.0,0.0
323920167178493953,0.0,0.0,0.0,0.0,0.0,0.0,0.0,0.0,0.0,0.0,0.0,0.0,0.5450347980999561,0.3178617891210063,0.0,0.0,0.775822758029779,0.0,0.0,0.0
323920792150761472,0.0,0.0,0.0,0.4913951479386387,0.0,0.0,0.0,0.0,0.6819418754282358,0.0,0.0,0.0,0.0,0.541743562139675,0.0,0.0,0.0,0.0,0.0,0.0
323920980898631680,0.0,0.0,0.0,0.2857592343541164,0.0,0.4439809613941647,0.0,0.0,0.3965671802292943,0.0,0.68169494076788,0.0,0.0,0.31503816466791074,0.0,0.0,0.0,0.0,0.0,0.0
323921178026721280,0.0,0.0,0.0,0.4913951479386387,0.0,0.0,0.0,0.0,0.6819418754282358,0.0,0.0,0.0,0.0,0.541743562139675,0.0,0.0,0.0,0.0,0.0,0.0
323922209817120768,0.0,0.0,0.0,0.2260951848098674,0.0,0.0,0.0,0.44878527900578397,0.0,0.0,0.0,0.0,0.0,0.0,0.0,0.0,0.6083848628013282,0.0,0.0,0.6142805543623383
323922411126939648,0.0,0.0,0.0,0.0,0.0,0.0,0.0,0.0,0.0,0.0,0.0,0.0,1.0,0.0,0.0,0.0,0.0,0.0,0.0,0.0
323922654413324288,0.0,0.0,0.0,0.0,0.0,0.0,0.0,0.0,0.0,0.0,0.0,0.0,0.603934699537667,0.352211940919219,0.0,0.7149892498270617,0.0,0.0,0.0,0.0
323923690419003393,0.0,0.0,0.0,0.5031744415182893,0.0,0.0,0.0,0.0,0.0,0.0,0.0,0.7996702662117998,0.0,0.32763233469776293,0.0,0.0,0.0,0.0,0.0,0.0
323924034339348480,0.0,0.0,0.0,0.0,0.0,0.0,0.0,0.0,0.0,0.0,0.0,0.775822758029779,0.5450347980999561,0.3178617891210063,0.0,0.0,0.0,0.0,0.0,0.0
323924462141583360,0.0,0.3308056030078914,0.0,0.2317025966164882,0.0,0.35999376130688077,0.0,0.0,0.32154917267919514,0.48282490232456365,0.5527397504169776,0.0,0.0,0.25544287641949376,0.0,0.0,0.0,0.0,0.0,0.0
323926114701565954,0.0,0.2774264033755149,0.0,0.19431478018389745,0.0,0.3019047244934635,0.0,0.0,0.2696636020479782,0.404915681276543,0.0,0.522869034039204,0.0,0.21422429919140681,0.0,0.0,0.0,0.0,0.4880273044681605,0.0
323926148272779265,0.0,0.0,0.0,0.0,0.0,0.0,0.0,0.0,0.0,0.0,0.0,0.0,1.0,0.0,0.0,0.0,0.0,0.0,0.0,0.0
323926781600088064,0.0,0.2666396609376172,0.0,0.0,0.0,0.0,0.3852614019473062,0.0,0.0,0.0,0.0,0.0,0.0,0.20589494657319532,0.0,0.0,0.0,0.0,0.0,0.8591182772821736
323927138107535360,0.0,0.0,0.0,0.0,0.0,0.0,0.0,0.0,0.46300774820846574,0.0,0.0,0.0,0.6306967101809007,0.6227724181961779,0.0,0.0,0.0,0.0,0.0,0.0
323927284937523202,0.0,0.0,0.0,0.0,0.0,0.0,0.0,0.0,0.0,0.0,0.0,0.0,0.8638307534144939,0.5037821249859386,0.0,0.0,0.0,0.0,0.0,0.0
323927318483591169,0.0,0.0,0.0,0.30867653517336574,0.0,0.47958731816960604,0.0,0.6127042691192768,0.4283710496121957,0.0,0.0,0.0,0.0,0.34030357526980165,0.0,0.0,0.0,0.0,0.0,0.0
323927544976003072,0.0,0.6026799963716513,0.0,0.0,0.0,0.0,0.0,0.0,0.0,0.0,0.0,0.0,0.7979829709796235,0.0,0.0,0.0,0.0,0.0,0.0,0.0
323927599493545984,0.0,0.0,0.0,0.41562351331131936,0.0,0.0,0.0,0.0,0.0,0.0,0.0,0.0,0.7856858139127684,0.4582083554443176,0.0,0.0,0.0,0.0,0.0,0.0
323927616295956480,0.0,0.0,0.0,0.0,0.0,0.0,0.5250551585952862,0.5052188094302615,0.0,0.0,0.0,0.6848876075899957,0.0,0.0,0.0,0.0,0.0,0.0,0.0,0.0
323928132170166272,0.0,0.0,0.0,0.26293388095849923,0.0,0.0,0.0,0.0,0.0,0.0,0.0,0.0,0.0,0.28987412243527827,0.0,0.5884436535665681,0.7075117200186212,0.0,0.0,0.0
323928992002478080,0.0,0.0,0.0,0.0,0.0,0.0,0.0,0.0,0.0,0.0,0.0,0.0,0.8638307534144939,0.5037821249859386,0.0,0.0,0.0,0.0,0.0,0.0
323930191560839168,0.0,0.0,0.0,0.40306189103147233,0.0,0.0,0.0,0.800053496828225,0.0,0.0,0.0,0.0,0.0,0.44435966762417006,0.0,0.0,0.0,0.0,0.0,0.0
323930808161280000,0.0,0.0,0.0,0.0,0.0,0.0,0.0,0.0,0.0,0.0,0.42661310493446447,0.48120649617955225,0.33805954101638064,0.1971547705054717,0.0,0.0,0.48120649617955225,0.0,0.4491409778255618,0.0
323931114337079296,0.0,0.0,0.0,0.0,0.0,0.0,0.0,0.0,0.0,0.0,0.0,0.0,0.45608715124763993,0.26598793030475587,0.0,0.5399547506973033,0.0,0.0,0.0,0.6555027067819155
323932682994192384,0.0,0.5464075610158676,0.0,0.0,0.0,0.0,0.0,0.0,0.0,0.0,0.0,0.0,0.7234750307463191,0.42192731263963407,0.0,0.0,0.0,0.0,0.0,0.0
323932733321641984,0.0,0.0,0.0,1.0,0.0,0.0,0.0,0.0,0.0,0.0,0.0,0.0,0.0,0.0,0.0,0.0,0.0,0.0,0.0,0.0
323932833989160960,0.0,0.0,0.0,0.26660713436677586,0.0,0.41422455550122556,0.0,0.5291990507553003,0.3699885315825906,0.0,0.0,0.0,0.5039884334046562,0.29392373789116794,0.0,0.0,0.0,0.0,0.0,0.0
323932859142373376,0.0,0.0,0.0,0.0,0.0,0.0,0.0,0.0,0.0,0.0,0.0,0.0,0.0,0.0,0.0,0.0,0.0,0.0,0.0,0.0
323933584777940992,0.0,0.0,0.0,0.3010910928524236,0.0,0.4678019003444782,0.0,0.0,0.41784422454280784,0.0,0.718269963074642,0.0,0.0,0.0,0.0,0.0,0.0,0.0,0.0,0.0
323935199572402176,0.639226002786688,0.0,0.0,0.0,0.0,0.0,0.49004961770649785,0.0,0.0,0.0,0.0,0.0,0.0,0.2618968299079556,0.0,0.5316498283938703,0.0,0.0,0.0,0.0
323935300235689985,0.0,0.0,0.0,0.0,0.0,0.0,0.0,0.0,0.0,0.0,0.6314397274460413,0.0,0.5003695900825859,0.0,0.0,0.5923800671219906,0.0,0.0,0.0,0.0
323935384134361088,0.0,0.0,0.0,0.23748978846112942,0.0,0.3689852572589319,0.0,0.0,0.3295804454269074,0.0,0.0,0.0,0.0,0.0,0.0,0.531500004097517,0.0,0.0,0.0,0.6452386813720864
323935870673625088,0.0,0.0,0.0,0.0,0.0,0.0,0.0,0.0,0.0,0.0,0.0,0.0,0.8638307534144939,0.5037821249859386,0.0,0.0,0.0,0.0,0.0,0.0
323936348832690176,0.0,0.0,0.0,0.0,0.0,0.0,0.0,0.0,0.0,0.0,0.0,0.0,0.8638307534144939,0.5037821249859386,0.0,0.0,0.0,0.0,0.0,0.0
323938127209197568,0.0,0.0,0.0,0.3031512550579321,0.0,0.0,0.0,0.0,0.0,0.0,0.0,0.0,0.573070658758569,0.0,0.0,0.0,0.0,0.0,0.7613733227706498,0.0
323938643087601664,0.0,0.0,0.0,0.6718496965332411,0.0,0.0,0.0,0.0,0.0,0.0,0.0,0.0,0.0,0.7406875085136724,0.0,0.0,0.0,0.0,0.0,0.0
323939918176985089,0.0,0.48702742088987966,0.0,0.34112335769876445,0.0,0.5299995874058839,0.0,0.0,0.473399672905441,0.0,0.0,0.0,0.0,0.3760749036778272,0.0,0.0,0.0,0.0,0.0,0.0
323940761211117568,0.0,0.0,0.0,0.0,0.0,0.0,0.6084130499528665,0.0,0.0,0.0,0.0,0.7936205394563897,0.0,0.0,0.0,0.0,0.0,0.0,0.0,0.0
323941419742027777,0.0,0.2869876299150126,0.0,0.34034230312530706,0.0,0.31230957215433836,0.4146617058160008,0.0,0.27895729131931896,0.4188706996561014,0.4795247404808917,0.0,0.0,0.22160732773487873,0.0,0.0,0.0,0.0,0.0,0.0
323942778692325376,0.0,0.45273770459267115,0.0,0.3171061819584962,0.0,0.0,0.0,0.0,0.0,0.0,0.7564748709378383,0.0,0.0,0.34959692481977744,0.0,0.0,0.0,0.0,0.0,0.0
323943021961949185,0.0,0.0,0.0,0.0,0.0,0.0,0.7372590249700554,0.0,0.0,0.0,0.0,0.0,0.6756101909386827,0.0,0.0,0.0,0.0,0.0,0.0,0.0
323945005876146176,0.0,0.0,0.0,0.3282690690345324,0.0,0.5100280213003014,0.0,0.6515942648646891,0.45556091776967206,0.0,0.0,0.0,0.0,0.0,0.0,0.0,0.0,0.0,0.0,0.0
323945198805733376,0.0,0.0,0.0,0.4327485613591891,0.0,0.6723566527900966,0.0,0.0,0.6005540892296461,0.0,0.0,0.0,0.0,0.0,0.0,0.0,0.0,0.0,0.0,0.0
323945341391097856,0.0,0.0,0.0,0.40306189103147233,0.0,0.0,0.0,0.800053496828225,0.0,0.0,0.0,0.0,0.0,0.44435966762417006,0.0,0.0,0.0,0.0,0.0,0.0
323947480490311680,0.0,0.5256130618564927,0.0,0.36814948156965455,0.0,0.5719897771055321,0.0,0.0,0.5109056305352303,0.0,0.0,0.0,0.0,0.0,0.0,0.0,0.0,0.0,0.0,0.0
323949581861806081,0.0,0.0,0.0,0.2803700659476939,0.0,0.43560787005520396,0.0,0.0,0.3890882711975486,0.0,0.0,0.0,0.0,0.0,0.0,0.0,0.0,0.0,0.0,0.7617405902818606
323951397974470658,0.0,0.48047527700868614,0.0,0.33653411030732544,0.7198859930907874,0.0,0.0,0.0,0.0,0.0,0.0,0.0,0.0,0.37101544136972797,0.0,0.0,0.0,0.0,0.0,0.0
323953646125608960,0.0,0.0,0.0,0.0,0.0,0.0,0.0,0.0,0.0,0.0,0.0,0.0,0.8638307534144939,0.5037821249859386,0.0,0.0,0.0,0.0,0.0,0.0
323956003332816898,0.0,0.0,0.0,0.0,0.0,0.0,0.0,0.0,0.0,0.0,0.8630913964312209,0.0,0.3258994151751042,0.0,0.0,0.3858274388828902,0.0,0.0,0.0,0.0
323959501373976578,0.0,0.0,0.0,0.24395302023026633,0.0,0.37902710896342917,0.0,0.4842320031734069,0.33854990394203904,0.0,0.0,0.0,0.0,0.2689484801155988,0.0,0.0,0.0,0.0,0.6126952091198129,0.0
323962168963903488,0.0,0.0,0.0,0.0,0.0,0.0,0.0,0.0,0.0,0.0,0.0,0.6791789444348235,0.0,0.2782659211488136,0.0,0.0,0.6791789444348235,0.0,0.0,0.0
323964727476772864,0.0,0.0,0.0,0.4675996381631716,0.0,0.0,0.0,0.0,0.0,0.0,0.0,0.0,0.8839403703812102,0.0,0.0,0.0,0.0,0.0,0.0,0.0
323966140953022464,0.0,0.0,0.0,0.0,0.0,0.0,0.8819513014585612,0.0,0.0,0.0,0.0,0.0,0.0,0.47134053703829704,0.0,0.0,0.0,0.0,0.0,0.0
323967638315364352,0.0,0.0,0.0,0.2692313582608383,0.0,0.41830178313669575,0.0,0.0,0.37363034239689685,0.0,0.0,0.0,0.0,0.2968168401250528,0.0,0.0,0.7244571930847545,0.0,0.0,0.0
323970259763740672,0.0,0.0,0.0,0.4913951479386387,0.0,0.0,0.0,0.0,0.6819418754282358,0.0,0.0,0.0,0.0,0.541743562139675,0.0,0.0,0.0,0.0,0.0,0.0
323971941700616192,0.0,0.574782355919308,0.0,0.23777531210711864,0.508629322990143,0.0,0.0,0.0,0.32997668566542376,0.49547930631668474,0.0,0.0,0.0,0.0,0.0,0.0,0.0,0.0,0.0,0.0
323973015408885761,0.0,0.0,0.0,0.2366891662870349,0.0,0.36774133944339255,0.0,0.7954637280793398,0.32846936854875386,0.0,0.0,0.0,0.0,0.26094037070186904,0.0,0.0,0.0,0.0,0.0,0.0
323973124481748994,0.0,0.0,0.0,0.39057540702839383,0.0,0.6068326894188627,0.0,0.0,0.54202758550304,0.0,0.0,0.0,0.0,0.43059381675892605,0.0,0.0,0.0,0.0,0.0,0.0
323974798009049088,0.0,0.0,0.0,0.0,0.0,0.0,0.0,0.0,0.0,0.0,0.0,0.0,0.8638307534144939,0.5037821249859386,0.0,0.0,0.0,0.0,0.0,0.0
323977440399613952,0.0,0.0,0.0,0.325196597717387,0.0,0.0,0.0,0.0,0.0,0.0,0.0,0.0,0.0,0.3585162856860752,0.0,0.0,0.875050424678999,0.0,0.0,0.0
323981240443224065,0.0,0.0,0.0,0.2857592343541164,0.0,0.4439809613941647,0.0,0.0,0.3965671802292943,0.0,0.68169494076788,0.0,0.0,0.31503816466791074,0.0,0.0,0.0,0.0,0.0,0.0
323983199199981568,0.0,0.0,0.0,0.0,0.0,0.0,0.0,0.0,0.0,0.0,0.0,0.0,0.4320106493531035,0.25194662506213333,0.0,0.8659617179560022,0.0,0.0,0.0,0.0
323983601836376066,0.0,0.0,0.0,0.2219674567594464,0.0,0.0,0.0,0.0,0.0,0.0,0.5295160194211519,0.0,0.0,0.2447102727985473,0.0,0.49676116578153673,0.0,0.0,0.0,0.6030658835271241
323985594143367168,0.0,0.0,0.0,0.3022495779030995,0.0,0.0,0.6235028045336689,0.0,0.0,0.0,0.7210335951923791,0.0,0.0,0.0,0.0,0.0,0.0,0.0,0.0,0.0
323987531915984897,0.0,0.0,0.0,0.3282690690345324,0.0,0.5100280213003014,0.0,0.6515942648646891,0.45556091776967206,0.0,0.0,0.0,0.0,0.0,0.0,0.0,0.0,0.0,0.0,0.0
323988769231482881,0.0,0.0,0.0,0.41562351331131936,0.0,0.0,0.0,0.0,0.0,0.0,0.0,0.0,0.7856858139127684,0.4582083554443176,0.0,0.0,0.0,0.0,0.0,0.0
323991780745965568,0.0,0.0,0.0,0.0,0.0,0.0,0.0,0.0,0.0,0.0,0.0,0.0,0.6452843473667386,0.0,0.0,0.7639424788840339,0.0,0.0,0.0,0.0
323992212742496256,0.0,0.0,0.0,0.39057540702839383,0.0,0.6068326894188627,0.0,0.0,0.54202758550304,0.0,0.0,0.0,0.0,0.43059381675892605,0.0,0.0,0.0,0.0,0.0,0.0
323997552099876864,0.0,0.0,0.0,0.4327485613591891,0.0,0.6723566527900966,0.0,0.0,0.6005540892296461,0.0,0.0,0.0,0.0,0.0,0.0,0.0,0.0,0.0,0.0,0.0
324003025674960898,0.0,0.0,0.0,0.0,0.0,0.0,0.0,0.0,0.0,0.0,0.0,0.0,0.0,0.0,0.0,0.0,0.0,0.0,0.0,0.0
324022776639930368,0.0,0.0,0.0,0.4327485613591891,0.0,0.6723566527900966,0.0,0.0,0.6005540892296461,0.0,0.0,0.0,0.0,0.0,0.0,0.0,0.0,0.0,0.0,0.0
324024886366445568,0.5476221128577684,0.29056001271561216,0.0,0.0,0.0,0.0,0.0,0.0,0.2824297135624173,0.4240847448871438,0.0,0.0,0.0,0.22436586546809512,0.0,0.0,0.0,0.0,0.0,0.5529289692028322
324030670328451072,0.0,0.0,0.0,0.0,0.0,0.0,0.0,0.0,0.0,0.0,0.0,0.0,0.8638307534144939,0.5037821249859386,0.0,0.0,0.0,0.0,0.0,0.0
324032478090244096,0.7244571930847545,0.0,0.0,0.2692313582608383,0.0,0.41830178313669575,0.0,0.0,0.37363034239689685,0.0,0.0,0.0,0.0,0.2968168401250528,0.0,0.0,0.0,0.0,0.0,0.0
324035535716880384,0.0,0.0,0.0,0.0,0.0,0.0,0.6010699066614877,0.0,0.0,0.0,0.0,0.0,0.0,0.3212293151955807,0.0,0.0,0.0,0.0,0.7317968942028441,0.0
324052682048421890,0.0,0.36131026657908594,0.0,0.25306864874526536,0.0,0.0,0.0,0.0,0.3512002706200628,0.5273477612945623,0.0,0.0,0.0,0.0,0.0,0.0,0.0,0.0,0.635589379128383,0.0
324055051825979392,0.0,0.33625196958198406,0.0,0.235517336348428,0.0,0.3659206802303698,0.0,0.0,0.3268431418565108,0.490774106888361,0.0,0.0,0.0,0.0,0.0,0.0,0.0,0.0,0.5915087401219171,0.0
324079735279869952,0.0,0.0,0.0,0.0,0.0,0.0,0.5785953907163447,0.0,0.0,0.0,0.0,0.0,0.0,0.3092182774004772,0.0,0.0,0.7547260633920639,0.0,0.0,0.0
324095958864502784,0.0,0.5174041179229367,0.0,0.3623997796069623,0.7752156980461714,0.0,0.0,0.0,0.0,0.0,0.0,0.0,0.0,0.0,0.0,0.0,0.0,0.0,0.0,0.0
324128770908905473,0.0,0.0,0.0,0.0,0.0,0.0,0.0,0.0,0.0,0.0,0.0,0.0,0.45797062435418223,0.2670863631635273,0.0,0.5421845663123805,0.6518923821409304,0.0,0.0,0.0
324138401014095872,0.0,0.5052318570003516,0.0,0.35387409431985695,0.0,0.0,0.0,0.0,0.0,0.0,0.0,0.0,0.0,0.3901320825205414,0.6836013854794788,0.0,0.0,0.0,0.0,0.0
324141634818293760,0.0,0.0,0.0,0.281937010672907,0.0,0.43804241474148176,0.0,0.0,0.39126282507559706,0.0,0.0,0.0,0.0,0.0,0.0,0.0,0.7586460087643904,0.0,0.0,0.0
324144453390594049,0.0,0.0,0.0,0.2803700659476939,0.0,0.43560787005520396,0.0,0.0,0.3890882711975486,0.0,0.0,0.0,0.0,0.0,0.0,0.0,0.0,0.0,0.0,0.7617405902818606
324144587637678081,0.0,0.6800696822431772,0.0,0.2813304536659465,0.6017988870104238,0.0,0.0,0.0,0.0,0.0,0.0,0.0,0.0,0.3101556105034887,0.0,0.0,0.0,0.0,0.0,0.0
324147586548248577,0.7936205394563897,0.0,0.0,0.0,0.0,0.0,0.6084130499528665,0.0,0.0,0.0,0.0,0.0,0.0,0.0,0.0,0.0,0.0,0.0,0.0,0.0
324153877991653379,0.0,0.0,0.0,0.4675996381631716,0.0,0.0,0.0,0.0,0.0,0.0,0.0,0.0,0.8839403703812102,0.0,0.0,0.0,0.0,0.0,0.0,0.0
324155304055037954,0.9373630667716979,0.0,0.0,0.34835395943258246,0.0,0.0,0.0,0.0,0.0,0.0,0.0,0.0,0.0,0.0,0.0,0.0,0.0,0.0,0.0,0.0
324157313151819776,0.0,0.0,0.0,0.0,0.0,0.0,1.0,0.0,0.0,0.0,0.0,0.0,0.0,0.0,0.0,0.0,0.0,0.0,0.0,0.0
324167417217564674,0.0,0.0,0.0,0.4675996381631716,0.0,0.0,0.0,0.0,0.0,0.0,0.0,0.0,0.8839403703812102,0.0,0.0,0.0,0.0,0.0,0.0,0.0
324171716383371264,0.0,0.0,0.0,0.281937010672907,0.0,0.43804241474148176,0.0,0.0,0.39126282507559706,0.0,0.0,0.0,0.0,0.0,0.0,0.0,0.7586460087643904,0.0,0.0,0.0
324174069371121665,0.0,0.3969569136620482,0.0,0.27803624486423706,0.0,0.4319818380541835,0.0,0.0,0.3858494717644592,0.5793755647523497,0.0,0.0,0.0,0.3065238766165013,0.0,0.0,0.0,0.0,0.0,0.0
324175336059314176,0.9373630667716979,0.0,0.0,0.34835395943258246,0.0,0.0,0.0,0.0,0.0,0.0,0.0,0.0,0.0,0.0,0.0,0.0,0.0,0.0,0.0,0.0
324180562166304769,0.0,0.48616711027258397,0.4701890242521342,0.20111705794516097,0.0,0.3124733482054567,0.0,0.0,0.2791035773370282,0.419090356673482,0.0,0.0,0.0,0.0,0.388510777312229,0.0,0.0,0.0,0.0,0.0
324182755770523650,0.0,0.34970757466235536,0.0,0.24494190052696665,0.0,0.38056352134158067,0.0,0.0,0.3399222391938923,0.510413137030463,0.0,0.0,0.0,0.2700386812230201,0.47317004903688814,0.0,0.0,0.0,0.0,0.0
324183707898478593,0.0,0.0,0.0,0.2066245404998417,0.0,0.3210302629277946,0.0,0.0,0.28674667881652477,0.0,0.0,0.0,0.0,0.0,0.0,0.0,0.0,0.0,0.8786479452746891,0.0
324190376829284352,0.0,0.5210074235252579,0.0,0.0,0.0,0.0,0.7527914253508445,0.0,0.0,0.0,0.0,0.0,0.0,0.4023137265242344,0.0,0.0,0.0,0.0,0.0,0.0
324193707119222784,0.0,0.3661437942378594,0.0,0.25645414433292235,0.0,0.39844996719633946,0.0,0.0,0.35589854902184537,0.534402501294461,0.0,0.0,0.0,0.4787043000132519,0.0,0.0,0.0,0.0,0.0,0.0
324203031040258048,0.0,0.36320067041153614,0.0,0.2543927238898512,0.0,0.39524716105703495,0.0,0.0,0.35303777815568776,0.5301068864044685,0.0,0.0,0.0,0.0,0.4914268133733873,0.0,0.0,0.0,0.0,0.0
324212908647137280,0.0,0.31216385980863964,0.5111686913546359,0.21864556171305774,0.0,0.33970719061220145,0.0,0.0,0.30342905304242335,0.4556164821602788,0.0,0.0,0.0,0.0,0.42237171727209466,0.0,0.0,0.0,0.0,0.0
324215840461438976,0.7975897022939171,0.0,0.0,0.29640972708007457,0.0,0.0,0.0,0.0,0.41134758051253373,0.0,0.0,0.0,0.0,0.3267799083381673,0.0,0.0,0.0,0.0,0.0,0.0
324216666726744064,0.0,0.41703157524029044,0.0,0.29209692331582005,0.0,0.4538277586274869,0.0,0.0,0.405362414603413,0.6086753904735067,0.0,0.0,0.0,0.0,0.0,0.0,0.0,0.0,0.0,0.0
324223121777389570,0.0,0.0,0.0,0.3117856271501297,0.0,0.4844178799816382,0.0,0.0,0.432685744257447,0.0,0.0,0.0,0.0,0.34373122523659033,0.6022963820001139,0.0,0.0,0.0,0.0,0.0
324224287806472192,0.0,0.569094879264847,0.0,0.0,0.0,0.0,0.8222718640416496,0.0,0.0,0.0,0.0,0.0,0.0,0.0,0.0,0.0,0.0,0.0,0.0,0.0
324227253158432769,0.0,0.41703157524029044,0.0,0.29209692331582005,0.0,0.4538277586274869,0.0,0.0,0.405362414603413,0.6086753904735067,0.0,0.0,0.0,0.0,0.0,0.0,0.0,0.0,0.0,0.0
324235918598877185,0.0,0.4114907401923988,0.0,0.0,0.0,0.0,0.0,0.0,0.39997662031999826,0.6005883051385857,0.0,0.0,0.0,0.0,0.5567654458244194,0.0,0.0,0.0,0.0,0.0
324248195305717760,0.0,0.0,0.0,0.0,0.0,0.0,0.6084130499528665,0.0,0.0,0.0,0.0,0.7936205394563897,0.0,0.0,0.0,0.0,0.0,0.0,0.0,0.0
324258601403314176,0.0,0.44014270108045406,0.0,0.30828439964392984,0.0,0.0,0.0,0.0,0.4278268569406007,0.6424070654358608,0.0,0.0,0.0,0.3398712614802795,0.0,0.0,0.0,0.0,0.0,0.0
324271867965870080,0.6981581444646388,0.37043215489335213,0.0,0.2594577944829531,0.5550106997354212,0.0,0.0,0.0,0.0,0.0,0.0,0.0,0.0,0.0,0.0,0.0,0.0,0.0,0.0,0.0
324273663119605760,0.8351192303279167,0.0,0.0,0.0,0.0,0.0,0.0,0.0,0.4307029965994808,0.0,0.0,0.0,0.0,0.34215610451478956,0.0,0.0,0.0,0.0,0.0,0.0
324275282137718785,0.0,0.3969569136620482,0.0,0.27803624486423706,0.0,0.4319818380541835,0.0,0.0,0.3858494717644592,0.5793755647523497,0.0,0.0,0.0,0.3065238766165013,0.0,0.0,0.0,0.0,0.0,0.0
324277928743550977,0.0,0.0,0.0,0.0,0.0,0.0,0.5754125555463108,0.0,0.0,0.0,0.0,0.0,0.0,0.3075172773159292,0.0,0.0,0.0,0.0,0.0,0.7578479498368138
324286933901668352,0.0,0.0,0.0,0.4327485613591891,0.0,0.6723566527900966,0.0,0.0,0.6005540892296461,0.0,0.0,0.0,0.0,0.0,0.0,0.0,0.0,0.0,0.0,0.0
324292759798304768,0.0,0.0,0.0,0.0,0.0,0.0,0.0,0.0,1.0,0.0,0.0,0.0,0.0,0.0,0.0,0.0,0.0,0.0,0.0,0.0
324299420336287744,0.0,0.0,0.0,0.0,0.0,0.0,0.0,0.0,0.0,0.0,0.0,0.0,1.0,0.0,0.0,0.0,0.0,0.0,0.0,0.0
324323713778585602,0.7586460087643904,0.0,0.0,0.281937010672907,0.0,0.43804241474148176,0.0,0.0,0.39126282507559706,0.0,0.0,0.0,0.0,0.0,0.0,0.0,0.0,0.0,0.0,0.0
324324204503777280,0.0,0.39293057232303097,0.0,0.275216118074872,0.0,0.0,0.0,0.5462873631784209,0.0,0.0,0.0,0.0,0.0,0.30341479924981374,0.0,0.6159311894306513,0.0,0.0,0.0,0.0
324337903079657472,0.0,0.0,0.0,0.0,0.0,0.0,0.0,0.0,0.0,0.0,0.0,0.0,1.0,0.0,0.0,0.0,0.0,0.0,0.0,0.0
324340772008763394,0.0,0.3508126577863496,0.0,0.24571592196728798,0.5256152202286556,0.0,0.0,0.4877312565899463,0.0,0.0,0.0,0.0,0.0,0.0,0.0,0.5499100166734708,0.0,0.0,0.0,0.0
324351358427877376,0.0,0.0,0.0,0.32304933876668473,0.0,0.0,0.0,0.0,0.0,0.0,0.0,0.0,0.6106855712774992,0.0,0.0,0.7229815058187052,0.0,0.0,0.0,0.0
324381242831302656,0.6713519834642478,0.0,0.0,0.24949577159908387,0.0,0.3876388204521536,0.0,0.0,0.3462419503111168,0.0,0.0,0.0,0.0,0.4657156116945354,0.0,0.0,0.0,0.0,0.0,0.0
324402281485328385,0.0,0.3593092666341987,0.0,0.42610945766813074,0.5383455104038715,0.0,0.0,0.0,0.0,0.0,0.0,0.0,0.0,0.0,0.0,0.0,0.0,0.0,0.6320693731107061,0.0
324411114656002048,0.0,0.3665413803355702,0.0,0.43468611386170175,0.5491812341199186,0.0,0.0,0.0,0.0,0.0,0.6124503008473664,0.0,0.0,0.0,0.0,0.0,0.0,0.0,0.0,0.0
324421617222578176,0.0,0.0,0.0,0.325196597717387,0.0,0.0,0.0,0.0,0.0,0.0,0.0,0.0,0.0,0.3585162856860752,0.0,0.0,0.875050424678999,0.0,0.0,0.0
324428248421380096,0.0,0.0,0.0,0.0,0.0,0.0,1.0,0.0,0.0,0.0,0.0,0.0,0.0,0.0,0.0,0.0,0.0,0.0,0.0,0.0
324500323324530688,0.0,0.4032771643275372,0.0,0.28246306979448454,0.0,0.438859746979497,0.0,0.560672124411451,0.39199287246304,0.0,0.0,0.0,0.0,0.3114042746357762,0.0,0.0,0.0,0.0,0.0,0.0
324512088364044289,0.0,0.2936805687467571,0.0,0.20569950972930595,0.0,0.31959305285215195,0.0,0.0,0.28546295181772513,0.4286393296560721,0.0,0.0,0.0,0.226775509686258,0.6727940340285341,0.0,0.0,0.0,0.0,0.0
324553469342150656,0.0,0.34970757466235536,0.0,0.24494190052696665,0.0,0.38056352134158067,0.0,0.0,0.3399222391938923,0.510413137030463,0.0,0.0,0.0,0.2700386812230201,0.47317004903688814,0.0,0.0,0.0,0.0,0.0
324562235429122048,0.0,0.34306868048116845,0.0,0.4068495387055464,0.0,0.37333885384661436,0.0,0.0,0.33346911109674077,0.5007233875055789,0.0,0.0,0.0,0.0,0.4641873271490483,0.0,0.0,0.0,0.0,0.0
324570397553074178,0.0,0.3969569136620482,0.0,0.27803624486423706,0.0,0.4319818380541835,0.0,0.0,0.3858494717644592,0.5793755647523497,0.0,0.0,0.0,0.3065238766165013,0.0,0.0,0.0,0.0,0.0,0.0
324571303514361857,0.0,0.30347185122965226,0.4969355169785633,0.21255751199669268,0.0,0.3302482551128934,0.0,0.0,0.2949802597267092,0.4429301245079456,0.0,0.0,0.0,0.23433618380581603,0.4106110394271282,0.0,0.0,0.0,0.0,0.0
324573581038190592,0.5420086362704597,0.2875815869174362,0.0,0.20142766574080884,0.4308774378185966,0.0,0.0,0.0,0.0,0.0,0.0,0.0,0.0,0.37599037435160954,0.0,0.0,0.0,0.0,0.5058915264385366,0.0
324577708245925888,0.0,0.41237029667845077,0.0,0.28883207430325586,0.0,0.0,0.0,0.5733142134849608,0.0,0.0,0.0,0.0,0.0,0.0,0.0,0.6464035766354683,0.0,0.0,0.0,0.0
324578446443425794,0.0,0.0,0.0,0.31085821906592154,0.0,0.4829769763000402,0.0,0.0,0.4313987181016429,0.0,0.0,0.0,0.0,0.0,0.0,0.6956978899087541,0.0,0.0,0.0,0.0
324579952173404161,0.0,0.329986388205293,0.5403531027811632,0.0,0.0,0.0,0.0,0.0,0.3207528807191228,0.48162922334134534,0.0,0.0,0.0,0.254810291651647,0.44648639835541976,0.0,0.0,0.0,0.0,0.0
324582653305180161,0.0,0.0,0.0,0.44992194927726803,0.0,0.0,0.0,0.8930678807115074,0.0,0.0,0.0,0.0,0.0,0.0,0.0,0.0,0.0,0.0,0.0,0.0
324587036373831680,0.0,0.46267777422498096,0.0,0.0,0.0,0.0,0.0,0.0,0.44973136538907127,0.6752979668926403,0.0,0.0,0.0,0.3572724900327001,0.0,0.0,0.0,0.0,0.0,0.0
324592707043463168,0.0,0.0,0.0,0.40217250133010773,0.0,0.0,0.0,0.0,0.3296356361931781,0.0,0.5666402987755154,0.63915287555404,0.0,0.0,0.0,0.0,0.0,0.0,0.0,0.0
324595852771479552,0.0,0.34929870233996907,0.5719770401238895,0.0,0.0,0.0,0.504693515168231,0.0,0.0,0.0,0.0,0.0,0.0,0.2697229564554557,0.4726168264279122,0.0,0.0,0.0,0.0,0.0
324597236895977474,0.0,0.34820664978227417,0.5701888027630702,0.24389062391956043,0.5217106932950408,0.0,0.0,0.0,0.0,0.0,0.0,0.0,0.0,0.0,0.4711392302884112,0.0,0.0,0.0,0.0,0.0
324602131669741569,0.5688222125337744,0.30180846504579123,0.0,0.21139244437246807,0.4521932698292982,0.0,0.0,0.0,0.0,0.0,0.0,0.0,0.0,0.2330517431931467,0.0,0.0,0.0,0.0,0.530918362022676,0.0
324604300099715072,0.0,0.30347185122965226,0.4969355169785633,0.21255751199669268,0.0,0.3302482551128934,0.0,0.0,0.2949802597267092,0.4429301245079456,0.0,0.0,0.0,0.23433618380581603,0.4106110394271282,0.0,0.0,0.0,0.0,0.0
324604413366910976,0.0,0.3627426839510944,0.5939915759864568,0.0,0.0,0.0,0.5241184093683018,0.0,0.0,0.0,0.0,0.0,0.0,0.0,0.49080713713058727,0.0,0.0,0.0,0.0,0.0
324625422652428289,0.6635814650948747,0.0,0.0,0.0,0.0,0.0,0.5087212376674505,0.0,0.0,0.0,0.0,0.0,0.0,0.2718754890076314,0.47638855990199674,0.0,0.0,0.0,0.0,0.0
324626727051616256,0.0,0.38927907589608035,0.637444949327328,0.2726585398598498,0.0,0.0,0.0,0.0,0.0,0.0,0.0,0.0,0.0,0.300595171220377,0.5267120668136066,0.0,0.0,0.0,0.0,0.0
324638508876705794,0.0,0.2931592292085238,0.48004858616534646,0.20533435350574403,0.4392343018487768,0.0,0.0,0.0,0.0,0.0,0.0,0.0,0.0,0.2263729395059871,0.39665759883566387,0.0,0.0,0.48983680358427145,0.0,0.0
324651821589229568,0.0,0.0,0.0,0.0,0.0,0.0,0.0,0.0,0.0,0.0,0.0,0.0,0.0,0.26275741441596107,0.7795445860110627,0.0,0.0,0.568567304362711,0.0,0.0
324700425179762688,0.0,0.2863581984663068,0.4689118902438748,0.20057078097761288,0.0,0.3116246037238035,0.0,0.3981208798282977,0.2783454722940384,0.4179520175812571,0.0,0.0,0.0,0.0,0.38745549890144526,0.0,0.0,0.0,0.0,0.0
324701771538776064,0.0,0.0,0.0,0.0,0.0,0.0,0.0,0.0,0.0,0.0,0.0,0.0,0.0,0.0,0.0,0.0,0.0,1.0,0.0,0.0
324707006034370560,0.0,0.0,0.0,0.0,0.0,0.0,0.0,0.0,0.0,0.0,0.0,0.0,0.0,0.41950791427817835,0.0,0.0,0.0,0.907751678521154,0.0,0.0
324736416485629952,0.0,0.31216385980863964,0.5111686913546359,0.21864556171305774,0.0,0.33970719061220145,0.0,0.0,0.30342905304242335,0.4556164821602788,0.0,0.0,0.0,0.0,0.42237171727209466,0.0,0.0,0.0,0.0,0.0
324741541929316355,0.0,0.3412507115596757,0.5587984456584104,0.0,0.0,0.0,0.0,0.0,0.3317020116360688,0.49806998424104015,0.0,0.0,0.0,0.0,0.4617275335784892,0.0,0.0,0.0,0.0,0.0
324742150115962882,0.0,0.3362634460805351,0.5506317925103708,0.23552537470838977,0.5038164426042679,0.0,0.0,0.0,0.0,0.0,0.0,0.0,0.0,0.25965733687858417,0.45497953947626435,0.0,0.0,0.0,0.0,0.0
324773355716767744,0.0,0.0,0.0,0.3117856271501297,0.0,0.4844178799816382,0.0,0.0,0.432685744257447,0.0,0.0,0.0,0.0,0.34373122523659033,0.6022963820001139,0.0,0.0,0.0,0.0,0.0
324794964787740672,0.0,0.0,0.0,0.0,0.0,0.0,0.0,0.0,0.0,0.0,0.0,0.0,0.0,0.5195732054429753,0.5377040440102978,0.0,0.0,0.6640166001243369,0.0,0.0
324847058026643456,0.0,0.2936805687467571,0.0,0.20569950972930595,0.0,0.31959305285215195,0.0,0.0,0.28546295181772513,0.4286393296560721,0.0,0.0,0.0,0.226775509686258,0.6727940340285341,0.0,0.0,0.0,0.0,0.0
324856960795176960,0.0,0.0,0.0,0.4100588656294714,0.0,0.0,0.0,0.0,0.0,0.0,0.0,0.0,0.0,0.45207355319838044,0.7921371277861315,0.0,0.0,0.0,0.0,0.0
324868922937577473,0.0,0.41703157524029044,0.0,0.29209692331582005,0.0,0.4538277586274869,0.0,0.0,0.405362414603413,0.6086753904735067,0.0,0.0,0.0,0.0,0.0,0.0,0.0,0.0,0.0,0.0
324881220632727554,0.0,0.3362634460805351,0.5506317925103708,0.23552537470838977,0.5038164426042679,0.0,0.0,0.0,0.0,0.0,0.0,0.0,0.0,0.25965733687858417,0.45497953947626435,0.0,0.0,0.0,0.0,0.0
324921586635378688,0.0,0.8190705797456455,0.0,0.5736927621951772,0.0,0.0,0.0,0.0,0.0,0.0,0.0,0.0,0.0,0.0,0.0,0.0,0.0,0.0,0.0,0.0
324955623395586048,0.0,0.3319016365975269,0.5434893242991744,0.23247027958917163,0.0,0.0,0.0,0.0,0.3226145376269814,0.48442461014706867,0.0,0.0,0.0,0.0,0.4490778154173639,0.0,0.0,0.0,0.0,0.0
324973415654105088,0.0,0.5174041179229367,0.0,0.3623997796069623,0.7752156980461714,0.0,0.0,0.0,0.0,0.0,0.0,0.0,0.0,0.0,0.0,0.0,0.0,0.0,0.0,0.0
324978482364944385,0.0,0.0,0.0,0.0,0.0,0.0,0.46171225843121744,0.0,0.0,0.0,0.0,0.0,0.0,0.0,0.7320615079116145,0.5009069165508875,0.0,0.0,0.0,0.0
324996958278270976,0.0,0.3362634460805351,0.5506317925103708,0.23552537470838977,0.5038164426042679,0.0,0.0,0.0,0.0,0.0,0.0,0.0,0.0,0.25965733687858417,0.45497953947626435,0.0,0.0,0.0,0.0,0.0
324998724059291648,0.0,0.0,0.0,0.0,0.0,0.0,0.0,0.0,0.0,0.0,0.0,0.0,0.0,0.41950791427817835,0.0,0.0,0.0,0.907751678521154,0.0,0.0
324999512588435456,0.0,0.3319016365975269,0.5434893242991744,0.23247027958917163,0.0,0.0,0.0,0.0,0.3226145376269814,0.48442461014706867,0.0,0.0,0.0,0.0,0.4490778154173639,0.0,0.0,0.0,0.0,0.0
325001152582270977,0.6352942227465415,0.0,0.0,0.0,0.0,0.0,0.0,0.0,0.0,0.0,0.0,0.0,0.0,0.0,0.0,0.5283797327242423,0.0,0.5632194142526747,0.0,0.0
325014511457280001,0.0,0.5174041179229367,0.0,0.3623997796069623,0.7752156980461714,0.0,0.0,0.0,0.0,0.0,0.0,0.0,0.0,0.0,0.0,0.0,0.0,0.0,0.0,0.0
325031917793734656,0.0,0.35569892372390105,0.0,0.24913835645810387,0.0,0.0,0.0,0.0,0.0,0.0,0.5943337492927727,0.0,0.0,0.0,0.0,0.0,0.0,0.0,0.0,0.6768868069733733
325040650326257665,0.0,0.0,0.0,0.0,0.0,0.0,0.0,0.0,0.0,0.0,0.0,0.0,0.0,0.41950791427817835,0.0,0.0,0.0,0.907751678521154,0.0,0.0
325070396363767811,0.0,0.3481533240124147,0.0,0.24385327352636677,0.5216307964166175,0.0,0.5030385848451052,0.0,0.0,0.0,0.0,0.0,0.0,0.2688385133507479,0.47106707812767035,0.0,0.0,0.0,0.0,0.0
325087622361923584,0.0,0.5135386080257602,0.0,0.0,0.0,0.0,0.0,0.0,0.0,0.0,0.0,0.0,0.0,0.0,0.0,0.0,0.0,0.8580664881388648,0.0,0.0
325103644594827265,0.0,0.48047527700868614,0.0,0.33653411030732544,0.7198859930907874,0.0,0.0,0.0,0.0,0.0,0.0,0.0,0.0,0.37101544136972797,0.0,0.0,0.0,0.0,0.0,0.0
325122858684674049,0.0,0.0,0.0,0.0,0.0,0.0,0.0,0.0,0.0,0.0,0.0,0.0,0.0,0.2916611490174472,0.0,0.0,0.0,0.6311106145292764,0.0,0.7187719849731914
325133277369364483,0.0,0.0,0.0,0.0,0.0,0.0,0.0,0.0,0.0,0.0,0.0,0.0,0.0,0.0,0.0,0.0,0.0,1.0,0.0,0.0
325142311874990080,0.0,0.0,0.0,0.0,0.0,0.0,0.0,0.0,0.0,0.0,0.0,0.0,0.0,0.41950791427817835,0.0,0.0,0.0,0.907751678521154,0.0,0.0
325143326909136896,0.0,0.0,0.0,0.0,0.0,0.0,0.7299219659509791,0.0,0.0,0.0,0.0,0.0,0.0,0.0,0.6835304847790313,0.0,0.0,0.0,0.0,0.0
325146330034999298,0.0,0.0,0.0,0.0,0.0,0.0,0.4750963567559259,0.0,0.0,0.0,0.0,0.0,0.0,0.4298991621497961,0.444900767751301,0.0,0.0,0.0,0.0,0.6257263531564354
325158602560118784,0.0,0.0,0.0,0.0,0.0,0.0,0.0,0.0,0.0,0.0,0.0,0.0,0.0,0.0,0.0,0.6841902454782376,0.0,0.7293035773890247,0.0,0.0
325173970485784578,0.0,0.3561485529013558,0.0,0.24945328536796368,0.5336098795539157,0.0,0.0,0.0,0.0,0.0,0.0,0.0,0.0,0.2750123031730884,0.0,0.0,0.6712376600216113,0.0,0.0,0.0
325174322824101889,0.0,0.0,0.0,0.0,0.0,0.0,0.0,0.0,0.0,0.0,0.0,0.0,0.0,0.41950791427817835,0.0,0.0,0.0,0.907751678521154,0.0,0.0
325176155701407744,0.0,0.0,0.0,0.0,0.0,0.0,0.0,0.0,0.0,0.0,0.0,0.0,0.0,0.0,1.0,0.0,0.0,0.0,0.0,0.0
325179741835497473,0.0,0.5256130618564927,0.0,0.36814948156965455,0.0,0.5719897771055321,0.0,0.0,0.5109056305352303,0.0,0.0,0.0,0.0,0.0,0.0,0.0,0.0,0.0,0.0,0.0
325180589118484480,0.0,0.0,0.0,0.0,0.0,0.0,0.0,0.0,0.0,0.0,0.0,0.0,0.0,0.41950791427817835,0.0,0.0,0.0,0.907751678521154,0.0,0.0
325187727790321664,0.0,0.3384861684406871,0.5542715030161931,0.2370822121310995,0.0,0.368352010423507,0.0,0.0,0.32901482452477454,0.0,0.0,0.0,0.0,0.26137368807698147,0.4579869826211947,0.0,0.0,0.0,0.0,0.0
325202500149968896,0.0,0.0,0.0,0.0,0.0,0.0,0.0,0.0,0.0,0.0,0.0,0.0,0.0,0.0,0.0,0.0,0.0,1.0,0.0,0.0
325207508127977473,0.0,0.0,0.0,0.0,0.0,0.0,0.0,0.0,0.0,0.0,0.0,0.0,0.0,0.41950791427817835,0.0,0.0,0.0,0.907751678521154,0.0,0.0
325210305724563456,0.0,0.3362634460805351,0.5506317925103708,0.23552537470838977,0.5038164426042679,0.0,0.0,0.0,0.0,0.0,0.0,0.0,0.0,0.25965733687858417,0.45497953947626435,0.0,0.0,0.0,0.0,0.0
325213891854483456,0.0,0.30214909953680913,0.0,0.3583224839831882,0.0,0.3288087923200873,0.0,0.0,0.2936945205837614,0.44099951193340164,0.0,0.0,0.0,0.0,0.408821297000272,0.4736283388763919,0.0,0.0,0.0,0.0
325221353546477568,0.0,0.0,0.0,0.0,0.0,0.0,0.0,0.0,0.0,0.0,0.0,0.0,0.0,0.41950791427817835,0.0,0.0,0.0,0.907751678521154,0.0,0.0
325231038169247747,0.0,0.5487124318161686,0.0,0.38432872385332933,0.0,0.0,0.0,0.0,0.0,0.0,0.0,0.0,0.0,0.0,0.7424325553150656,0.0,0.0,0.0,0.0,0.0
325231935750283266,0.0,0.0,0.0,0.0,0.0,0.0,0.0,0.0,0.0,0.0,0.0,0.0,0.0,0.41950791427817835,0.0,0.0,0.0,0.907751678521154,0.0,0.0
325235274454007808,0.0,0.0,0.0,0.0,0.0,0.0,0.0,0.0,0.0,0.0,0.0,0.0,1.0,0.0,0.0,0.0,0.0,0.0,0.0,0.0
325236075549323264,0.0,0.0,0.0,0.0,0.0,0.0,0.506553825251182,0.0,0.0,0.0,0.0,0.0,0.0,0.27071716050289657,0.4743589012141972,0.0,0.0,0.0,0.0,0.6671574581547471
325237988156121089,0.0,0.0,0.0,0.0,0.0,0.0,0.0,0.0,0.0,0.0,0.0,0.0,0.0,0.41950791427817835,0.0,0.0,0.0,0.907751678521154,0.0,0.0
325243306512625664,0.0,0.0,0.0,0.0,0.0,0.0,0.0,0.0,0.0,0.0,0.0,0.0,0.0,0.41950791427817835,0.0,0.0,0.0,0.907751678521154,0.0,0.0
325247211418034176,0.0,0.3015364817714709,0.0,0.21120194206439571,0.0,0.32814212110417607,0.0,0.0,0.2930990447701054,0.4401053701473429,0.0,0.0,0.0,0.0,0.6907911777872422,0.0,0.0,0.0,0.0,0.0
325247878324969473,0.0,0.0,0.0,0.0,0.0,0.0,0.0,0.0,0.0,0.0,0.0,0.0,0.0,0.41950791427817835,0.0,0.0,0.0,0.907751678521154,0.0,0.0
325257638461988864,0.0,0.0,0.0,0.48566857037910793,0.0,0.44566585473232606,0.0,0.0,0.3980721398068483,0.0,0.0,0.0,0.0,0.3162337242776037,0.5541144185190746,0.0,0.0,0.0,0.0,0.0
325270665957634049,0.0,0.0,0.0,0.0,0.0,0.0,0.0,0.0,0.0,0.0,0.0,0.0,0.0,0.41950791427817835,0.0,0.0,0.0,0.907751678521154,0.0,0.0
325273044140580865,0.0,0.0,0.0,0.33201600211855714,0.0,0.515849589784991,0.0,0.0,0.4607607871317176,0.0,0.0,0.0,0.0,0.0,0.6413767006195555,0.0,0.0,0.0,0.0,0.0
325280220594712578,0.875050424678999,0.0,0.0,0.325196597717387,0.0,0.0,0.0,0.0,0.0,0.0,0.0,0.0,0.0,0.3585162856860752,0.0,0.0,0.0,0.0,0.0,0.0
325280363217838080,0.0,0.5210074235252579,0.0,0.0,0.0,0.0,0.7527914253508445,0.0,0.0,0.0,0.0,0.0,0.0,0.4023137265242344,0.0,0.0,0.0,0.0,0.0,0.0
325290492441018369,0.0,0.0,0.0,0.0,0.0,0.0,0.0,0.0,0.0,0.0,0.0,0.0,0.6994093012975744,0.0,0.7147213647698234,0.0,0.0,0.0,0.0,0.0
325294896485371904,0.0,0.0,0.0,0.0,0.0,0.0,0.0,0.0,0.0,0.0,0.0,0.0,0.0,0.0,0.0,0.0,0.0,1.0,0.0,0.0
325304530763935744,0.0,0.48047527700868614,0.0,0.33653411030732544,0.7198859930907874,0.0,0.0,0.0,0.0,0.0,0.0,0.0,0.0,0.37101544136972797,0.0,0.0,0.0,0.0,0.0,0.0
325309320663281665,0.0,0.0,0.0,0.0,0.0,0.0,0.0,0.0,0.0,0.0,0.0,0.0,0.0,0.41950791427817835,0.0,0.0,0.0,0.907751678521154,0.0,0.0
325312843887026176,0.9373630667716979,0.0,0.0,0.34835395943258246,0.0,0.0,0.0,0.0,0.0,0.0,0.0,0.0,0.0,0.0,0.0,0.0,0.0,0.0,0.0,0.0
325330736779497472,0.0,0.3362634460805351,0.5506317925103708,0.23552537470838977,0.5038164426042679,0.0,0.0,0.0,0.0,0.0,0.0,0.0,0.0,0.25965733687858417,0.45497953947626435,0.0,0.0,0.0,0.0,0.0
325333064614039554,0.0,0.0,0.0,0.630709978263018,0.0,0.5787607407483296,0.0,0.0,0.5169535068919721,0.0,0.0,0.0,0.0,0.0,0.0,0.0,0.0,0.0,0.0,0.0
325338026492444672,0.0,0.3969569136620482,0.0,0.27803624486423706,0.0,0.4319818380541835,0.0,0.0,0.3858494717644592,0.5793755647523497,0.0,0.0,0.0,0.3065238766165013,0.0,0.0,0.0,0.0,0.0,0.0
325350965937074177,0.0,0.41703157524029044,0.0,0.29209692331582005,0.0,0.4538277586274869,0.0,0.0,0.405362414603413,0.6086753904735067,0.0,0.0,0.0,0.0,0.0,0.0,0.0,0.0,0.0,0.0
325353604150079488,0.0,0.4238598303877466,0.0,0.2968795643401553,0.6350602612264261,0.0,0.0,0.0,0.0,0.0,0.0,0.0,0.0,0.0,0.5735013801830767,0.0,0.0,0.0,0.0,0.0
325355021795463169,0.0,0.3421569507051288,0.0,0.2396532985170354,0.0,0.3723466789003993,0.0,0.0,0.33258289286909626,0.4993926789684196,0.5717066029612426,0.0,0.0,0.0,0.0,0.0,0.0,0.0,0.0,0.0
325356330418315265,0.0,0.3669580014748851,0.0,0.2570244307164885,0.5498054488026917,0.0,0.0,0.0,0.0,0.0,0.0,0.0,0.0,0.28335918911161057,0.0,0.0,0.0,0.0,0.6455244422803096,0.0
325371509625454592,0.0,0.0,0.0,0.0,0.0,0.0,0.0,0.0,0.0,0.0,0.0,0.0,0.0,0.0,0.0,0.0,0.0,1.0,0.0,0.0
325379675943747585,0.0,0.4422913972742581,0.0,0.30978938771824754,0.0,0.0,0.0,0.0,0.0,0.0,0.0,0.0,0.0,0.0,0.0,0.0,0.0,0.0,0.0,0.8416702769816323
325385854140940288,0.0,0.0,0.0,0.0,0.0,0.0,0.0,0.0,0.0,0.0,0.0,0.0,0.0,0.0,0.0,0.0,0.0,1.0,0.0,0.0
325388756582543360,0.0,0.0,0.0,0.0,0.0,0.0,0.7299219659509791,0.0,0.0,0.0,0.0,0.0,0.0,0.0,0.6835304847790313,0.0,0.0,0.0,0.0,0.0
325392887980363776,0.0,0.34820664978227417,0.5701888027630702,0.24389062391956043,0.5217106932950408,0.0,0.0,0.0,0.0,0.0,0.0,0.0,0.0,0.0,0.4711392302884112,0.0,0.0,0.0,0.0,0.0
325393236111794177,0.0,0.24450239797064774,0.0,0.17125417457758604,0.0,0.266075716655578,0.0,0.0,0.23766085903830844,0.3568616895992643,0.0,0.0,0.0,0.18880090077433226,0.0,0.0,0.0,0.0,0.0,0.787791576831655
325396675428495361,0.0,0.0,0.0,0.5589884701412794,0.0,0.0,0.0,0.0,0.0,0.0,0.0,0.0,0.0,0.0,0.0,0.0,0.0,0.0,0.8291754279096264,0.0
325399141679243264,0.0,0.0,0.0,0.39057540702839383,0.0,0.6068326894188627,0.0,0.0,0.54202758550304,0.0,0.0,0.0,0.0,0.43059381675892605,0.0,0.0,0.0,0.0,0.0,0.0
325402018980188161,0.0,0.5174041179229367,0.0,0.3623997796069623,0.7752156980461714,0.0,0.0,0.0,0.0,0.0,0.0,0.0,0.0,0.0,0.0,0.0,0.0,0.0,0.0,0.0
325402681684398080,0.0,0.34820664978227417,0.5701888027630702,0.24389062391956043,0.5217106932950408,0.0,0.0,0.0,0.0,0.0,0.0,0.0,0.0,0.0,0.4711392302884112,0.0,0.0,0.0,0.0,0.0
325403281486647298,0.0,0.0,0.0,0.0,0.0,0.0,0.0,0.0,0.0,0.0,0.0,0.0,0.0,0.0,0.6293161523471695,0.0,0.0,0.7771493938715736,0.0,0.0
325406083256573954,0.0,0.4680019344580247,0.0,0.32779754166641806,0.0,0.0,0.0,0.0,0.45490654773961275,0.6830688060837115,0.0,0.0,0.0,0.0,0.0,0.0,0.0,0.0,0.0,0.0
325407320605609984,0.9373630667716979,0.0,0.0,0.34835395943258246,0.0,0.0,0.0,0.0,0.0,0.0,0.0,0.0,0.0,0.0,0.0,0.0,0.0,0.0,0.0,0.0
325408549519896577,0.0,0.3826409810314943,0.0,0.26800909074917534,0.5733029269310576,0.0,0.0,0.0,0.0,0.0,0.0,0.0,0.0,0.0,0.0,0.0,0.0,0.0,0.6731127400988177,0.0
325410667643416576,0.0,0.2463962490436121,0.40347415058079794,0.17258066423562335,0.0,0.2681366689638593,0.0,0.0,0.23950171735555636,0.3596258461038912,0.0,0.0,0.0,0.0,0.564470189740402,0.0,0.0,0.4117010109916328,0.0,0.0
325411137388675075,0.6097232516742306,0.3235099379660773,0.5297479078190279,0.22659257272674127,0.0,0.0,0.0,0.0,0.0,0.0,0.0,0.0,0.0,0.0,0.43772347041417226,0.0,0.0,0.0,0.0,0.0
325412848673112064,0.0,0.3362634460805351,0.5506317925103708,0.23552537470838977,0.5038164426042679,0.0,0.0,0.0,0.0,0.0,0.0,0.0,0.0,0.25965733687858417,0.45497953947626435,0.0,0.0,0.0,0.0,0.0
325413066806263809,0.0,0.7186566539057977,0.0,0.0,0.0,0.0,0.613278149542777,0.0,0.0,0.0,0.0,0.0,0.0,0.3277537567905356,0.0,0.0,0.0,0.0,0.0,0.0
325415650463989762,0.0,0.34147418644023864,0.0,0.40495860781639853,0.0,0.0,0.0,0.0,0.33191923335875495,0.4983961553711502,0.0,0.0,0.0,0.0,0.0,0.0,0.0,0.0,0.6006952644962121,0.0
325416636158971904,0.0,0.5323858166174049,0.5148887334247331,0.2202367598865161,0.47111229961568274,0.0,0.0,0.0,0.0,0.0,0.0,0.0,0.0,0.0,0.4254455372928542,0.0,0.0,0.0,0.0,0.0
325419341480878081,0.0,0.34820664978227417,0.5701888027630702,0.24389062391956043,0.5217106932950408,0.0,0.0,0.0,0.0,0.0,0.0,0.0,0.0,0.0,0.4711392302884112,0.0,0.0,0.0,0.0,0.0
325424999567605760,0.0,0.0,0.0,0.39057540702839383,0.0,0.6068326894188627,0.0,0.0,0.54202758550304,0.0,0.0,0.0,0.0,0.43059381675892605,0.0,0.0,0.0,0.0,0.0,0.0
325427449066319872,0.0,0.3826409810314943,0.0,0.26800909074917534,0.5733029269310576,0.0,0.0,0.0,0.0,0.0,0.0,0.0,0.0,0.0,0.0,0.0,0.0,0.0,0.6731127400988177,0.0
325431240696152064,0.0,0.39277771981871734,0.0,0.465800124622082,0.5884905892681772,0.0,0.0,0.0,0.0,0.0,0.0,0.0,0.0,0.0,0.5314458891165267,0.0,0.0,0.0,0.0,0.0
325438631068184576,0.0,0.5093412252573986,0.4926015122267063,0.0,0.0,0.0,0.0,0.0,0.2924076002896605,0.43906712579127133,0.0,0.0,0.0,0.23229242943639297,0.40702991041694536,0.0,0.0,0.0,0.0,0.0
325441269289590785,0.0,0.5174041179229367,0.0,0.3623997796069623,0.7752156980461714,0.0,0.0,0.0,0.0,0.0,0.0,0.0,0.0,0.0,0.0,0.0,0.0,0.0,0.0,0.0
325449443971325952,0.0,0.0,0.0,0.0,0.0,0.0,0.0,0.0,0.0,0.0,0.0,0.0,0.0,0.2916611490174472,0.0,0.0,0.0,0.6311106145292764,0.0,0.7187719849731914
325450542883151874,0.0,0.0,0.0,0.584615740912354,0.0,0.0,0.0,0.0,0.8113103200856622,0.0,0.0,0.0,0.0,0.0,0.0,0.0,0.0,0.0,0.0,0.0
325453105611284480,0.0,0.0,0.0,0.0,0.0,0.0,0.0,0.0,0.0,0.0,0.0,0.0,0.0,0.41950791427817835,0.0,0.0,0.0,0.907751678521154,0.0,0.0
325475838734774272,0.0,0.48047527700868614,0.0,0.33653411030732544,0.7198859930907874,0.0,0.0,0.0,0.0,0.0,0.0,0.0,0.0,0.37101544136972797,0.0,0.0,0.0,0.0,0.0,0.0
325480821580505089,0.0,0.36320067041153614,0.0,0.2543927238898512,0.0,0.39524716105703495,0.0,0.0,0.35303777815568776,0.5301068864044685,0.0,0.0,0.0,0.0,0.4914268133733873,0.0,0.0,0.0,0.0,0.0
325541332808515585,0.0,0.3362634460805351,0.5506317925103708,0.23552537470838977,0.5038164426042679,0.0,0.0,0.0,0.0,0.0,0.0,0.0,0.0,0.25965733687858417,0.45497953947626435,0.0,0.0,0.0,0.0,0.0
325554364481675264,0.0,0.34820664978227417,0.5701888027630702,0.24389062391956043,0.5217106932950408,0.0,0.0,0.0,0.0,0.0,0.0,0.0,0.0,0.0,0.4711392302884112,0.0,0.0,0.0,0.0,0.0
325642830754217985,0.0,0.32546006888867784,0.0,0.22795848187217332,0.0,0.35417657164542254,0.0,0.0,0.31635321451544984,0.4750228670340056,0.0,0.0,0.0,0.2513151391653642,0.0,0.0,0.0,0.0,0.5725244540505102,0.0
325643074015490048,0.0,0.3362634460805351,0.5506317925103708,0.23552537470838977,0.5038164426042679,0.0,0.0,0.0,0.0,0.0,0.0,0.0,0.0,0.25965733687858417,0.45497953947626435,0.0,0.0,0.0,0.0,0.0
325662749508116480,0.0,0.0,0.0,0.325196597717387,0.0,0.0,0.0,0.0,0.0,0.0,0.0,0.0,0.0,0.3585162856860752,0.0,0.0,0.875050424678999,0.0,0.0,0.0
325670009844146176,0.0,0.41703157524029044,0.0,0.29209692331582005,0.0,0.4538277586274869,0.0,0.0,0.405362414603413,0.6086753904735067,0.0,0.0,0.0,0.0,0.0,0.0,0.0,0.0,0.0,0.0
325688510906519552,0.0,0.33034854466290525,0.5409461344108233,0.39176456684896693,0.49495427032440764,0.0,0.0,0.0,0.0,0.0,0.0,0.0,0.0,0.0,0.4469764123019946,0.0,0.0,0.0,0.0,0.0
325696555598356480,0.0,0.0,0.0,0.39057540702839383,0.0,0.6068326894188627,0.0,0.0,0.54202758550304,0.0,0.0,0.0,0.0,0.43059381675892605,0.0,0.0,0.0,0.0,0.0,0.0
325708958155284480,0.0,0.31216385980863964,0.5111686913546359,0.21864556171305774,0.0,0.33970719061220145,0.0,0.0,0.30342905304242335,0.4556164821602788,0.0,0.0,0.0,0.0,0.42237171727209466,0.0,0.0,0.0,0.0,0.0
325742063779987456,0.0,0.34820664978227417,0.5701888027630702,0.24389062391956043,0.5217106932950408,0.0,0.0,0.0,0.0,0.0,0.0,0.0,0.0,0.0,0.4711392302884112,0.0,0.0,0.0,0.0,0.0
325751324828381185,0.0,0.0,0.0,1.0,0.0,0.0,0.0,0.0,0.0,0.0,0.0,0.0,0.0,0.0,0.0,0.0,0.0,0.0,0.0,0.0
325751748461461504,0.0,0.0,0.0,0.0,0.0,0.0,0.0,0.0,0.0,0.0,0.0,0.0,0.0,0.0,0.0,0.0,0.0,0.0,0.0,0.0
325765040189886465,0.0,0.0,0.0,0.2788226868683691,0.0,0.43320372429651083,0.0,0.0,0.3869408698734212,0.0,0.0,0.0,0.0,0.3073908975761547,0.0,0.0,0.0,0.0,0.7002714058506616,0.0
325791070065664001,,,,,,,,,,,,,,,,,,,,
325798070354841601,,,,,,,,,,,,,,,,,,,,
325903427043467264,,,,,,,,,,,,,,,,,,,,
325980832936366081,,,,,,,,,,,,,,,,,,,,
325982175113658369,,,,,,,,,,,,,,,,,,,,
325983613780885505,,,,,,,,,,,,,,,,,,,,
325986956607631362,,,,,,,,,,,,,,,,,,,,
326017763783094272,,,,,,,,,,,,,,,,,,,,
326019848360579073,,,,,,,,,,,,,,,,,,,,
326143286718894080,,,,,,,,,,,,,,,,,,,,
326183245861511169,,,,,,,,,,,,,,,,,,,,
326254918111477760,,,,,,,,,,,,,,,,,,,,
326293665108598786,,,,,,,,,,,,,,,,,,,,
326327395713953792,,,,,,,,,,,,,,,,,,,,
326344525222141953,,,,,,,,,,,,,,,,,,,,
326349612938047488,,,,,,,,,,,,,,,,,,,,
326372455121833985,,,,,,,,,,,,,,,,,,,,
326374925550100480,,,,,,,,,,,,,,,,,,,,
326376376791875584,,,,,,,,,,,,,,,,,,,,
326383695843958784,,,,,,,,,,,,,,,,,,,,
326386048852701186,,,,,,,,,,,,,,,,,,,,
326398409462398976,,,,,,,,,,,,,,,,,,,,
326433872281747456,,,,,,,,,,,,,,,,,,,,
326455099671068672,,,,,,,,,,,,,,,,,,,,
326457876287729664,,,,,,,,,,,,,,,,,,,,
326461911241719808,,,,,,,,,,,,,,,,,,,,
326503892030455808,,,,,,,,,,,,,,,,,,,,
326703641534820352,,,,,,,,,,,,,,,,,,,,
326779742999175168,,,,,,,,,,,,,,,,,,,,
326779826893635584,,,,,,,,,,,,,,,,,,,,
326790664979365889,,,,,,,,,,,,,,,,,,,,
326801129763639297,,,,,,,,,,,,,,,,,,,,
326848399540379648,,,,,,,,,,,,,,,,,,,,
326850333122895872,,,,,,,,,,,,,,,,,,,,
326892959834456064,,,,,,,,,,,,,,,,,,,,
326972194427129856,,,,,,,,,,,,,,,,,,,,
327039806628577281,,,,,,,,,,,,,,,,,,,,
327239468081897472,,,,,,,,,,,,,,,,,,,,
327265535685431298,,,,,,,,,,,,,,,,,,,,
327295344599764992,,,,,,,,,,,,,,,,,,,,
327328336982454273,,,,,,,,,,,,,,,,,,,,
327343600042131457,,,,,,,,,,,,,,,,,,,,
327424952766701570,,,,,,,,,,,,,,,,,,,,
327457634808647681,,,,,,,,,,,,,,,,,,,,
327537364308201474,,,,,,,,,,,,,,,,,,,,
327637251691511810,,,,,,,,,,,,,,,,,,,,
335734858879995904,,,,,,,,,,,,,,,,,,,,
337175551951400960,,,,,,,,,,,,,,,,,,,,
337359539294842880,,,,,,,,,,,,,,,,,,,,
337542079603437569,,,,,,,,,,,,,,,,,,,,
337825887162617856,,,,,,,,,,,,,,,,,,,,
337937153688473600,,,,,,,,,,,,,,,,,,,,
