tweet_id,tfidf_abflood,tfidf_alberta,tfidf_alberta flood,tfidf_amp,tfidf_calgari,tfidf_calgari flood,tfidf_citi,tfidf_donat,tfidf_evacu,tfidf_flood,tfidf_help,tfidf_need,tfidf_pleas,tfidf_relief,tfidf_river,tfidf_rt,tfidf_thi,tfidf_water,tfidf_yyc,tfidf_yycflood
351734622884855808,0.0,0.0,0.0,0.0,0.0,0.0,0.0,0.0,0.0,0.0,0.0,0.0,0.0,0.0,0.0,0.0,0.0,0.0,0.0,1.0
351741648327294977,0.48423968915621923,0.0,0.0,0.0,0.0,0.0,0.0,0.8016513832881232,0.0,0.0,0.0,0.0,0.0,0.0,0.0,0.3505238695411865,0.0,0.0,0.0,0.0
351776825967513600,0.44820034136759657,0.0,0.0,0.0,0.0,0.0,0.0,0.0,0.0,0.0,0.0,0.0,0.0,0.0,0.8329811291040055,0.32443626886429683,0.0,0.0,0.0,0.0
352043285876977664,0.3842457329737039,0.5182092478255842,0.6770898538003476,0.0,0.0,0.0,0.0,0.0,0.0,0.35406739759566563,0.0,0.0,0.0,0.0,0.0,0.0,0.0,0.0,0.0,0.0
352054501466849280,0.0,0.5409963728267084,0.4174849157430687,0.43119620670715053,0.0,0.0,0.0,0.0,0.0,0.36963674160426724,0.0,0.0,0.0,0.42550674164350705,0.0,0.17149866795056512,0.0,0.0,0.0,0.0
352132125450973185,0.5170441784531852,0.0,0.0,0.0,0.0,0.0,0.0,0.8559587125134428,0.0,0.0,0.0,0.0,0.0,0.0,0.0,0.0,0.0,0.0,0.0,0.0
352142128878592003,0.0,0.0,0.0,0.0,0.0,0.0,0.0,0.0,0.0,0.48910316046984587,0.0,0.0,0.0,0.0,0.0,0.3842207353458273,0.0,0.0,0.660394396292235,0.42075143053177444
352170146829307904,0.0,0.0,0.0,0.0,0.0,0.0,0.0,0.0,0.0,0.0,0.0,0.0,0.6874882353164613,0.6643626371427696,0.0,0.0,0.0,0.0,0.0,0.2932272372583461
352193337106763776,0.0,0.0,0.0,0.0,0.0,0.0,0.0,0.0,0.0,0.0,0.5949736456981626,0.0,0.0,0.0,0.0,0.25319621790952856,0.5618083122890243,0.0,0.43519088921460586,0.2772694471962366
352212060492402688,0.0,0.0,0.0,0.0,0.0,0.0,0.0,0.0,0.0,0.0,0.0,0.0,0.0,0.0,0.0,0.44050596950060433,0.0,0.0,0.7571368409610656,0.48238811645171237
352299717251694592,0.0,0.0,0.0,0.0,0.0,0.0,0.0,0.0,0.0,0.0,0.0,0.0,0.7864495087162836,0.0,0.0,0.5186325769677119,0.0,0.0,0.0,0.3354361643409169
352393543832190977,0.47383101846090936,0.0,0.0,0.0,0.0,0.0,0.0,0.0,0.0,0.0,0.0,0.0,0.880615787925868,0.0,0.0,0.0,0.0,0.0,0.0,0.0
352520278926041088,0.0,0.0,0.0,0.0,0.5476218526832124,0.0,0.0,0.0,0.0,0.45112009049361207,0.0,0.0,0.0,0.0,0.0,0.35438268837238046,0.0,0.0,0.6091090876015604,0.0
352542206734778369,0.0,0.0,0.0,0.0,0.0,0.0,0.0,0.0,0.0,0.48910316046984587,0.0,0.0,0.0,0.0,0.0,0.3842207353458273,0.0,0.0,0.660394396292235,0.42075143053177444
352600079741362177,0.0,0.0,0.0,0.0,0.6904945251725012,0.0,0.0,0.0,0.0,0.5688157825603725,0.0,0.0,0.0,0.0,0.0,0.44683992236262104,0.0,0.0,0.0,0.0
352603552633470978,0.5285354464693196,0.0,0.0,0.0,0.0,0.0,0.0,0.0,0.0,0.0,0.0,0.0,0.0,0.0,0.0,0.0,0.8489112331837039,0.0,0.0,0.0
352612683616493568,0.0,0.0,0.0,0.0,0.0,0.0,0.0,0.0,0.0,0.7580911600560741,0.0,0.0,0.0,0.0,0.0,0.0,0.0,0.0,0.0,0.6521485973647692
352762298634473472,0.0,0.0,0.0,0.0,0.4228502712518139,0.6880064697585775,0.0,0.0,0.0,0.5897836431036445,0.0,0.0,0.0,0.0,0.0,0.0,0.0,0.0,0.0,0.0
352796817777369092,0.5469456186753971,0.7376328566143718,0.0,0.0,0.0,0.0,0.0,0.0,0.0,0.0,0.0,0.0,0.0,0.0,0.0,0.39591445926450897,0.0,0.0,0.0,0.0
352832884589072384,0.0,0.3770913612161196,0.4927058629434806,0.0,0.0,0.0,0.0,0.0,0.0,0.2576483485808739,0.0,0.5054872723734867,0.0,0.5021730329024793,0.0,0.202398687952221,0.0,0.0,0.0,0.0
352852388102684673,0.0,0.4633078681785086,0.6053559600602124,0.0,0.0,0.0,0.0,0.0,0.0,0.31655593152743694,0.0,0.0,0.0,0.0,0.0,0.24867423198148345,0.0,0.0,0.42741854927489525,0.27231752276051596
352856926331219969,0.0,0.0,0.0,0.0,0.6904945251725012,0.0,0.0,0.0,0.0,0.5688157825603725,0.0,0.0,0.0,0.0,0.0,0.44683992236262104,0.0,0.0,0.0,0.0
352861875630903296,0.0,0.0,0.0,0.0,0.0,0.0,0.0,0.0,0.0,0.0,0.0,0.0,0.0,0.0,0.0,0.6743233307436394,0.0,0.0,0.0,0.7384362163483076
352868754264293377,0.8100473663527271,0.0,0.0,0.0,0.0,0.0,0.0,0.0,0.0,0.0,0.0,0.0,0.0,0.0,0.0,0.5863644466242907,0.0,0.0,0.0,0.0
352957337981566976,0.0,0.0,0.0,0.0,0.6904945251725012,0.0,0.0,0.0,0.0,0.5688157825603725,0.0,0.0,0.0,0.0,0.0,0.44683992236262104,0.0,0.0,0.0,0.0
353009414443241473,0.8100473663527271,0.0,0.0,0.0,0.0,0.0,0.0,0.0,0.0,0.0,0.0,0.0,0.0,0.0,0.0,0.5863644466242907,0.0,0.0,0.0,0.0
353011381588590594,0.8100473663527271,0.0,0.0,0.0,0.0,0.0,0.0,0.0,0.0,0.0,0.0,0.0,0.0,0.0,0.0,0.5863644466242907,0.0,0.0,0.0,0.0
353074690413170689,0.0,0.0,0.0,0.0,0.45692195989064593,0.0,0.0,0.0,0.0,0.6373061966368704,0.0,0.0,0.0,0.0,0.0,0.6205345552811202,0.0,0.0,0.0,0.0
353165513851015170,0.0,0.0,0.0,0.0,0.0,0.0,0.0,0.0,0.0,0.0,0.0,0.0,0.0,0.0,0.0,0.44050596950060433,0.0,0.0,0.7571368409610656,0.48238811645171237
353176226124406784,0.0,0.0,0.0,0.0,0.7718352039949785,0.0,0.0,0.0,0.0,0.6358226308287792,0.0,0.0,0.0,0.0,0.0,0.0,0.0,0.0,0.0,0.0
353197629645135872,0.0,0.43703810280195704,0.5710320037186124,0.0,0.0,0.0,0.0,0.0,0.0,0.29860706723882646,0.0,0.0,0.0,0.5820041829391625,0.0,0.2345742907155804,0.0,0.0,0.0,0.0
353265988403335168,0.0,0.0,0.0,0.0,0.0,0.0,0.0,0.0,0.0,0.0,0.0,0.0,0.0,0.0,0.0,0.6743233307436394,0.0,0.0,0.0,0.7384362163483076
353320136897343488,0.0,0.0,0.0,0.0,0.0,0.0,0.0,0.0,0.0,1.0,0.0,0.0,0.0,0.0,0.0,0.0,0.0,0.0,0.0,0.0
353325488816664576,0.0,0.0,0.0,0.0,0.3316006723951971,0.5395370973957048,0.0,0.4907666918612373,0.0,0.2731660992082424,0.0,0.0,0.0,0.5324181167126089,0.0,0.0,0.0,0.0,0.0,0.0
353330295505813504,0.3689222669659446,0.0,0.0,0.0,0.0,0.0,0.0,0.0,0.0,0.0,0.6275272634197722,0.0,0.0,0.0,0.6856426872661884,0.0,0.0,0.0,0.0,0.0
353350927291387904,0.0,0.0,0.0,0.0,0.48079330512048685,0.7822837704708833,0.0,0.0,0.0,0.3960680499726995,0.0,0.0,0.0,0.0,0.0,0.0,0.0,0.0,0.0,0.0
353514098262155264,0.0,0.0,0.0,0.0,0.6904945251725012,0.0,0.0,0.0,0.0,0.5688157825603725,0.0,0.0,0.0,0.0,0.0,0.44683992236262104,0.0,0.0,0.0,0.0
353536558781038592,0.0,0.0,0.0,0.0,0.0,0.0,0.0,0.0,0.0,0.0,0.0,0.0,0.0,0.0,0.0,0.6743233307436394,0.0,0.0,0.0,0.7384362163483076
353540459466989568,0.31625025369917537,0.4265078100563197,0.5572731709584179,0.0,0.0,0.0,0.0,0.0,0.0,0.29141222584220355,0.0,0.0,0.0,0.5679809790440274,0.0,0.0,0.0,0.0,0.0,0.0
353568968151277570,0.5285354464693196,0.0,0.0,0.0,0.0,0.0,0.0,0.0,0.0,0.0,0.0,0.0,0.0,0.0,0.0,0.0,0.8489112331837039,0.0,0.0,0.0
353669425951539204,0.0,0.4094384316816228,0.0,0.0,0.0,0.0,0.0,0.0,0.0,0.27974954246659,0.0,0.0,0.5642290975140949,0.5452496667155309,0.0,0.37208693959457806,0.0,0.0,0.0,0.0
353722446152601600,0.5285354464693196,0.0,0.0,0.0,0.0,0.0,0.0,0.0,0.0,0.0,0.0,0.0,0.0,0.0,0.0,0.0,0.8489112331837039,0.0,0.0,0.0
354033101464272896,0.4519091355905787,0.0,0.0,0.0,0.0,0.0,0.0,0.0,0.0,0.0,0.0,0.8169789528093336,0.0,0.0,0.0,0.0,0.0,0.0,0.0,0.35822272936867144
354046170915545088,0.0,0.0,0.0,0.0,0.37668935086496486,0.6128994779098013,0.6214237874475826,0.0,0.0,0.3103092639885667,0.0,0.0,0.0,0.0,0.0,0.0,0.0,0.0,0.0,0.0
354243307393662977,0.0,0.0,0.0,0.0,0.7718352039949785,0.0,0.0,0.0,0.0,0.6358226308287792,0.0,0.0,0.0,0.0,0.0,0.0,0.0,0.0,0.0,0.0
354313666860023809,0.0,0.0,0.0,0.0,0.0,0.0,0.0,0.0,0.0,0.45110540545146055,0.0,0.0,0.0,0.0,0.0,0.35437115236494876,0.0,0.8191001157025992,0.0,0.0
354314602164654081,0.0,0.0,0.0,0.0,0.7215049666321032,0.0,0.0,0.0,0.0,0.0,0.0,0.0,0.0,0.0,0.0,0.4669077183393921,0.0,0.0,0.0,0.5113000740077303
354353156211224576,0.0,0.0,0.0,0.0,0.0,0.0,0.0,0.0,0.0,0.651339498978916,0.0,0.0,0.0,0.0,0.0,0.5116673975630356,0.0,0.0,0.0,0.5603153856007929
354376833048911873,0.0,0.0,0.0,0.0,0.3836716342280738,0.6242601330970032,0.0,0.0,0.0,0.5351380135589582,0.0,0.0,0.0,0.0,0.0,0.42038395516318594,0.0,0.0,0.0,0.0
354391747989733376,0.0,0.0,0.0,0.0,0.48079330512048685,0.7822837704708833,0.0,0.0,0.0,0.3960680499726995,0.0,0.0,0.0,0.0,0.0,0.0,0.0,0.0,0.0,0.0
354395665473880065,0.0,0.0,0.0,0.0,0.0,0.0,0.0,0.0,0.0,0.9071199087777293,0.0,0.0,0.0,0.0,0.0,0.42087227409165856,0.0,0.0,0.0,0.0
354409733177884672,0.0,0.0,0.0,0.0,0.7215049666321032,0.0,0.0,0.0,0.0,0.0,0.0,0.0,0.0,0.0,0.0,0.4669077183393921,0.0,0.0,0.0,0.5113000740077303
354421829542223872,0.3821354783293559,0.0,0.0,0.0,0.0,0.0,0.0,0.0,0.0,0.0,0.0,0.6908394151156426,0.0,0.0,0.0,0.0,0.6137698092319883,0.0,0.0,0.0
354426766267383808,0.0,0.0,0.0,0.0,0.0,0.0,0.0,0.0,0.0,1.0,0.0,0.0,0.0,0.0,0.0,0.0,0.0,0.0,0.0,0.0
354439470801616898,0.0,0.5612997480301294,0.7333917060079317,0.0,0.0,0.0,0.0,0.0,0.0,0.38350905911084937,0.0,0.0,0.0,0.0,0.0,0.0,0.0,0.0,0.0,0.0
354453345567649793,1.0,0.0,0.0,0.0,0.0,0.0,0.0,0.0,0.0,0.0,0.0,0.0,0.0,0.0,0.0,0.0,0.0,0.0,0.0,0.0
354608123765460994,0.0,0.0,0.0,0.0,0.47462389934303556,0.0,0.0,0.0,0.0,0.39098581507104446,0.0,0.0,0.0,0.0,0.7885824285296008,0.0,0.0,0.0,0.0,0.0
354641531375849472,0.3173870060786522,0.0,0.0,0.0,0.0,0.0,0.0,0.0,0.0,0.0,0.5398671134911914,0.0,0.0,0.0,0.589864313533629,0.0,0.50977355733955,0.0,0.0,0.0
354689577153343488,0.0,0.0,0.0,0.0,0.4590855157907433,0.746963704437094,0.0,0.0,0.0,0.3781856009088651,0.0,0.0,0.0,0.0,0.0,0.2970881429979354,0.0,0.0,0.0,0.0
354803305706295298,0.0,0.8811047908965759,0.0,0.0,0.0,0.0,0.0,0.0,0.0,0.0,0.0,0.0,0.0,0.0,0.0,0.47292107952501056,0.0,0.0,0.0,0.0
354987137847934978,0.0,0.0,0.0,0.7768481400770163,0.0,0.0,0.0,0.0,0.0,0.0,0.0,0.0,0.0,0.0,0.0,0.0,0.0,0.0,0.5310611485730421,0.3383504451528944
355084001108692995,0.0,0.5612997480301294,0.7333917060079317,0.0,0.0,0.0,0.0,0.0,0.0,0.38350905911084937,0.0,0.0,0.0,0.0,0.0,0.0,0.0,0.0,0.0,0.0
355108688761065472,0.0,0.0,0.0,0.5275278927496146,0.3242197891254515,0.0,0.0,0.47984303588930377,0.0,0.2670858730224979,0.0,0.0,0.0,0.5205673688182555,0.0,0.2098124461813064,0.0,0.0,0.0,0.0
355185180283109378,0.32258224923683027,0.0,0.0,0.587099704048042,0.0,0.0,0.0,0.0,0.0,0.0,0.0,0.0,0.0,0.5793531533987101,0.0,0.23350580462502135,0.0,0.0,0.4013472222868886,0.0
355385642844295168,0.45885345378881764,0.0,0.0,0.0,0.0,0.0,0.0,0.0,0.0,0.0,0.0,0.0,0.0,0.8240943078218489,0.0,0.33214767764008396,0.0,0.0,0.0,0.0
355423135748730880,0.0,0.5612997480301294,0.7333917060079317,0.0,0.0,0.0,0.0,0.0,0.0,0.38350905911084937,0.0,0.0,0.0,0.0,0.0,0.0,0.0,0.0,0.0,0.0
355472532058546177,0.0,0.6398121103816483,0.0,0.0,0.5306667019415434,0.0,0.0,0.0,0.0,0.437152771440442,0.0,0.0,0.0,0.0,0.0,0.34341049675484203,0.0,0.0,0.0,0.0
355502957535567873,1.0,0.0,0.0,0.0,0.0,0.0,0.0,0.0,0.0,0.0,0.0,0.0,0.0,0.0,0.0,0.0,0.0,0.0,0.0,0.0
355738488672485377,1.0,0.0,0.0,0.0,0.0,0.0,0.0,0.0,0.0,0.0,0.0,0.0,0.0,0.0,0.0,0.0,0.0,0.0,0.0,0.0
355765575496122368,0.0,0.7548687643379896,0.0,0.0,0.0,0.0,0.0,0.0,0.0,0.5157654365237523,0.0,0.0,0.0,0.0,0.0,0.40516559961860055,0.0,0.0,0.0,0.0
356249115857920000,0.0,0.7548687643379896,0.0,0.0,0.0,0.0,0.0,0.0,0.0,0.5157654365237523,0.0,0.0,0.0,0.0,0.0,0.40516559961860055,0.0,0.0,0.0,0.0
356443085615538177,0.3607130253305356,0.0,0.0,0.0,0.0,0.0,0.0,0.0,0.0,0.0,0.6135635550738745,0.6521110694390029,0.0,0.0,0.0,0.261107315786289,0.0,0.0,0.0,0.0
356478426842017792,0.0,0.7548687643379896,0.0,0.0,0.0,0.0,0.0,0.0,0.0,0.5157654365237523,0.0,0.0,0.0,0.0,0.0,0.40516559961860055,0.0,0.0,0.0,0.0
356633364423389184,0.0,0.0,0.0,0.0,0.38133352721154795,0.0,0.0,0.0,0.0,0.31413504494210875,0.0,0.0,0.6335814934403463,0.0,0.0,0.41782212210722,0.0,0.0,0.42414983203030826,0.0
356770161623183360,1.0,0.0,0.0,0.0,0.0,0.0,0.0,0.0,0.0,0.0,0.0,0.0,0.0,0.0,0.0,0.0,0.0,0.0,0.0,0.0
356933366219681792,0.0,0.0,0.0,0.0,0.0,0.0,0.0,0.0,0.0,0.0,0.0,0.0,0.0,0.0,0.0,0.44050596950060433,0.0,0.0,0.7571368409610656,0.48238811645171237
356958972420431872,0.0,0.0,0.0,0.0,0.3494470229653777,0.0,0.0,0.0,0.5539362114491906,0.28786757111765116,0.0,0.0,0.0,0.0,0.5806024146569776,0.0,0.0,0.0,0.3886830963384741,0.0
347686624563429378,0.0,0.0,0.0,0.0,0.46573707692285365,0.0,0.0,0.0,0.7382768058310991,0.38366502589006146,0.0,0.0,0.0,0.0,0.0,0.30139256968273775,0.0,0.0,0.0,0.0
347766337344503808,0.26304858383534674,0.0,0.0,0.4787484310911556,0.0,0.0,0.0,0.0,0.0,0.0,0.4474388583757655,0.47554948469658703,0.4888762594508323,0.0,0.0,0.19041150394747794,0.0,0.0,0.0,0.0
347783236191129600,0.0,0.0,0.0,0.0,0.4363461416333755,0.0,0.0,0.0,0.6916869015673707,0.0,0.0,0.0,0.0,0.0,0.0,0.0,0.0,0.0,0.4853392882451607,0.30922006753682335
347793432514801665,0.0,0.55941595659209,0.0,0.0,0.0,0.0,0.0,0.0,0.7354999418406003,0.3822219552336447,0.0,0.0,0.0,0.0,0.0,0.0,0.0,0.0,0.0,0.0
347804916514951168,0.4809347244406104,0.0,0.0,0.0,0.0,0.0,0.0,0.0,0.0,0.0,0.0,0.0,0.0,0.0,0.0,0.34813152325740515,0.0,0.804677720172314,0.0,0.0
347808955663257600,0.0,0.0,0.0,0.0,0.0,0.0,0.0,0.0,0.0,0.651339498978916,0.0,0.0,0.0,0.0,0.0,0.5116673975630356,0.0,0.0,0.0,0.5603153856007929
347812738900320256,0.43430830294530837,0.0,0.0,0.0,0.0,0.0,0.0,0.0,0.0,0.0,0.0,0.0,0.0,0.0,0.0,0.5322921471469928,0.0,0.7266645498979638,0.0,0.0
347815712670236672,0.0,0.0,0.0,0.0,0.0,0.0,0.0,0.0,0.0,0.0,0.0,0.0,0.0,0.0,0.0,0.0,0.0,0.0,0.0,1.0
347819248455913473,0.0,0.0,0.0,0.0,0.42397496900898196,0.6898364303523447,0.0,0.0,0.0,0.3492622243783983,0.0,0.0,0.0,0.0,0.0,0.0,0.0,0.0,0.4715790746362915,0.0
347828509512724480,0.3414456881437225,0.0,0.0,0.0,0.3819329433477039,0.0,0.6300741331315611,0.0,0.0,0.3146288321426397,0.0,0.0,0.0,0.0,0.0,0.2471603764136723,0.0,0.0,0.424816550887488,0.0
347831613293473793,0.5610975272956871,0.0,0.0,0.0,0.0,0.0,0.0,0.0,0.0,0.0,0.0,0.0,0.0,0.0,0.0,0.0,0.0,0.0,0.6981008240376992,0.44477500417688837
347834360541614080,0.0,0.0,0.0,0.8531802335396623,0.0,0.0,0.0,0.0,0.0,0.25512414556601304,0.0,0.0,0.0,0.0,0.0,0.20041577061101976,0.0,0.0,0.3444724338497231,0.2194707740325767
347834796774400000,0.5050099784619663,0.0,0.0,0.0,0.0,0.0,0.0,0.0,0.0,0.4653469212268607,0.0,0.0,0.0,0.0,0.0,0.36555874243982583,0.0,0.0,0.6283183670595179,0.0
347835581105057792,1.0,0.0,0.0,0.0,0.0,0.0,0.0,0.0,0.0,0.0,0.0,0.0,0.0,0.0,0.0,0.0,0.0,0.0,0.0,0.0
347839322420019200,0.0,0.0,0.0,0.0,0.0,0.0,0.0,0.0,0.8554467849743554,0.0,0.0,0.0,0.0,0.0,0.0,0.349225795411541,0.0,0.0,0.0,0.3824292639119234
347851469103431680,0.4508745580238867,0.6080675607482695,0.0,0.0,0.5043374481102644,0.0,0.0,0.0,0.0,0.41546325099344317,0.0,0.0,0.0,0.0,0.0,0.0,0.0,0.0,0.0,0.0
347852572230553601,0.0,0.0,0.0,0.0,0.48030448714458623,0.0,0.0,0.0,0.0,0.39566537135707686,0.0,0.0,0.0,0.0,0.0,0.3108195820850117,0.0,0.7184342008354984,0.0,0.0
347866593793024000,0.0,0.0,0.0,0.0,0.0,0.0,0.0,0.0,0.0,0.0,0.0,0.0,0.0,0.0,0.0,0.3641338288450811,0.0,0.8416657488842983,0.0,0.3987547138851836
347868816765763584,0.5198546864942543,0.0,0.0,0.0,0.0,0.0,0.0,0.0,0.0,0.0,0.0,0.0,0.0,0.0,0.0,0.3763042980359679,0.0,0.0,0.6467877104549276,0.412082319220433
347872579039662080,0.25228251124580864,0.0,0.0,0.7774156029894728,0.0,0.0,0.0,0.0,0.44733310953125893,0.0,0.0,0.0,0.0,0.0,0.0,0.18261832732781272,0.0,0.0,0.3138823830499402,0.0
347873627632439296,0.2996160899120899,0.0,0.0,0.0,0.0,0.0,0.0,0.0,0.0,0.0,0.509639243316322,0.5416576477510571,0.5568370343297183,0.0,0.0,0.21688141960396962,0.0,0.0,0.0,0.0
347880648901537792,0.3591886314309744,0.0,0.0,0.0,0.401779773425403,0.0,0.0,0.0,0.0,0.0,0.0,0.0,0.0,0.0,0.0,0.26000386131870856,0.0,0.6009777925431996,0.4468917922263388,0.28472434340423164
347881596789067778,0.0,0.0,0.0,0.0,0.0,0.0,0.0,0.0,0.6446877114397235,0.0,0.0,0.6573024347478278,0.0,0.0,0.0,0.26318595472462114,0.0,0.0,0.0,0.28820898186711513
347884541186297856,0.2948081425939347,0.0,0.0,0.0,0.3297653053869474,0.0,0.5440132686836335,0.0,0.0,0.0,0.0,0.0,0.0,0.0,0.0,0.3613195008097818,0.0,0.49325933856542786,0.36679150640668184,0.0
347887263289597953,0.0,0.0,0.0,0.0,0.7718352039949785,0.0,0.0,0.0,0.0,0.6358226308287792,0.0,0.0,0.0,0.0,0.0,0.0,0.0,0.0,0.0,0.0
347887946986295296,0.6816245938353874,0.0,0.0,0.0,0.0,0.0,0.0,0.0,0.0,0.0,0.0,0.0,0.0,0.0,0.0,0.4934037741143114,0.0,0.0,0.0,0.5403153049548908
347901205177044992,0.0,0.0,0.0,0.0,0.4641144351374109,0.0,0.765648801671526,0.0,0.0,0.0,0.0,0.0,0.0,0.0,0.0,0.3003425090334539,0.0,0.0,0.0,0.328898283460902
347901683310944256,0.0,0.0,0.0,0.0,0.0,0.0,0.0,0.0,0.0,0.0,0.0,0.0,0.8659323158310896,0.0,0.0,0.3372703652235808,0.0,0.0,0.0,0.36933714292142195
347903776277008384,0.0,0.0,0.0,0.0,0.5170594639537569,0.0,0.0,0.0,0.0,0.4259433969380527,0.0,0.0,0.0,0.0,0.0,0.0,0.7424430842433151,0.0,0.0,0.0
347904308957814784,0.0,0.6539591174655098,0.0,0.0,0.0,0.0,0.0,0.0,0.0,0.7565298888237869,0.0,0.0,0.0,0.0,0.0,0.0,0.0,0.0,0.0,0.0
347904782914174977,0.0,0.0,0.0,0.0,0.0,0.0,0.0,0.0,0.8554467849743554,0.0,0.0,0.0,0.0,0.0,0.0,0.349225795411541,0.0,0.0,0.0,0.3824292639119234
347905873420619776,0.0,0.5887259036514781,0.0,0.0,0.0,0.0,0.0,0.0,0.0,0.40224802910733437,0.0,0.0,0.0,0.0,0.0,0.0,0.7011407372625097,0.0,0.0,0.0
347907664409395200,0.0,0.0,0.0,0.0,0.3823942088822097,0.6221816742137057,0.0,0.0,0.606163410839269,0.3150088136000054,0.0,0.0,0.0,0.0,0.0,0.0,0.0,0.0,0.0,0.0
347911137267953664,0.6816245938353874,0.0,0.0,0.0,0.0,0.0,0.0,0.0,0.0,0.0,0.0,0.0,0.0,0.0,0.0,0.4934037741143114,0.0,0.0,0.0,0.5403153049548908
347912009691578368,0.0,0.0,0.0,0.0,0.5438205554033753,0.0,0.0,0.0,0.0,0.4479886567050024,0.0,0.0,0.0,0.0,0.0,0.5958570183054294,0.0,0.0,0.0,0.3853826419554667
347914475933941760,0.0,0.0,0.0,0.0,0.0,0.0,0.0,0.0,0.4235010289011341,0.0,0.0,0.0,0.7515679692637702,0.0,0.0,0.3628273343899696,0.0,0.0,0.2971600119536885,0.18932701553546444
347914811511808001,0.0,0.0,0.0,0.0,0.34518816193489327,0.0,0.5694563291451993,0.0,0.5471851528071804,0.0,0.0,0.0,0.0,0.0,0.0,0.22338171535965465,0.0,0.0,0.38394604842157726,0.24462026029808098
347915021206036481,0.0,0.0,0.0,0.0,0.0,0.0,0.0,0.0,0.0,0.0,0.0,0.6076029530260804,0.6246303875109671,0.0,0.0,0.4119192191447113,0.0,0.0,0.0,0.26641713040098836
347916199809658882,0.0,0.0,0.0,0.0,0.3509953848513183,0.0,0.5790364950059828,0.0,0.0,0.0,0.0,0.0,0.0,0.0,0.0,0.22713974521002825,0.0,0.5250150593256796,0.3904053090131533,0.24873559372510853
347916212405145600,0.0,0.0,0.0,0.0,0.0,0.0,0.0,0.0,0.0,0.0,0.0,0.0,0.0,0.0,0.8659323158310896,0.3372703652235808,0.0,0.0,0.0,0.36933714292142195
347917680411553794,0.47383101846090936,0.0,0.0,0.0,0.0,0.0,0.0,0.0,0.0,0.0,0.0,0.0,0.0,0.0,0.880615787925868,0.0,0.0,0.0,0.0,0.0
347918284366168065,0.0,0.0,0.0,0.0,0.0,0.0,0.0,0.0,0.0,0.0,0.0,0.0,0.0,0.0,0.0,0.44050596950060433,0.0,0.0,0.7571368409610656,0.48238811645171237
347918506660073472,0.5956148601050137,0.8032701528266095,0.0,0.0,0.0,0.0,0.0,0.0,0.0,0.0,0.0,0.0,0.0,0.0,0.0,0.0,0.0,0.0,0.0,0.0
347920062780407811,0.0,0.0,0.0,0.0,0.0,0.0,0.0,0.0,0.0,0.0,0.0,0.0,0.749157083308405,0.0,0.0,0.29178779735776056,0.0,0.0,0.5015216737537067,0.31953021233872503
347921186816147459,0.0,0.0,0.0,0.0,0.0,0.0,0.0,0.0,0.0,0.0,0.0,0.0,0.0,0.0,0.0,0.6743233307436394,0.0,0.0,0.0,0.7384362163483076
347921258152865793,0.8100473663527271,0.0,0.0,0.0,0.0,0.0,0.0,0.0,0.0,0.0,0.0,0.0,0.0,0.0,0.0,0.5863644466242907,0.0,0.0,0.0,0.0
347922013106606081,0.0,0.0,0.0,0.0,0.0,0.0,0.0,0.0,0.6761956605240281,0.0,0.0,0.0,0.0,0.0,0.0,0.27604869355773565,0.6125148784516071,0.0,0.0,0.30229467601820853
347922340274905089,0.0,0.0,0.0,0.0,0.0,0.0,0.0,0.0,0.0,0.0,0.0,0.0,0.9745471030736758,0.0,0.0,0.22418283585213766,0.0,0.0,0.0,0.0
347927046279794688,0.47383101846090936,0.0,0.0,0.0,0.0,0.0,0.0,0.0,0.0,0.0,0.0,0.0,0.0,0.0,0.880615787925868,0.0,0.0,0.0,0.0,0.0
347928778544128003,0.0,0.0,0.0,0.0,0.4827648113371225,0.0,0.0,0.0,0.0,0.3976921379423443,0.0,0.7802429752029043,0.0,0.0,0.0,0.0,0.0,0.0,0.0,0.0
347928887579254787,0.0,0.0,0.0,0.0,0.4590855157907433,0.746963704437094,0.0,0.0,0.0,0.3781856009088651,0.0,0.0,0.0,0.0,0.0,0.2970881429979354,0.0,0.0,0.0,0.0
347932788290379776,0.0,0.0,0.0,0.0,0.0,0.0,0.0,0.0,0.0,0.0,0.0,0.0,0.0,0.0,0.0,0.0,0.0,0.0,0.0,1.0
347933274821242881,0.0,0.5612997480301294,0.7333917060079317,0.0,0.0,0.0,0.0,0.0,0.0,0.38350905911084937,0.0,0.0,0.0,0.0,0.0,0.0,0.0,0.0,0.0,0.0
347934264676978688,0.0,0.0,0.0,0.0,0.0,0.0,0.0,0.0,0.0,0.0,0.0,0.0,0.0,0.0,0.0,0.0,0.0,0.0,0.8433718846901778,0.5373303119256697
347934679892099073,0.0,0.0,0.0,0.0,0.0,0.0,0.0,0.0,0.0,0.0,0.0,0.0,0.0,0.0,0.0,0.6390291373762734,0.0,0.0,0.64870691842177,0.4133050877691527
347935749439619072,0.0,0.0,0.0,0.8613380566793665,0.0,0.0,0.0,0.0,0.0,0.0,0.0,0.0,0.0,0.0,0.0,0.3425779890405286,0.0,0.0,0.0,0.37514940162655214
347938937114869760,0.0,0.3676492411711038,0.0,0.0,0.304932037262008,0.0,0.0,0.0,0.8184198957693072,0.2511970031327706,0.0,0.0,0.0,0.0,0.0,0.19733075772322992,0.0,0.0,0.0,0.0
347942951063789568,0.0,0.0,0.0,0.0,0.0,0.0,0.0,0.0,0.0,0.0,0.0,0.0,0.0,0.0,0.0,0.0,0.0,0.0,0.0,1.0
347944733642981377,0.6264749936159205,0.0,0.0,0.0,0.0,0.0,0.0,0.0,0.0,0.0,0.0,0.0,0.0,0.0,0.0,0.0,0.0,0.0,0.7794415195342961,0.0
347945157301256194,0.0,0.0,0.0,0.0,0.0,0.0,0.0,0.0,0.6446877114397235,0.0,0.0,0.6573024347478278,0.0,0.0,0.0,0.26318595472462114,0.0,0.0,0.0,0.28820898186711513
347948810540036096,0.0,0.0,0.0,0.0,0.0,0.0,0.0,0.0,0.0,0.651339498978916,0.0,0.0,0.0,0.0,0.0,0.5116673975630356,0.0,0.0,0.0,0.5603153856007929
347949078967091201,0.0,0.0,0.0,0.0,0.0,0.0,0.0,0.0,0.0,0.0,0.0,0.0,0.0,0.0,0.0,0.0,0.0,0.0,0.0,1.0
347950987362836480,0.0,0.0,0.0,0.0,0.0,0.0,0.0,0.0,0.0,1.0,0.0,0.0,0.0,0.0,0.0,0.0,0.0,0.0,0.0,0.0
347952103056093184,0.0,0.0,0.0,0.0,0.0,0.0,0.0,0.0,0.0,0.0,0.0,0.0,0.0,0.0,0.0,0.6743233307436394,0.0,0.0,0.0,0.7384362163483076
347961057878351873,0.0,0.0,0.0,0.0,0.0,0.0,0.918813145660248,0.0,0.0,0.0,0.0,0.0,0.0,0.0,0.0,0.0,0.0,0.0,0.0,0.394692796187009
347961531843084288,0.0,0.0,0.0,0.0,0.0,0.0,0.0,0.0,0.0,1.0,0.0,0.0,0.0,0.0,0.0,0.0,0.0,0.0,0.0,0.0
347962056114315264,0.0,0.8256760021294199,0.0,0.0,0.0,0.0,0.0,0.0,0.0,0.5641446086843142,0.0,0.0,0.0,0.0,0.0,0.0,0.0,0.0,0.0,0.0
347964547556052992,0.6664871524314513,0.0,0.0,0.0,0.7455165160100851,0.0,0.0,0.0,0.0,0.0,0.0,0.0,0.0,0.0,0.0,0.0,0.0,0.0,0.0,0.0
347964602077810688,0.0,0.0,0.0,0.0,0.0,0.0,0.0,0.0,0.0,0.0,0.0,0.0,0.0,0.0,0.0,0.6743233307436394,0.0,0.0,0.0,0.7384362163483076
347965080232669184,0.0,0.0,0.0,0.0,0.0,0.0,0.0,0.0,0.0,0.7863766072875608,0.0,0.0,0.0,0.0,0.0,0.6177473848677187,0.0,0.0,0.0,0.0
347966007148683265,0.0,0.0,0.0,0.0,0.7215049666321032,0.0,0.0,0.0,0.0,0.0,0.0,0.0,0.0,0.0,0.0,0.4669077183393921,0.0,0.0,0.0,0.5113000740077303
347966581772529664,0.0,0.0,0.0,0.0,0.0,0.0,0.0,0.0,0.0,0.4634723219153614,0.0,0.0,0.0,0.0,0.0,0.3640861289215424,0.8078580924551721,0.0,0.0,0.0
347968645370101760,0.26670350452898256,0.0,0.0,0.0,0.0,0.0,0.0,0.0,0.0,0.24575683651035654,0.0,0.0,0.0,0.0,0.8392404615476733,0.4051521512736036,0.0,0.0,0.0,0.0
347976702649053184,0.0,0.4439814922208449,0.5801042048540426,0.0,0.0,0.0,0.0,0.0,0.0,0.3033511505070323,0.0,0.0,0.0,0.0,0.6118313702010308,0.0,0.0,0.0,0.0,0.0
347979277955895299,0.0,0.0,0.0,0.0,0.0,0.0,0.0,0.0,0.0,0.0,0.0,0.0,0.0,0.0,0.0,0.6743233307436394,0.0,0.0,0.0,0.7384362163483076
347994360647917568,0.0,0.0,0.0,0.0,0.0,0.0,0.0,0.0,0.0,0.0,0.0,0.0,0.0,0.0,0.0,0.44050596950060433,0.0,0.0,0.7571368409610656,0.48238811645171237
348015923589963776,0.0,0.0,0.0,0.0,0.0,0.0,0.0,0.0,0.0,0.0,0.0,0.0,0.0,0.0,0.0,0.44050596950060433,0.0,0.0,0.7571368409610656,0.48238811645171237
348029991264600064,0.0,0.0,0.0,0.0,0.0,0.0,0.0,0.0,0.0,0.5338272656809037,0.0,0.0,0.0,0.0,0.0,0.7100285198252692,0.0,0.0,0.0,0.45922538197532947
348038375669915648,0.0,0.0,0.0,0.0,0.0,0.0,0.0,0.0,0.0,0.4194051905498363,0.0,0.0,0.0,0.0,0.8459016950310927,0.32946867602760005,0.0,0.0,0.0,0.0
348048823693750272,0.0,0.3592768079838207,0.0,0.48484673303856013,0.29798785562707275,0.0,0.49159006335578875,0.0,0.0,0.24547652314789267,0.0,0.0,0.0,0.0,0.4951035697696439,0.0,0.0,0.0,0.0,0.0
348049947792384001,0.5425616051267865,0.0,0.0,0.0,0.0,0.0,0.0,0.0,0.0,0.49994927484520735,0.0,0.0,0.0,0.0,0.0,0.0,0.0,0.0,0.675038982003259,0.0
348051789083447297,0.0,0.5612997480301294,0.7333917060079317,0.0,0.0,0.0,0.0,0.0,0.0,0.38350905911084937,0.0,0.0,0.0,0.0,0.0,0.0,0.0,0.0,0.0,0.0
348056482518024192,0.0,0.0,0.0,0.0,0.0,0.0,0.0,0.0,0.0,0.0,0.0,0.0,0.0,0.0,0.0,0.90886865505926,0.0,0.0,0.0,0.41708244730601157
348057631732146178,0.0,0.0,0.0,0.0,0.0,0.0,0.7843062681933175,0.0,0.0,0.0,0.0,0.0,0.0,0.0,0.0,0.5209158776426696,0.0,0.0,0.0,0.3369129354780537
348059787625394176,1.0,0.0,0.0,0.0,0.0,0.0,0.0,0.0,0.0,0.0,0.0,0.0,0.0,0.0,0.0,0.0,0.0,0.0,0.0,0.0
348060488044802049,0.0,0.8256760021294199,0.0,0.0,0.0,0.0,0.0,0.0,0.0,0.5641446086843142,0.0,0.0,0.0,0.0,0.0,0.0,0.0,0.0,0.0,0.0
348062132207747072,0.39099843171109794,0.0,0.0,0.0,0.0,0.0,0.0,0.0,0.6932963502521696,0.3602897450767768,0.0,0.0,0.0,0.0,0.0,0.0,0.0,0.0,0.4864685978755402,0.0
348067303813951488,0.31072696382738185,0.0,0.0,0.0,0.0,0.0,0.0,0.0,0.0,0.0,0.0,0.0,0.0,0.0,0.5774866132011932,0.2249241856266364,0.4990764797483507,0.5198939734274874,0.0,0.0
348068046209970177,0.45969964652716055,0.0,0.0,0.0,0.0,0.0,0.0,0.0,0.0,0.0,0.0,0.0,0.0,0.0,0.0,0.33276020643452964,0.7383500887865948,0.0,0.0,0.36439817011790915
348068713095897088,0.0,0.0,0.0,0.0,0.0,0.0,0.0,0.0,0.0,0.0,0.0,0.0,0.0,0.0,0.0,0.0,0.0,0.0,0.0,1.0
348069715530354688,0.0,0.0,0.0,0.0,0.42397496900898196,0.6898364303523447,0.0,0.0,0.0,0.3492622243783983,0.0,0.0,0.0,0.0,0.0,0.0,0.0,0.0,0.4715790746362915,0.0
348071133205118976,0.0,0.0,0.0,0.0,0.0,0.0,0.0,0.0,0.0,0.0,0.0,0.0,0.0,0.0,0.0,0.0,0.0,0.0,0.8433718846901778,0.5373303119256697
348072429249236992,0.0,0.0,0.0,0.0,0.0,0.0,0.0,0.0,0.0,0.0,0.0,0.0,0.0,0.0,0.0,0.6743233307436394,0.0,0.0,0.0,0.7384362163483076
348072861245767680,0.3675733804611181,0.4957242427530064,0.6477110481129278,0.0,0.0,0.0,0.0,0.0,0.0,0.33870447756986843,0.0,0.0,0.0,0.0,0.0,0.0,0.0,0.0,0.0,0.2913708292707413
348074333463252992,0.0,0.0,0.0,0.0,0.5170594639537569,0.0,0.0,0.0,0.0,0.4259433969380527,0.0,0.0,0.0,0.0,0.0,0.0,0.7424430842433151,0.0,0.0,0.0
348075121992400896,0.0,0.0,0.0,0.0,0.4620143578462783,0.0,0.0,0.0,0.0,0.6444089779819433,0.0,0.0,0.0,0.0,0.0,0.0,0.0,0.0,0.5138895436471218,0.3274100474486258
348075403019157507,0.5040453926806293,0.0,0.0,0.0,0.0,0.0,0.0,0.0,0.0,0.0,0.0,0.0,0.0,0.0,0.0,0.7657007565189804,0.0,0.0,0.0,0.39955048940489507
348076019577675776,0.315634584537778,0.42567749386629194,0.5561882835889373,0.0,0.0,0.0,0.0,0.5225282168613256,0.0,0.290844910816819,0.0,0.0,0.0,0.0,0.0,0.22847663752219666,0.0,0.0,0.0,0.0
348076518678855681,0.0,0.0,0.0,0.0,0.3240302192556467,0.5272194495351621,0.0,0.0,0.0,0.26692970909952407,0.0,0.0,0.0,0.0,0.5383726727020881,0.3550356424892979,0.0,0.0,0.3604124821518303,0.0
348077579858755586,0.0,0.0,0.0,0.0,0.45813179471383564,0.0,0.0,0.0,0.0,0.0,0.0,0.0,0.0,0.0,0.0,0.5019689720750244,0.6578291403011346,0.0,0.0,0.3246586390609274
348077827318509568,0.0,0.0,0.0,0.0,0.0,0.0,0.0,0.0,0.0,0.0,0.0,0.0,0.0,0.0,0.0,0.0,0.0,0.0,0.0,1.0
348078208974987264,0.8100473663527271,0.0,0.0,0.0,0.0,0.0,0.0,0.0,0.0,0.0,0.0,0.0,0.0,0.0,0.0,0.5863644466242907,0.0,0.0,0.0,0.0
348080608121073664,0.40744153678382616,0.0,0.0,0.0,0.0,0.0,0.0,0.0,0.0,0.0,0.6930475481576255,0.0,0.0,0.0,0.0,0.49936399783460805,0.0,0.0,0.0,0.3229738190048464
348081795121680384,0.3806136931257131,0.0,0.0,0.0,0.4257453326889111,0.0,0.0,0.0,0.0,0.0,0.0,0.0,0.0,0.0,0.0,0.2755127006364533,0.6113255823357698,0.0,0.4735482155690738,0.0
348083074371821570,0.0,0.0,0.0,0.0,0.7215049666321032,0.0,0.0,0.0,0.0,0.0,0.0,0.0,0.0,0.0,0.0,0.4669077183393921,0.0,0.0,0.0,0.5113000740077303
348083380577001473,0.0,0.53743942346378,0.7022159141052446,0.0,0.0,0.0,0.0,0.0,0.0,0.36720644957533083,0.0,0.0,0.0,0.0,0.0,0.2884633416476613,0.0,0.0,0.0,0.0
348085293175427072,0.0,0.0,0.0,0.0,0.0,0.0,0.0,0.0,0.0,1.0,0.0,0.0,0.0,0.0,0.0,0.0,0.0,0.0,0.0,0.0
348086199140880385,0.0,0.0,0.0,0.0,0.0,0.0,0.0,0.0,0.8554467849743554,0.0,0.0,0.0,0.0,0.0,0.0,0.349225795411541,0.0,0.0,0.0,0.3824292639119234
348086928966553602,0.0,0.0,0.0,0.0,0.0,0.0,0.0,0.0,0.0,0.0,0.0,0.0,0.0,0.0,0.0,0.0,0.0,0.0,0.0,1.0
348088204009811968,0.0,0.0,0.0,0.0,0.0,0.0,0.0,0.0,0.8771948904317947,0.0,0.0,0.0,0.0,0.0,0.0,0.21150210704144917,0.0,0.0,0.3635275076147459,0.23161117012093782
348088640238407680,0.0,0.0,0.0,0.6715029191292262,0.0,0.0,0.6808422952332857,0.0,0.0,0.0,0.0,0.0,0.0,0.0,0.0,0.0,0.0,0.0,0.0,0.2924681155654397
348090145985138689,0.0,0.0,0.0,0.0,0.0,0.0,0.0,0.0,0.0,0.0,0.0,0.0,0.0,0.0,0.0,0.8396806249449273,0.0,0.0,0.0,0.5430805171354393
348090158551269379,0.0,0.0,0.0,0.0,0.354252740987726,0.5763935707259396,0.5844101499359777,0.0,0.0,0.29182642692025673,0.0,0.0,0.0,0.0,0.0,0.22924767903142418,0.0,0.0,0.0,0.2510439443403359
348090431193620480,0.0,0.0,0.0,0.0,0.7718352039949785,0.0,0.0,0.0,0.0,0.6358226308287792,0.0,0.0,0.0,0.0,0.0,0.0,0.0,0.0,0.0,0.0
348090754142445568,0.0,0.0,0.0,0.0,0.0,0.0,0.0,0.0,0.0,0.0,0.0,0.0,0.0,0.0,0.0,0.6743233307436394,0.0,0.0,0.0,0.7384362163483076
348091181961461760,0.0,0.0,0.0,0.0,0.0,0.0,0.0,0.0,0.0,0.0,0.0,0.0,0.0,0.0,0.0,0.37469854595876656,0.8314056167990017,0.0,0.0,0.41032389646650813
348091618173276160,0.6491495320120559,0.0,0.0,0.0,0.0,0.0,0.0,0.0,0.0,0.5981658759648016,0.0,0.0,0.0,0.0,0.0,0.46989623314066953,0.0,0.0,0.0,0.0
348092062777880577,0.0,0.0,0.0,0.0,0.0,0.0,0.0,0.0,0.0,0.0,0.0,0.0,0.0,0.0,0.0,0.3641338288450811,0.0,0.8416657488842983,0.0,0.3987547138851836
348092075373371394,0.0,0.0,0.0,0.0,0.0,0.0,0.0,0.0,0.0,0.0,0.0,0.0,0.0,0.0,0.0,0.6743233307436394,0.0,0.0,0.0,0.7384362163483076
348093300097556482,0.6002794728811688,0.0,0.0,0.0,0.6714581963390012,0.0,0.0,0.0,0.0,0.0,0.0,0.0,0.0,0.0,0.0,0.4345209373628407,0.0,0.0,0.0,0.0
348094625510203392,0.3081993473888598,0.0,0.0,0.0,0.3447443853399056,0.0,0.568724231644156,0.0,0.0,0.0,0.0,0.0,0.0,0.0,0.0,0.22309453408301655,0.0,0.5156648825969475,0.38345244438523823,0.0
348095216911265792,0.2683601426239374,0.0,0.0,0.0,0.0,0.0,0.0,0.0,0.0,0.0,0.0,0.0,0.0,0.0,0.8444534328653273,0.4635528379514294,0.0,0.0,0.0,0.0
348095573414514688,0.0,0.0,0.0,0.0,0.0,0.0,0.0,0.0,0.0,0.0,0.0,0.0,0.0,0.0,0.0,0.3641338288450811,0.0,0.8416657488842983,0.0,0.3987547138851836
348096177377509376,0.5285354464693196,0.0,0.0,0.0,0.0,0.0,0.0,0.0,0.0,0.0,0.0,0.0,0.0,0.0,0.0,0.0,0.8489112331837039,0.0,0.0,0.0
348098094170263552,0.0,0.0,0.0,0.0,0.0,0.0,0.0,0.0,0.0,0.0,0.0,0.0,0.0,0.0,0.0,0.3641338288450811,0.0,0.8416657488842983,0.0,0.3987547138851836
348098622660952066,0.0,0.617051417948418,0.0,0.0,0.0,0.0,0.0,0.0,0.0,0.7138333699333994,0.0,0.0,0.0,0.0,0.0,0.3311940029308702,0.0,0.0,0.0,0.0
348099004363587584,0.0,0.0,0.0,0.0,0.3196465913330753,0.0,0.0,0.0,0.0,0.0,0.8229946887229098,0.0,0.0,0.0,0.0,0.206852991367405,0.0,0.0,0.3555366584584928,0.2265200287779254
348099193098874883,0.0,0.5509776658052427,0.0,0.0,0.0,0.0,0.0,0.0,0.0,0.37645647792579845,0.0,0.0,0.0,0.0,0.0,0.29572981011900035,0.0,0.6835554194200271,0.0,0.0
348100824670543872,0.4286238660131051,0.578059382697025,0.0,0.0,0.4794483586114275,0.0,0.0,0.0,0.0,0.39496010954281513,0.0,0.0,0.0,0.0,0.0,0.31026555537901646,0.0,0.0,0.0,0.0
348101281874857984,0.35857609590757245,0.0,0.0,0.0,0.0,0.0,0.0,0.0,0.0,0.0,0.0,0.0,0.0,0.0,0.6664143100101395,0.2595604686627526,0.0,0.5999529264575392,0.0,0.0
348101445456891904,0.4006665998172532,0.0,0.0,0.0,0.4481760323325774,0.0,0.0,0.0,0.0,0.0,0.0,0.0,0.7446395861539769,0.0,0.0,0.290028285803202,0.0,0.0,0.0,0.0
348102284279955456,0.0,0.0,0.0,0.0,0.0,0.0,0.0,0.0,0.6682466651181724,0.0,0.0,0.6813223708163683,0.0,0.0,0.0,0.0,0.0,0.0,0.0,0.298741061094059
348103039258857472,0.0,0.0,0.0,0.0,0.0,0.0,0.0,0.0,0.0,0.0,0.0,0.0,0.0,0.0,0.0,0.6743233307436394,0.0,0.0,0.0,0.7384362163483076
348103836210184192,0.0,0.0,0.0,0.0,0.0,0.0,0.0,0.0,0.0,0.5338272656809037,0.0,0.0,0.0,0.0,0.0,0.7100285198252692,0.0,0.0,0.0,0.45922538197532947
348109313946034176,0.4396926444282448,0.0,0.0,0.0,0.0,0.0,0.0,0.0,0.0,0.4051595554486459,0.0,0.0,0.0,0.0,0.0,0.3182778499679407,0.0,0.7356733808451531,0.0,0.0
348109871801040896,0.0,0.0,0.0,0.0,0.5627094735199124,0.0,0.0,0.0,0.0,0.0,0.0,0.0,0.0,0.0,0.0,0.36414634482081276,0.0,0.0,0.6258907534844901,0.39876841984691114
348112031859228672,0.0,0.49587068540862117,0.0,0.0,0.0,0.0,0.0,0.0,0.6519529090666206,0.573645942818351,0.0,0.0,0.0,0.0,0.0,0.0,0.0,0.0,0.0,0.0
348113927701409792,0.0,0.0,0.0,0.0,0.8699729193761783,0.0,0.0,0.0,0.0,0.0,0.0,0.0,0.0,0.0,0.0,0.33250849904124485,0.0,0.0,0.0,0.3641225310488603
348114510676103168,0.0,0.0,0.0,0.0,0.0,0.0,0.0,0.0,0.0,0.0,0.0,0.0,0.0,0.0,0.0,0.0,0.0,0.0,0.0,1.0
348115232121552898,0.0,0.0,0.0,0.0,0.4365630200694843,0.7103180550788412,0.0,0.0,0.0,0.3596320127747665,0.0,0.0,0.0,0.0,0.0,0.28251315380886743,0.0,0.0,0.0,0.3093737601176946
348115659948949505,0.0,0.0,0.0,0.0,0.0,0.0,0.0,0.0,0.0,0.0,0.0,0.0,0.0,0.0,0.0,0.0,0.0,0.0,0.0,1.0
348116553318928387,0.0,0.0,0.0,0.0,0.0,0.0,0.0,0.0,0.0,0.0,0.0,0.0,0.0,0.0,0.0,0.6743233307436394,0.0,0.0,0.0,0.7384362163483076
348117073395859456,0.0,0.0,0.0,0.0,0.0,0.0,0.48230376923379586,0.0,0.0,0.0,0.0,0.0,0.0,0.0,0.0,0.0,0.4197964867972186,0.7404252003368169,0.0,0.20718230272339988
348117203448627200,0.5130267533098649,0.0,0.0,0.0,0.0,0.0,0.0,0.0,0.0,0.0,0.0,0.0,0.0,0.0,0.0,0.0,0.0,0.8583726174502183,0.0,0.0
348117555778551809,0.0,0.8621102330940634,0.0,0.0,0.0,0.0,0.0,0.0,0.0,0.0,0.0,0.0,0.0,0.0,0.0,0.0,0.0,0.0,0.0,0.506720777149013
348118088450969601,0.3676899628260376,0.0,0.0,0.0,0.41128915847502184,0.0,0.0,0.0,0.6519670888092012,0.33881190365429925,0.0,0.0,0.0,0.0,0.0,0.2661576724242006,0.0,0.0,0.0,0.2914632426557975
348120638554259456,0.0,0.0,0.0,0.0,0.0,0.0,0.0,0.0,0.0,0.651339498978916,0.0,0.0,0.0,0.0,0.0,0.5116673975630356,0.0,0.0,0.0,0.5603153856007929
348120852472152064,0.0,0.0,0.0,0.0,0.0,0.0,0.6828960575302658,0.0,0.0,0.0,0.0,0.6690280628967762,0.0,0.0,0.0,0.0,0.0,0.0,0.0,0.29335034628615503
348121355797020673,0.0,0.6015127679714646,0.0,0.0,0.0,0.0,0.0,0.0,0.0,0.0,0.0,0.0,0.0,0.0,0.0,0.0,0.7163692016820037,0.0,0.0,0.3535499354388226
348121724904157185,0.0,0.0,0.0,0.0,0.0,0.0,0.0,0.0,0.0,0.0,0.0,0.0,0.0,0.0,0.0,0.0,0.0,0.9037083693380656,0.0,0.42814855271077884
348121913643638785,0.5651909123924582,0.0,0.0,0.0,0.0,0.0,0.0,0.0,0.0,0.0,0.0,0.0,0.0,0.0,0.0,0.6927030458895799,0.0,0.0,0.0,0.4480197794342111
348123700425523200,1.0,0.0,0.0,0.0,0.0,0.0,0.0,0.0,0.0,0.0,0.0,0.0,0.0,0.0,0.0,0.0,0.0,0.0,0.0,0.0
348124962902650880,0.0,0.0,0.0,0.0,0.0,0.0,0.0,0.0,0.0,0.0,0.0,0.0,0.0,0.0,0.0,0.6743233307436394,0.0,0.0,0.0,0.7384362163483076
348125923394064386,0.0,0.0,0.0,0.0,0.815899619930592,0.0,0.0,0.0,0.0,0.0,0.0,0.0,0.0,0.0,0.0,0.0,0.0,0.0,0.0,0.5781935750223411
348126846128373763,0.0,0.0,0.0,0.499023076745704,0.0,0.0,0.0,0.0,0.4861755702945756,0.0,0.46638756654169794,0.0,0.0,0.0,0.0,0.1984752917750138,0.0,0.45875950503329127,0.0,0.21734579958154596
348127290745565185,0.0,0.0,0.0,0.0,0.0,0.0,0.0,0.0,0.0,0.3945131762046244,0.0,0.0,0.7956967915110659,0.0,0.0,0.3099144616431157,0.0,0.0,0.0,0.33938031210486
348129400480481281,0.0,0.0,0.0,0.0,0.0,0.0,0.0,0.0,0.0,0.0,0.0,0.0,0.0,0.0,0.0,0.0,0.0,0.9037083693380656,0.0,0.42814855271077884
348129597616963585,0.6816245938353874,0.0,0.0,0.0,0.0,0.0,0.0,0.0,0.0,0.0,0.0,0.0,0.0,0.0,0.0,0.4934037741143114,0.0,0.0,0.0,0.5403153049548908
348129736037376000,0.0,0.0,0.0,0.0,0.0,0.0,0.0,0.0,0.0,0.0,0.0,0.0,0.0,0.0,0.0,0.23894169604083393,0.0,0.9351155528311633,0.0,0.26165964294555905
348129949913321474,0.0,0.0,0.0,0.0,0.0,0.0,0.0,0.0,0.0,0.0,0.0,0.0,0.0,0.0,0.0,0.0,0.0,0.0,0.0,1.0
348130319041437696,0.0,0.0,0.0,0.0,0.0,0.0,0.0,0.0,0.0,0.0,0.0,0.0,0.0,0.0,0.0,0.6743233307436394,0.0,0.0,0.0,0.7384362163483076
348130566509563904,0.0,0.0,0.0,0.0,0.0,0.0,0.0,0.0,0.0,0.0,0.0,0.0,0.0,0.0,0.0,0.6743233307436394,0.0,0.0,0.0,0.7384362163483076
348131443081351168,0.0,0.0,0.0,0.0,0.5627094735199124,0.0,0.0,0.0,0.0,0.0,0.0,0.0,0.0,0.0,0.0,0.36414634482081276,0.0,0.0,0.6258907534844901,0.39876841984691114
348133015949545472,0.0,0.0,0.0,0.0,0.0,0.0,0.0,0.0,0.0,0.0,0.0,0.0,0.0,0.0,0.0,0.0,0.8967357793228998,0.0,0.0,0.44256631376795
348133288575107075,0.0,0.0,0.0,0.0,0.0,0.0,0.8441810687196825,0.0,0.0,0.42154357686151894,0.0,0.0,0.0,0.0,0.0,0.33114851052373967,0.0,0.0,0.0,0.0
348133984833773568,0.346061339875216,0.0,0.0,0.0,0.0,0.0,0.0,0.0,0.0,0.0,0.0,0.6256231812830452,0.0,0.0,0.0,0.42413587858563373,0.5558290569783526,0.0,0.0,0.0
348135280877899776,0.30392423694055115,0.0,0.0,0.0,0.0,0.0,0.0,0.0,0.0,0.0,0.0,0.5494460839004198,0.5648437332205843,0.0,0.0,0.2199999338455427,0.4881502281429219,0.0,0.0,0.0
348136853771272196,0.41470871429596123,0.0,0.0,0.7547698734363727,0.0,0.0,0.0,0.0,0.0,0.0,0.0,0.0,0.0,0.0,0.0,0.5082707157016156,0.0,0.0,0.0,0.0
348138086863085568,0.0,0.0,0.0,0.0,0.0,0.0,0.0,0.0,0.0,0.0,0.0,0.0,0.0,0.0,0.8659323158310896,0.3372703652235808,0.0,0.0,0.0,0.36933714292142195
348138284007964673,0.0,0.0,0.0,0.0,0.7718352039949785,0.0,0.0,0.0,0.0,0.6358226308287792,0.0,0.0,0.0,0.0,0.0,0.0,0.0,0.0,0.0,0.0
348139420685320194,0.0,0.0,0.0,0.0,0.0,0.0,0.0,0.0,0.0,0.0,0.0,0.0,0.0,0.0,0.0,0.0,0.0,0.0,0.0,1.0
348139739427270656,0.0,0.0,0.0,0.0,0.0,0.0,0.0,0.0,0.0,0.0,0.0,0.0,0.0,0.0,0.0,0.0,1.0,0.0,0.0,0.0
348141270339829760,0.0,0.0,0.0,0.0,0.0,0.0,0.0,0.0,0.0,0.0,0.0,0.0,0.0,0.0,0.0,0.6743233307436394,0.0,0.0,0.0,0.7384362163483076
348141509436129281,0.0,0.53743942346378,0.7022159141052446,0.0,0.0,0.0,0.0,0.0,0.0,0.36720644957533083,0.0,0.0,0.0,0.0,0.0,0.2884633416476613,0.0,0.0,0.0,0.0
348142327308619781,0.0,0.0,0.0,0.0,0.0,0.0,0.0,0.0,0.0,0.0,0.0,0.0,0.0,0.0,0.0,0.44050596950060433,0.0,0.0,0.7571368409610656,0.48238811645171237
348142507672092673,0.0,0.0,0.0,0.0,0.0,0.0,0.0,0.0,0.0,0.48910316046984587,0.0,0.0,0.0,0.0,0.0,0.3842207353458273,0.0,0.0,0.660394396292235,0.42075143053177444
348142755119239168,0.4004447929418583,0.5400559515394112,0.0,0.0,0.0,0.0,0.0,0.0,0.0,0.0,0.6811462672940215,0.0,0.0,0.0,0.0,0.2898677277035763,0.0,0.0,0.0,0.0
348144160219475968,0.0,0.0,0.0,0.0,0.0,0.0,0.918813145660248,0.0,0.0,0.0,0.0,0.0,0.0,0.0,0.0,0.0,0.0,0.0,0.0,0.394692796187009
348145020072759296,0.0,0.0,0.0,0.0,0.0,0.0,0.0,0.0,0.0,0.0,0.0,0.0,0.0,0.0,0.0,0.2210276616810917,0.0,0.86500768793644,0.37989992671371353,0.24204238939813472
348145074569355264,0.30392423694055115,0.0,0.0,0.0,0.0,0.0,0.0,0.0,0.0,0.0,0.0,0.5494460839004198,0.5648437332205843,0.0,0.0,0.2199999338455427,0.4881502281429219,0.0,0.0,0.0
348149650592772097,0.0,0.0,0.0,0.0,0.0,0.0,0.0,0.0,0.0,0.0,0.0,0.0,0.0,0.0,0.0,0.6743233307436394,0.0,0.0,0.0,0.7384362163483076
348149914821328896,0.6353281717706671,0.0,0.0,0.0,0.0,0.0,0.0,0.0,0.0,0.5854300336848416,0.0,0.0,0.0,0.0,0.0,0.0,0.0,0.0,0.0,0.5036167092286621
348150254568349696,0.313456059826542,0.0,0.0,0.0,0.0,0.0,0.0,0.0,0.0,0.0,0.0,0.0,0.0,0.0,0.0,0.22689968105048708,0.0,0.8879882590541285,0.0,0.24847270489779047
348151995196129280,0.0,0.0,0.0,0.0,0.0,0.0,0.0,0.0,0.0,0.9071199087777293,0.0,0.0,0.0,0.0,0.0,0.42087227409165856,0.0,0.0,0.0,0.0
348154868306935809,0.0,0.0,0.0,0.0,0.0,0.0,0.0,0.0,0.0,0.0,0.0,0.0,0.0,0.0,0.0,0.4815436832527186,0.0,0.6573847195051961,0.48883642478481193,0.3114481682143646
348156944449679362,0.0,0.7824071736830985,0.0,0.0,0.0,0.0,0.0,0.0,0.0,0.0,0.0,0.0,0.0,0.0,0.0,0.41994646837615024,0.0,0.0,0.0,0.45987387212976644
348158001452044289,0.0,0.0,0.0,0.0,0.0,0.0,0.0,0.0,0.0,0.0,0.0,0.0,0.0,0.0,0.0,0.3150205003864933,0.6989880698842752,0.0,0.5414537895388872,0.3449718195587539
348163105903214592,0.0,0.0,0.0,0.0,0.0,0.0,0.0,0.0,0.7334601219261843,0.0,0.0,0.0,0.0,0.0,0.0,0.2994262167809727,0.0,0.0,0.5146505054891382,0.3278948725552682
348163303027122177,0.0,0.0,0.0,0.0,0.0,0.0,0.0,0.0,0.0,0.0,0.0,0.0,0.0,0.0,0.0,0.3150205003864933,0.6989880698842752,0.0,0.5414537895388872,0.3449718195587539
348163869258166272,0.0,0.5887259036514781,0.0,0.0,0.0,0.0,0.0,0.0,0.0,0.40224802910733437,0.0,0.0,0.0,0.0,0.0,0.0,0.7011407372625097,0.0,0.0,0.0
348165517636419584,0.35857609590757245,0.0,0.0,0.0,0.0,0.0,0.0,0.0,0.0,0.0,0.0,0.0,0.0,0.0,0.6664143100101395,0.2595604686627526,0.0,0.5999529264575392,0.0,0.0
348166079681540097,0.40951742322628387,0.5522916655943375,0.0,0.0,0.0,0.0,0.0,0.0,0.726133180752083,0.0,0.0,0.0,0.0,0.0,0.0,0.0,0.0,0.0,0.0,0.0
348168990511742976,0.0,0.4581193058118378,0.5985766079953386,0.0,0.0,0.0,0.0,0.0,0.0,0.3130108369886219,0.5778035669074367,0.0,0.0,0.0,0.0,0.0,0.0,0.0,0.0,0.0
348170034893422592,0.0,0.7824071736830985,0.0,0.0,0.0,0.0,0.0,0.0,0.0,0.0,0.0,0.0,0.0,0.0,0.0,0.41994646837615024,0.0,0.0,0.0,0.45987387212976644
348170517230014464,0.0,0.0,0.0,0.0,0.0,0.0,0.0,0.0,0.0,0.0,0.0,0.0,0.0,0.0,0.0,0.44050596950060433,0.0,0.0,0.7571368409610656,0.48238811645171237
348170575962845184,0.0,0.0,0.0,0.0,0.0,0.0,0.0,0.0,0.0,0.0,0.0,0.0,0.0,0.0,0.0,0.0,0.0,0.0,0.8433718846901778,0.5373303119256697
348171003781857281,0.0,0.0,0.0,0.0,0.0,0.0,0.0,0.0,0.0,0.0,0.0,0.0,0.0,0.0,0.0,0.0,0.0,0.0,0.8433718846901778,0.5373303119256697
348171955893043201,0.0,0.0,0.0,0.0,0.4228502712518139,0.6880064697585775,0.0,0.0,0.0,0.5897836431036445,0.0,0.0,0.0,0.0,0.0,0.0,0.0,0.0,0.0,0.0
348172421444009984,0.0,0.0,0.0,0.0,0.0,0.0,0.0,0.0,0.0,0.0,0.0,0.0,0.0,0.0,0.0,0.0,0.0,0.0,0.0,1.0
348172870234542080,0.5198546864942543,0.0,0.0,0.0,0.0,0.0,0.0,0.0,0.0,0.0,0.0,0.0,0.0,0.0,0.0,0.3763042980359679,0.0,0.0,0.6467877104549276,0.412082319220433
348172924781461504,0.4126955754975703,0.0,0.0,0.0,0.0,0.0,0.0,0.0,0.0,0.0,0.0,0.0,0.0,0.0,0.0,0.2987356330043962,0.0,0.6905031347088655,0.5134635376493859,0.0
348174715719913472,0.0,0.0,0.0,0.0,0.0,0.0,0.0,0.0,0.0,0.0,0.0,0.0,0.0,0.0,0.0,0.6743233307436394,0.0,0.0,0.0,0.7384362163483076
348175114178789376,0.0,0.0,0.0,0.0,0.48079330512048685,0.7822837704708833,0.0,0.0,0.0,0.3960680499726995,0.0,0.0,0.0,0.0,0.0,0.0,0.0,0.0,0.0,0.0
348176225677750272,0.0,0.0,0.0,0.0,0.0,0.0,0.0,0.0,0.0,0.0,0.0,0.0,0.0,0.0,0.0,0.6743233307436394,0.0,0.0,0.0,0.7384362163483076
348177437844176896,0.0,0.0,0.0,0.0,0.5408980242081285,0.0,0.0,0.0,0.0,0.4455811330994154,0.0,0.0,0.0,0.0,0.0,0.0,0.0,0.0,0.6016303045552291,0.3833115676239971
348177597219340288,0.43979788776622025,0.5931291177935102,0.0,0.0,0.0,0.0,0.0,0.0,0.0,0.4052565330637332,0.0,0.0,0.0,0.0,0.0,0.5390202314858195,0.0,0.0,0.0,0.0
348178062791290882,0.0,0.29859144819655,0.0,0.8456387329457982,0.0,0.0,0.0,0.0,0.39257727670217196,0.2040131422796541,0.0,0.0,0.0,0.0,0.0,0.0,0.0,0.0,0.0,0.0
348180801688576000,0.31608515549360494,0.0,0.0,0.0,0.0,0.0,0.0,0.8859801181617624,0.0,0.0,0.0,0.0,0.0,0.0,0.0,0.22880278979446192,0.0,0.0,0.0,0.25055675620690115
348181946729373696,0.5420436087547899,0.0,0.0,0.0,0.6063169578740931,0.0,0.0,0.0,0.0,0.0,0.0,0.0,0.0,0.0,0.0,0.3923660688199037,0.0,0.0,0.0,0.4296712008515395
348187235729932288,0.8100473663527271,0.0,0.0,0.0,0.0,0.0,0.0,0.0,0.0,0.0,0.0,0.0,0.0,0.0,0.0,0.5863644466242907,0.0,0.0,0.0,0.0
348188443685302275,0.5386017648273796,0.7263799997691309,0.0,0.0,0.0,0.0,0.0,0.0,0.0,0.0,0.0,0.0,0.0,0.0,0.0,0.0,0.0,0.0,0.0,0.42694289414420417
348190331113701377,0.41308351775323654,0.0,0.0,0.7518120156760313,0.0,0.0,0.0,0.0,0.0,0.0,0.0,0.0,0.0,0.0,0.0,0.0,0.0,0.0,0.5139462038440935,0.0
348194420568489984,0.0,0.0,0.0,0.0,0.44254021011250994,0.0,0.0,0.6549564371017214,0.0,0.36455590414231404,0.0,0.0,0.0,0.0,0.0,0.0,0.0,0.0,0.4922288295981602,0.0
348194529641377794,0.0,0.0,0.0,0.0,0.815899619930592,0.0,0.0,0.0,0.0,0.0,0.0,0.0,0.0,0.0,0.0,0.0,0.0,0.0,0.0,0.5781935750223411
348196391912361984,0.0,0.0,0.0,0.0,0.0,0.0,0.0,0.6615434271524304,0.0,0.0,0.6797213711647956,0.0,0.0,0.0,0.0,0.0,0.0,0.0,0.0,0.3167635578365464
348197813773008896,0.4223372928818409,0.0,0.0,0.0,0.0,0.0,0.0,0.0,0.0,0.0,0.0,0.0,0.0,0.0,0.7849146076372864,0.3057149289238324,0.0,0.0,0.0,0.3347814988794024
348199046910967809,0.0,0.8256760021294199,0.0,0.0,0.0,0.0,0.0,0.0,0.0,0.5641446086843142,0.0,0.0,0.0,0.0,0.0,0.0,0.0,0.0,0.0,0.0
348199252431876096,0.0,0.0,0.0,0.0,0.0,0.0,0.0,0.0,0.0,0.0,0.0,0.0,0.8018170326171278,0.0,0.0,0.18444836133596745,0.0,0.42633739542053484,0.317027825481416,0.20198522555399812
348199323735048192,0.0,0.0,0.0,0.0,0.0,0.0,0.5052887208831325,0.0,0.0,0.0,0.0,0.0,0.508900134729768,0.0,0.0,0.3355996607143034,0.0,0.45814761255819214,0.340682152020836,0.21705590420543008
348199478903324672,0.0,0.0,0.0,0.0,0.0,0.0,0.0,0.0,0.0,0.0,0.0,0.0,0.0,0.0,0.0,0.6743233307436394,0.0,0.0,0.0,0.7384362163483076
348200057721470976,0.0,0.5612997480301294,0.7333917060079317,0.0,0.0,0.0,0.0,0.0,0.0,0.38350905911084937,0.0,0.0,0.0,0.0,0.0,0.0,0.0,0.0,0.0,0.0
348201341174292480,0.0,0.8621102330940634,0.0,0.0,0.0,0.0,0.0,0.0,0.0,0.0,0.0,0.0,0.0,0.0,0.0,0.0,0.0,0.0,0.0,0.506720777149013
348201815147417600,0.0,0.0,0.0,0.0,0.0,0.0,0.0,0.0,0.0,0.7863766072875608,0.0,0.0,0.0,0.0,0.0,0.6177473848677187,0.0,0.0,0.0,0.0
348203450892439554,0.0,0.0,0.0,0.0,0.6904945251725012,0.0,0.0,0.0,0.0,0.5688157825603725,0.0,0.0,0.0,0.0,0.0,0.44683992236262104,0.0,0.0,0.0,0.0
348204600165273600,0.2800989166300249,0.0,0.0,0.0,0.0,0.0,0.0,0.0,0.0,0.0,0.47644103481535804,0.5063737410229007,0.5205643331804809,0.0,0.0,0.34329174168543963,0.0,0.0,0.0,0.22203091397408628
348207041237630978,0.0,0.0,0.0,0.0,0.48079330512048685,0.7822837704708833,0.0,0.0,0.0,0.3960680499726995,0.0,0.0,0.0,0.0,0.0,0.0,0.0,0.0,0.0,0.0
348208320517120000,0.0,0.0,0.0,0.0,0.0,0.0,0.0,0.0,0.0,0.0,0.0,0.0,0.0,0.0,0.0,0.6743233307436394,0.0,0.0,0.0,0.7384362163483076
348208542802644992,0.0,0.0,0.0,0.0,0.0,0.0,0.8643827007472807,0.0,0.0,0.0,0.0,0.0,0.0,0.0,0.0,0.33907304307246616,0.0,0.0,0.0,0.3713112146305497
348211671757639680,0.0,0.8256760021294199,0.0,0.0,0.0,0.0,0.0,0.0,0.0,0.5641446086843142,0.0,0.0,0.0,0.0,0.0,0.0,0.0,0.0,0.0,0.0
348212342854660096,0.0,0.0,0.0,0.0,0.0,0.0,0.5052887208831325,0.0,0.0,0.0,0.0,0.0,0.508900134729768,0.0,0.0,0.3355996607143034,0.0,0.45814761255819214,0.340682152020836,0.21705590420543008
348216906244816896,0.5610975272956871,0.0,0.0,0.0,0.0,0.0,0.0,0.0,0.0,0.0,0.0,0.0,0.0,0.0,0.0,0.0,0.0,0.0,0.6981008240376992,0.44477500417688837
348217606676824065,0.0,0.0,0.0,0.0,0.0,0.0,0.0,0.0,0.0,0.7580911600560741,0.0,0.0,0.0,0.0,0.0,0.0,0.0,0.0,0.0,0.6521485973647692
348218403619741697,0.0,0.0,0.0,0.0,0.33977511975896346,0.0,0.0,0.5028648171802605,0.0,0.2799000478562172,0.5166825774622091,0.0,0.0,0.0,0.0,0.21987877180621548,0.487881385893263,0.0,0.0,0.0
348221293478412288,0.0,0.0,0.0,0.0,0.922460694183102,0.0,0.0,0.0,0.0,0.0,0.0,0.0,0.0,0.0,0.0,0.0,0.0,0.0,0.0,0.3860910095913005
348222367211859968,0.0,0.0,0.0,0.0,0.0,0.0,0.0,0.0,0.0,0.0,0.0,0.0,0.0,0.0,0.0,0.6743233307436394,0.0,0.0,0.0,0.7384362163483076
348222744695025664,0.0,0.0,0.0,0.0,0.7718352039949785,0.0,0.0,0.0,0.0,0.6358226308287792,0.0,0.0,0.0,0.0,0.0,0.0,0.0,0.0,0.0,0.0
348222950220120065,0.4422139195375756,0.0,0.0,0.0,0.0,0.0,0.0,0.7320783658280344,0.0,0.4074828117400686,0.0,0.0,0.0,0.0,0.0,0.32010291124914314,0.0,0.0,0.0,0.0
348225148060581888,0.0,0.0,0.0,0.0,0.0,0.0,0.0,0.0,0.0,0.4030427537042409,0.0,0.0,0.0,0.7855559840838439,0.0,0.3166149714822746,0.0,0.0,0.0,0.34671788876526793
348225663955771393,0.0,0.0,0.0,0.0,0.7718352039949785,0.0,0.0,0.0,0.0,0.6358226308287792,0.0,0.0,0.0,0.0,0.0,0.0,0.0,0.0,0.0,0.0
348229426242273280,0.0,0.0,0.0,0.0,0.0,0.0,0.6374171655672222,0.0,0.0,0.0,0.0,0.0,0.0,0.0,0.0,0.0,0.0,0.5779490824529531,0.42976746308708647,0.27381406611737075
348234065134096386,0.8100473663527271,0.0,0.0,0.0,0.0,0.0,0.0,0.0,0.0,0.0,0.0,0.0,0.0,0.0,0.0,0.5863644466242907,0.0,0.0,0.0,0.0
348234375508393985,0.0,0.7548687643379896,0.0,0.0,0.0,0.0,0.0,0.0,0.0,0.5157654365237523,0.0,0.0,0.0,0.0,0.0,0.40516559961860055,0.0,0.0,0.0,0.0
348236158087598081,0.0,0.0,0.0,0.0,0.0,0.0,0.0,0.0,0.0,0.0,0.0,0.0,0.0,0.0,0.9198269751314173,0.0,0.0,0.0,0.0,0.3923242738100551
348241023480242176,0.0,0.0,0.0,0.0,0.0,0.0,0.0,0.0,0.6446877114397235,0.0,0.0,0.6573024347478278,0.0,0.0,0.0,0.26318595472462114,0.0,0.0,0.0,0.28820898186711513
348241593905582082,0.0,0.0,0.0,0.0,0.0,0.0,0.0,0.0,0.0,0.48910316046984587,0.0,0.0,0.0,0.0,0.0,0.3842207353458273,0.0,0.0,0.660394396292235,0.42075143053177444
348246358647508993,0.0,0.0,0.0,0.0,0.5826755113697509,0.0,0.0,0.0,0.0,0.8127048962876988,0.0,0.0,0.0,0.0,0.0,0.0,0.0,0.0,0.0,0.0
348246627074580480,0.0,0.0,0.0,0.0,0.832835877967682,0.0,0.0,0.0,0.0,0.5535200090058174,0.0,0.0,0.0,0.0,0.0,0.0,0.0,0.0,0.0,0.0
348248162185641984,0.34121515277250325,0.0,0.0,0.0,0.38167507202018996,0.6210115890858264,0.0,0.0,0.0,0.31441640282479233,0.0,0.0,0.0,0.0,0.0,0.0,0.0,0.0,0.42452972564804403,0.27047699128360475
348251509240250369,0.39736791111221065,0.0,0.0,0.0,0.44448619839982495,0.0,0.0,0.0,0.0,0.0,0.0,0.0,0.0,0.0,0.0,0.4870176719597962,0.6382354971711068,0.0,0.0,0.0
348252926931771392,0.0,0.35870753394346705,0.46868563757590737,0.0,0.0,0.0,0.0,0.0,0.0,0.4149693207524066,0.0,0.0,0.0,0.0,0.494319078248641,0.19253141730585735,0.0,0.4450207223109498,0.0,0.0
348255091196833792,0.0,0.5613663749250928,0.0,0.0,0.0,0.0,0.0,0.0,0.0,0.3835545820562784,0.0,0.0,0.0,0.0,0.0,0.3013058092312416,0.6685570170229316,0.0,0.0,0.0
348263601414475777,0.0,0.0,0.0,0.0,0.6904945251725012,0.0,0.0,0.0,0.0,0.5688157825603725,0.0,0.0,0.0,0.0,0.0,0.44683992236262104,0.0,0.0,0.0,0.0
348267573428756480,0.0,0.0,0.0,0.0,0.0,0.0,0.0,0.0,0.8873343084534594,0.4611266908794382,0.0,0.0,0.0,0.0,0.0,0.0,0.0,0.0,0.0,0.0
348268395524939776,0.0,0.0,0.0,0.0,0.0,0.0,0.0,0.0,0.0,0.0,0.0,0.0,0.0,0.0,0.0,0.6743233307436394,0.0,0.0,0.0,0.7384362163483076
348268676534898688,0.0,0.6812415364301352,0.0,0.0,0.565028691231442,0.0,0.0,0.0,0.0,0.46545950106061074,0.0,0.0,0.0,0.0,0.0,0.0,0.0,0.0,0.0,0.0
348269813187088385,0.0,0.0,0.0,0.0,0.0,0.0,0.0,0.0,0.0,0.0,0.0,0.0,0.0,0.0,0.0,0.44050596950060433,0.0,0.0,0.7571368409610656,0.48238811645171237
348271813857517568,0.0,0.0,0.0,0.0,0.5170594639537569,0.0,0.0,0.0,0.0,0.4259433969380527,0.0,0.0,0.0,0.0,0.0,0.0,0.7424430842433151,0.0,0.0,0.0
348275538412052480,0.0,0.0,0.0,0.0,0.7718352039949785,0.0,0.0,0.0,0.0,0.6358226308287792,0.0,0.0,0.0,0.0,0.0,0.0,0.0,0.0,0.0,0.0
348276276630528000,0.0,0.0,0.0,0.0,0.48844992977224355,0.0,0.0,0.0,0.7742807515846749,0.4023754264750288,0.0,0.0,0.0,0.0,0.0,0.0,0.0,0.0,0.0,0.0
348281951490306049,0.36538779573072777,0.0,0.0,0.0,0.0,0.0,0.0,0.6048938954064959,0.0,0.0,0.0,0.0,0.0,0.6562313089787697,0.0,0.26449121563296873,0.0,0.0,0.0,0.0
348292303040942080,0.4493982688914361,0.0,0.0,0.0,0.5026861065553176,0.0,0.0,0.0,0.0,0.0,0.0,0.0,0.0,0.0,0.0,0.3253034059463848,0.0,0.0,0.5591279351136762,0.3562323966862566
348301153039167488,0.0,0.0,0.0,0.0,0.6904945251725012,0.0,0.0,0.0,0.0,0.5688157825603725,0.0,0.0,0.0,0.0,0.0,0.44683992236262104,0.0,0.0,0.0,0.0
348301220118683650,0.0,0.0,0.0,0.0,0.33977511975896346,0.0,0.0,0.5028648171802605,0.0,0.2799000478562172,0.5166825774622091,0.0,0.0,0.0,0.0,0.21987877180621548,0.487881385893263,0.0,0.0,0.0
348304101639065600,0.5198546864942543,0.0,0.0,0.0,0.0,0.0,0.0,0.0,0.0,0.0,0.0,0.0,0.0,0.0,0.0,0.3763042980359679,0.0,0.0,0.6467877104549276,0.412082319220433
348304642691694592,0.0,0.8256760021294199,0.0,0.0,0.0,0.0,0.0,0.0,0.0,0.5641446086843142,0.0,0.0,0.0,0.0,0.0,0.0,0.0,0.0,0.0,0.0
348305477354000385,0.0,0.0,0.0,0.0,0.0,0.0,0.0,0.0,0.0,0.0,0.0,0.0,0.0,0.0,0.0,0.37469854595876656,0.8314056167990017,0.0,0.0,0.41032389646650813
348307129926565891,0.0,0.0,0.0,0.0,0.0,0.0,0.0,0.0,0.0,0.0,0.0,0.7399875958230887,0.0,0.0,0.0,0.29629335233756376,0.0,0.0,0.5092657723593442,0.3244641436149366
348307624837652480,0.4809347244406104,0.0,0.0,0.0,0.0,0.0,0.0,0.0,0.0,0.0,0.0,0.0,0.0,0.0,0.0,0.34813152325740515,0.0,0.804677720172314,0.0,0.0
348309529068445697,0.0,0.0,0.0,0.0,0.7718352039949785,0.0,0.0,0.0,0.0,0.6358226308287792,0.0,0.0,0.0,0.0,0.0,0.0,0.0,0.0,0.0,0.0
348315212346167296,0.3058191301518474,0.6983215848098547,0.53889220453109,0.0,0.0,0.0,0.0,0.0,0.0,0.28180035392935654,0.0,0.0,0.0,0.0,0.0,0.22137157957319523,0.0,0.0,0.0,0.0
348316315422953473,0.0,0.0,0.0,0.0,0.0,0.0,0.0,0.0,0.0,0.0,0.0,0.0,0.0,0.0,0.0,0.2210276616810917,0.0,0.86500768793644,0.37989992671371353,0.24204238939813472
348316432897028096,0.28765692847353885,0.0,0.0,0.0,0.0,0.0,0.0,0.0,0.8636016214994939,0.0,0.0,0.0,0.0,0.0,0.0,0.2082246084466415,0.0,0.0,0.35789417888791786,0.0
348316873290551297,0.0,0.0,0.0,0.0,0.46573707692285365,0.0,0.0,0.0,0.7382768058310991,0.38366502589006146,0.0,0.0,0.0,0.0,0.0,0.30139256968273775,0.0,0.0,0.0,0.0
348317745693212672,0.0,0.0,0.0,0.0,0.6041922619975474,0.0,0.0,0.0,0.0,0.0,0.0,0.0,0.0,0.0,0.0,0.0,0.0,0.0,0.6720312486399993,0.42816551868833447
348324754366812160,0.0,0.0,0.0,0.0,0.48844992977224355,0.0,0.0,0.0,0.7742807515846749,0.4023754264750288,0.0,0.0,0.0,0.0,0.0,0.0,0.0,0.0,0.0,0.0
348326247564206080,0.49364078724619875,0.0,0.0,0.0,0.0,0.0,0.0,0.0,0.0,0.0,0.0,0.0,0.0,0.0,0.0,0.3573289897207775,0.7928649104810236,0.0,0.0,0.0
348327958831837184,0.5130450940559017,0.0,0.0,0.0,0.5738799160362824,0.0,0.0,0.0,0.0,0.0,0.0,0.0,0.0,0.0,0.0,0.0,0.0,0.0,0.6383154184534167,0.0
348328856421269505,0.0,0.46220901008759974,0.6039201970605308,0.0,0.0,0.0,0.0,0.5673714333935964,0.0,0.3158051347668473,0.0,0.0,0.0,0.0,0.0,0.0,0.0,0.0,0.0,0.0
348329087112183808,0.0,0.0,0.0,0.0,0.0,0.0,0.0,0.0,0.0,0.0,0.0,0.0,0.0,0.0,0.0,0.0,0.0,0.0,0.0,1.0
348331976970866688,0.0,0.0,0.0,0.0,0.0,0.0,0.0,0.0,0.0,0.0,0.0,0.0,0.0,0.0,0.0,0.0,0.0,0.0,0.0,1.0
348342227849854976,0.0,0.0,0.0,0.0,0.0,0.0,0.0,0.0,0.0,0.0,0.0,0.0,0.0,0.0,0.0,0.6743233307436394,0.0,0.0,0.0,0.7384362163483076
348346078208331776,0.6002794728811688,0.0,0.0,0.0,0.6714581963390012,0.0,0.0,0.0,0.0,0.0,0.0,0.0,0.0,0.0,0.0,0.4345209373628407,0.0,0.0,0.0,0.0
348349731459715072,0.589300084870262,0.0,0.0,0.0,0.659176916695496,0.0,0.0,0.0,0.0,0.0,0.0,0.0,0.0,0.0,0.0,0.0,0.0,0.0,0.0,0.46713081943682655
348358803730878464,0.0,0.0,0.0,0.0,0.67715970869318,0.0,0.0,0.0,0.0,0.557830823528164,0.0,0.0,0.0,0.0,0.0,0.0,0.0,0.0,0.0,0.4798744640470649
348365644665856000,0.7836563456544213,0.0,0.0,0.0,0.0,0.0,0.0,0.0,0.0,0.0,0.0,0.0,0.0,0.0,0.0,0.0,0.0,0.0,0.0,0.6211946006812664
348400193114345473,0.35442586678407034,0.0,0.0,0.0,0.39645225931926864,0.6450550890143056,0.0,0.0,0.0,0.3265895585141394,0.0,0.0,0.0,0.0,0.0,0.0,0.0,0.0,0.4409661023721592,0.0
348413681996034048,0.49841983028258324,0.0,0.0,0.0,0.0,0.0,0.0,0.0,0.0,0.4592743577202058,0.0,0.0,0.0,0.0,0.0,0.0,0.0,0.0,0.6201191010660797,0.39509117633119883
348417012294365185,0.0,0.0,0.0,0.0,0.815899619930592,0.0,0.0,0.0,0.0,0.0,0.0,0.0,0.0,0.0,0.0,0.0,0.0,0.0,0.0,0.5781935750223411
348424872399093760,0.0,0.0,0.0,0.0,0.48030448714458623,0.0,0.0,0.0,0.0,0.39566537135707686,0.0,0.0,0.0,0.0,0.0,0.3108195820850117,0.0,0.7184342008354984,0.0,0.0
348428265620385792,0.632187879772145,0.0,0.0,0.0,0.0,0.0,0.0,0.0,0.0,0.0,0.0,0.0,0.0,0.0,0.0,0.774815129349705,0.0,0.0,0.0,0.0
348434036965912576,0.42418935127877894,0.0,0.0,0.0,0.0,0.0,0.7827620821444241,0.0,0.0,0.0,0.0,0.0,0.0,0.0,0.0,0.30705556805451206,0.0,0.0,0.0,0.3362496024463601
348445667783491584,0.7836563456544213,0.0,0.0,0.0,0.0,0.0,0.0,0.0,0.0,0.0,0.0,0.0,0.0,0.0,0.0,0.0,0.0,0.0,0.0,0.6211946006812664
348445822955958273,0.0,0.0,0.0,0.0,0.0,0.0,0.0,0.0,0.8554467849743554,0.0,0.0,0.0,0.0,0.0,0.0,0.349225795411541,0.0,0.0,0.0,0.3824292639119234
348449325187231744,0.30457825029488245,0.0,0.0,0.5543324253911853,0.3406939131293195,0.0,0.0,0.0,0.540060962320326,0.0,0.0,0.0,0.0,0.0,0.0,0.22047335082648306,0.0,0.0,0.3789471832813269,0.0
348453179752587264,0.0,0.0,0.0,0.0,0.42117729684998484,0.0,0.6948154769824564,0.0,0.0,0.34695755718633076,0.0,0.0,0.0,0.0,0.0,0.0,0.0,0.0,0.4684672785532363,0.0
348457608971173888,0.0,0.4439814922208449,0.5801042048540426,0.0,0.0,0.0,0.0,0.0,0.0,0.3033511505070323,0.0,0.0,0.6118313702010308,0.0,0.0,0.0,0.0,0.0,0.0,0.0
348458577842798592,0.0,0.0,0.0,0.0,0.0,0.0,0.0,0.0,0.0,0.0,0.0,0.0,0.0,0.0,0.0,0.0,0.0,0.0,0.0,1.0
348465464898375682,0.0,0.504494435549752,0.0,0.0,0.0,0.0,0.0,0.0,0.0,0.5836222923504117,0.6362942592629511,0.0,0.0,0.0,0.0,0.0,0.0,0.0,0.0,0.0
348465582313713666,0.0,0.0,0.0,0.0,0.0,0.0,0.0,0.0,0.0,0.0,0.0,0.0,0.0,0.0,0.0,0.0,0.0,0.0,0.8433718846901778,0.5373303119256697
348467335557943296,0.0,0.0,0.0,0.0,0.4590855157907433,0.746963704437094,0.0,0.0,0.0,0.3781856009088651,0.0,0.0,0.0,0.0,0.0,0.2970881429979354,0.0,0.0,0.0,0.0
348471416619925504,0.0,0.0,0.0,0.0,0.0,0.0,0.0,0.0,0.0,0.0,0.0,0.0,0.0,0.0,0.0,0.0,0.0,0.9037083693380656,0.0,0.42814855271077884
348472133824937984,0.42951241410464486,0.0,0.0,0.0,0.0,0.0,0.0,0.0,0.0,0.0,0.0,0.7764892865802405,0.0,0.0,0.0,0.31090874370557153,0.0,0.0,0.0,0.34046912788611616
348475631899668480,0.27335961103380624,0.0,0.0,0.4975145009259608,0.0,0.0,0.0,0.4525426461887105,0.0,0.0,0.0,0.0,0.0,0.49094999194456185,0.0,0.19787528941051225,0.43905862143305946,0.0,0.0,0.0
348476948894318592,1.0,0.0,0.0,0.0,0.0,0.0,0.0,0.0,0.0,0.0,0.0,0.0,0.0,0.0,0.0,0.0,0.0,0.0,0.0,0.0
348479473882112000,0.0,0.0,0.0,0.0,0.0,0.0,0.0,0.0,0.0,0.0,0.0,0.0,0.0,0.0,0.0,0.6743233307436394,0.0,0.0,0.0,0.7384362163483076
348480715396108288,0.0,0.0,0.0,0.0,0.0,0.0,0.0,0.0,0.0,0.0,0.0,0.0,0.0,0.0,0.0,0.0,0.0,0.0,0.0,1.0
348481025762029568,0.6353281717706671,0.0,0.0,0.0,0.0,0.0,0.0,0.0,0.0,0.5854300336848416,0.0,0.0,0.0,0.0,0.0,0.0,0.0,0.0,0.0,0.5036167092286621
348481084486471680,0.0,0.0,0.0,0.0,0.0,0.0,0.0,0.0,0.0,0.0,0.0,0.0,0.0,0.0,0.0,0.0,0.7364863716154417,0.0,0.5705009198811464,0.36347836914937187
348481201914408960,0.0,0.0,0.0,0.0,0.0,0.0,0.0,0.0,0.0,0.651339498978916,0.0,0.0,0.0,0.0,0.0,0.5116673975630356,0.0,0.0,0.0,0.5603153856007929
348481432601116672,0.0,0.0,0.0,0.0,0.0,0.0,0.0,0.0,0.0,0.0,0.0,0.0,0.0,0.0,0.0,0.0,0.0,0.0,0.0,1.0
348486704841228289,0.0,0.0,0.0,0.0,0.0,0.0,0.0,0.0,0.0,1.0,0.0,0.0,0.0,0.0,0.0,0.0,0.0,0.0,0.0,0.0
348492887245328385,0.0,0.0,0.0,0.0,0.6202228911693648,0.0,0.0,0.0,0.0,0.5109273952812635,0.0,0.0,0.0,0.0,0.0,0.4013650194668862,0.0,0.0,0.0,0.4395257480159312
348494908895674369,0.0,0.0,0.0,0.0,0.7718352039949785,0.0,0.0,0.0,0.0,0.6358226308287792,0.0,0.0,0.0,0.0,0.0,0.0,0.0,0.0,0.0,0.0
348495282188722176,0.0,0.0,0.0,0.0,0.426404937327622,0.0,0.0,0.0,0.0,0.0,0.0,0.0,0.0,0.0,0.7084671494213968,0.0,0.0,0.0,0.47428188092171514,0.3021751562301358
348495781315084288,0.0,0.0,0.0,0.0,0.0,0.0,0.0,0.0,0.0,0.0,0.0,0.0,0.0,0.0,0.0,0.6743233307436394,0.0,0.0,0.0,0.7384362163483076
348498075590991872,0.0,0.0,0.0,0.0,0.6202228911693648,0.0,0.0,0.0,0.0,0.5109273952812635,0.0,0.0,0.0,0.0,0.0,0.4013650194668862,0.0,0.0,0.0,0.4395257480159312
348498994139377664,0.0,0.0,0.0,0.0,0.0,0.0,0.0,0.8390445971325688,0.0,0.0,0.0,0.0,0.0,0.0,0.0,0.3668741363586333,0.0,0.0,0.0,0.4017555626170623
348500193722908672,0.0,0.0,0.0,0.0,0.0,0.0,0.0,0.0,0.0,0.0,0.0,0.0,0.0,0.0,0.0,0.44050596950060433,0.0,0.0,0.7571368409610656,0.48238811645171237
348500655087951872,0.0,0.0,0.0,0.0,0.0,0.0,0.0,0.0,0.0,0.0,0.0,0.0,0.0,0.0,0.7832413342045103,0.0,0.0,0.0,0.5243393056481634,0.33406781489083953
348501204533387265,0.0,0.0,0.0,0.0,0.0,0.0,0.0,0.0,0.0,0.48910316046984587,0.0,0.0,0.0,0.0,0.0,0.3842207353458273,0.0,0.0,0.660394396292235,0.42075143053177444
348503184257458176,0.0,0.0,0.0,0.6883463467497082,0.0,0.0,0.0,0.0,0.0,0.0,0.0,0.0,0.0,0.0,0.0,0.4635403486895538,0.0,0.0,0.47056043860093,0.2998041455297074
348509580566872065,0.0,0.0,0.0,0.0,0.0,0.0,0.0,0.0,0.0,0.0,0.0,0.0,0.0,0.0,0.0,0.6743233307436394,0.0,0.0,0.0,0.7384362163483076
348512566932275200,0.0,0.0,0.0,0.0,0.0,0.0,0.0,0.0,0.0,0.0,0.0,0.0,0.8659323158310896,0.0,0.0,0.3372703652235808,0.0,0.0,0.0,0.36933714292142195
348514483708260353,0.0,0.0,0.0,0.0,0.0,0.0,0.0,0.0,0.0,0.0,0.0,0.0,0.0,0.0,0.0,0.6743233307436394,0.0,0.0,0.0,0.7384362163483076
348515419046424578,0.0,0.53743942346378,0.7022159141052446,0.0,0.0,0.0,0.0,0.0,0.0,0.36720644957533083,0.0,0.0,0.0,0.0,0.0,0.2884633416476613,0.0,0.0,0.0,0.0
348518732554973185,0.0,0.0,0.0,0.0,0.0,0.0,0.0,0.0,0.0,0.0,0.0,0.0,0.0,0.0,0.0,0.0,0.0,0.0,0.0,1.0
348522817798672384,0.5956148601050137,0.8032701528266095,0.0,0.0,0.0,0.0,0.0,0.0,0.0,0.0,0.0,0.0,0.0,0.0,0.0,0.0,0.0,0.0,0.0,0.0
348532548596551680,0.4097484568902088,0.0,0.0,0.0,0.0,0.0,0.0,0.0,0.0,0.0,0.0,0.0,0.0,0.0,0.7615182336264632,0.5021913797851613,0.0,0.0,0.0,0.0
348534809309614081,0.0,0.0,0.0,0.0,0.0,0.0,0.0,0.0,0.0,0.0,0.0,0.0,0.0,0.0,0.0,0.44050596950060433,0.0,0.0,0.7571368409610656,0.48238811645171237
348534847058350080,0.0,0.0,0.0,0.0,0.4162970226901602,0.0,0.0,0.0,0.0,0.0,0.0,0.6728179434873092,0.0,0.0,0.0,0.26939841304634515,0.0,0.0,0.46303904495340614,0.2950121043577108
348545387344314368,0.5469456186753971,0.7376328566143718,0.0,0.0,0.0,0.0,0.0,0.0,0.0,0.0,0.0,0.0,0.0,0.0,0.0,0.39591445926450897,0.0,0.0,0.0,0.0
348546117157400576,0.8100473663527271,0.0,0.0,0.0,0.0,0.0,0.0,0.0,0.0,0.0,0.0,0.0,0.0,0.0,0.0,0.5863644466242907,0.0,0.0,0.0,0.0
348547190915993600,0.0,0.53743942346378,0.7022159141052446,0.0,0.0,0.0,0.0,0.0,0.0,0.36720644957533083,0.0,0.0,0.0,0.0,0.0,0.2884633416476613,0.0,0.0,0.0,0.0
348548570829434881,0.0,0.0,0.0,0.0,0.4624802903446307,0.0,0.0,0.0,0.0,0.3809821492870048,0.0,0.0,0.0,0.7425584617287261,0.0,0.29928500443969513,0.0,0.0,0.0,0.0
348553302000144384,0.6491495320120559,0.0,0.0,0.0,0.0,0.0,0.0,0.0,0.0,0.5981658759648016,0.0,0.0,0.0,0.0,0.0,0.46989623314066953,0.0,0.0,0.0,0.0
348553864045268993,0.0,0.53743942346378,0.7022159141052446,0.0,0.0,0.0,0.0,0.0,0.0,0.36720644957533083,0.0,0.0,0.0,0.0,0.0,0.2884633416476613,0.0,0.0,0.0,0.0
348556565185441792,0.0,0.0,0.0,0.0,0.40406964632089704,0.0,0.0,0.0,0.0,0.5635887790002629,0.0,0.0,0.0,0.0,0.6713573071897301,0.2614857074297798,0.0,0.0,0.0,0.0
348557299192840194,0.0,0.8256760021294199,0.0,0.0,0.0,0.0,0.0,0.0,0.0,0.5641446086843142,0.0,0.0,0.0,0.0,0.0,0.0,0.0,0.0,0.0,0.0
348559870288617472,0.6816245938353874,0.0,0.0,0.0,0.0,0.0,0.0,0.0,0.0,0.0,0.0,0.0,0.0,0.0,0.0,0.4934037741143114,0.0,0.0,0.0,0.5403153049548908
348563208950382592,0.0,0.0,0.0,0.0,0.4865791014390517,0.0,0.8027087238191953,0.0,0.0,0.0,0.0,0.0,0.0,0.0,0.0,0.0,0.0,0.0,0.0,0.34481804295501056
348564479824498688,0.0,0.0,0.0,0.0,0.0,0.0,0.0,0.0,0.0,0.0,0.0,0.0,0.0,0.0,0.0,0.3641338288450811,0.0,0.8416657488842983,0.0,0.3987547138851836
348566543409487872,0.0,0.3153631329291724,0.41205203972141635,0.0,0.0,0.0,0.0,0.0,0.0,0.2154724259406305,0.0,0.4227411875928974,0.0,0.7110701322108273,0.0,0.0,0.0,0.0,0.0,0.0
348567608787877888,0.6816245938353874,0.0,0.0,0.0,0.0,0.0,0.0,0.0,0.0,0.0,0.0,0.0,0.0,0.0,0.0,0.4934037741143114,0.0,0.0,0.0,0.5403153049548908
348568367935922176,0.4764509369748563,0.0,0.0,0.0,0.0,0.0,0.8792010604268977,0.0,0.0,0.0,0.0,0.0,0.0,0.0,0.0,0.0,0.0,0.0,0.0,0.0
348570850968076288,0.0,0.0,0.0,0.0,0.0,0.0,0.0,0.0,0.0,0.0,0.0,0.0,0.0,0.0,0.0,0.0,0.0,0.0,0.0,1.0
348572415439278082,0.0,0.0,0.0,0.0,0.0,0.0,0.0,0.0,0.0,0.0,0.0,0.0,0.0,0.0,0.0,0.6743233307436394,0.0,0.0,0.0,0.7384362163483076
348572549673795584,0.0,0.0,0.0,0.0,0.0,0.0,0.0,0.0,0.0,0.0,0.0,0.0,0.0,0.0,0.0,0.0,0.0,0.0,0.8433718846901778,0.5373303119256697
348573833126608896,0.0,0.0,0.0,0.0,0.7718352039949785,0.0,0.0,0.0,0.0,0.6358226308287792,0.0,0.0,0.0,0.0,0.0,0.0,0.0,0.0,0.0,0.0
348579197616259072,0.4054388861098396,0.5467911864218441,0.0,0.0,0.0,0.0,0.0,0.6711978616521347,0.0,0.0,0.0,0.0,0.0,0.0,0.0,0.2934827739323154,0.0,0.0,0.0,0.0
348581043110035457,0.0,0.3481305096399018,0.4548657455739913,0.0,0.0,0.0,0.0,0.4273376371979414,0.0,0.23786079482190076,0.0,0.4666655347933314,0.0,0.4636058309794081,0.0,0.0,0.0,0.0,0.0,0.0
348598206206193666,0.5130450940559017,0.0,0.0,0.0,0.5738799160362824,0.0,0.0,0.0,0.0,0.0,0.0,0.0,0.0,0.0,0.0,0.0,0.0,0.0,0.6383154184534167,0.0
348602513789952001,0.8100473663527271,0.0,0.0,0.0,0.0,0.0,0.0,0.0,0.0,0.0,0.0,0.0,0.0,0.0,0.0,0.5863644466242907,0.0,0.0,0.0,0.0
348606620013568000,0.0,0.5450686943320578,0.0,0.0,0.0,0.0,0.0,0.0,0.0,0.3724191625734453,0.0,0.0,0.0,0.0,0.7511351980883596,0.0,0.0,0.0,0.0,0.0
348606951338422272,0.0,0.0,0.0,0.0,0.5010805071744145,0.0,0.0,0.0,0.0,0.0,0.0,0.0,0.0,0.0,0.0,0.3242643739532941,0.7194989805544857,0.0,0.0,0.35509457626886626
348609761547259905,0.0,0.0,0.0,0.0,0.5010805071744145,0.0,0.0,0.0,0.0,0.0,0.0,0.0,0.0,0.0,0.0,0.3242643739532941,0.7194989805544857,0.0,0.0,0.35509457626886626
348628505862483968,0.0,0.0,0.0,0.0,0.0,0.0,0.0,0.572186012487302,0.0,0.0,0.0,0.0,0.6423549165250609,0.0,0.0,0.0,0.0,0.0,0.43002318213008184,0.2739769902029757
348630816949153793,0.0,0.0,0.0,0.0,0.815899619930592,0.0,0.0,0.0,0.0,0.0,0.0,0.0,0.0,0.0,0.0,0.0,0.0,0.0,0.0,0.5781935750223411
348636407952191488,0.44820034136759657,0.0,0.0,0.0,0.0,0.0,0.0,0.0,0.0,0.0,0.0,0.0,0.0,0.0,0.8329811291040055,0.32443626886429683,0.0,0.0,0.0,0.0
348638626743214082,0.0,0.0,0.0,0.0,0.0,0.0,0.0,0.0,0.8554467849743554,0.0,0.0,0.0,0.0,0.0,0.0,0.349225795411541,0.0,0.0,0.0,0.3824292639119234
348641600508923905,0.0,0.0,0.0,0.0,0.3290141150875166,0.5353285907845651,0.542774031312324,0.48693860501198327,0.0,0.27103534427034054,0.0,0.0,0.0,0.0,0.0,0.0,0.0,0.0,0.0,0.0
348648663683301377,0.40943558610930403,0.0,0.0,0.0,0.0,0.0,0.0,0.0,0.0,0.0,0.6964393746435468,0.0,0.0,0.0,0.0,0.2963758427587238,0.0,0.0,0.5094075559927361,0.0
348648982463016962,0.0,0.38511854221346775,0.5031941412417342,0.0,0.0,0.0,0.0,0.47274123730451617,0.0,0.2631329343880284,0.0,0.0,0.0,0.5128628397813624,0.0,0.20670716878450163,0.0,0.0,0.0,0.0
348650081366458368,0.0,0.0,0.0,0.0,0.32216012370460273,0.5241766754714824,0.0,0.0,0.0,0.2653891612377376,0.48989615010457843,0.0,0.0,0.5172603695395583,0.0,0.20847957430007732,0.0,0.0,0.0,0.0
348655668187758592,0.0,0.44861007331316116,0.5861518879246355,0.0,0.0,0.0,0.0,0.5506784480083055,0.0,0.3065136368362391,0.0,0.0,0.0,0.0,0.0,0.24078538937595828,0.0,0.0,0.0,0.0
348657220076044290,0.0,0.0,0.0,0.0,0.0,0.0,0.0,0.0,0.0,0.0,0.0,0.7780599014648825,0.0,0.0,0.0,0.5274790477285066,0.0,0.0,0.0,0.3411577991778658
348675276571557888,0.5705499810690934,0.0,0.0,0.0,0.0,0.0,0.0,0.0,0.0,0.0,0.0,0.0,0.0,0.0,0.0,0.41300081676384576,0.0,0.0,0.7098612853610581,0.0
348680917897838593,0.0,0.0,0.0,0.0,0.7718352039949785,0.0,0.0,0.0,0.0,0.6358226308287792,0.0,0.0,0.0,0.0,0.0,0.0,0.0,0.0,0.0,0.0
348721531335094272,0.0,0.0,0.0,0.0,0.0,0.0,0.0,0.0,0.0,0.0,0.0,0.5426179676758114,0.5578242662115688,0.5390602799071266,0.0,0.21726593471128777,0.0,0.0,0.0,0.2379230073393024
348748534285205504,0.3894381613583684,0.0,0.0,0.0,0.0,0.0,0.0,0.0,0.0,0.0,0.6624242707773551,0.0,0.0,0.0,0.0,0.2819004189933345,0.0,0.0,0.4845273559951637,0.30870276809031205
348778972345143296,0.0,0.0,0.0,0.0,0.7215049666321032,0.0,0.0,0.0,0.0,0.0,0.0,0.0,0.0,0.0,0.0,0.4669077183393921,0.0,0.0,0.0,0.5113000740077303
348789885915774976,0.3809104424595624,0.0,0.0,0.6932570176005982,0.0,0.0,0.0,0.0,0.0,0.0,0.0,0.0,0.0,0.0,0.0,0.0,0.6118022085386617,0.0,0.0,0.0
348806839279947776,0.36538779573072777,0.0,0.0,0.0,0.0,0.0,0.0,0.6048938954064959,0.0,0.0,0.0,0.0,0.0,0.6562313089787697,0.0,0.26449121563296873,0.0,0.0,0.0,0.0
348812191220256768,0.41470871429596123,0.0,0.0,0.7547698734363727,0.0,0.0,0.0,0.0,0.0,0.0,0.0,0.0,0.0,0.0,0.0,0.5082707157016156,0.0,0.0,0.0,0.0
348819136996061185,0.7836563456544213,0.0,0.0,0.0,0.0,0.0,0.0,0.0,0.0,0.0,0.0,0.0,0.0,0.0,0.0,0.0,0.0,0.0,0.0,0.6211946006812664
348819854201073664,0.41065375322184483,0.0,0.0,0.0,0.0,0.0,0.0,0.0,0.0,0.0,0.0,0.0,0.0,0.0,0.0,0.5033009190799501,0.0,0.6870868521858291,0.0,0.3255201028684071
348820189774753792,0.28263731242264234,0.0,0.0,0.0,0.3161513071678512,0.5143999177538187,0.5215542787594715,0.0,0.0,0.26043921658790836,0.0,0.0,0.0,0.0,0.0,0.20459108711170676,0.0,0.0,0.35164892217047544,0.22404306862517792
348827676582240256,0.0,0.0,0.0,0.0,0.0,0.0,0.0,0.0,0.0,0.0,0.0,0.0,0.0,0.0,0.0,0.0,0.0,0.0,0.0,1.0
348831061414916096,0.0,0.6398121103816483,0.0,0.0,0.5306667019415434,0.0,0.0,0.0,0.0,0.437152771440442,0.0,0.0,0.0,0.0,0.0,0.34341049675484203,0.0,0.0,0.0,0.0
348831304663580672,0.5396247218684398,0.0,0.0,0.0,0.0,0.0,0.0,0.0,0.0,0.8419056714076755,0.0,0.0,0.0,0.0,0.0,0.0,0.0,0.0,0.0,0.0
348832709763792896,0.3542633255523613,0.0,0.0,0.0,0.0,0.0,0.0,0.0,0.0,0.32643978313350513,0.6025927820572096,0.0,0.0,0.6362519180080198,0.0,0.0,0.0,0.0,0.0,0.0
348835515740598274,0.0,0.0,0.0,0.0,0.7718352039949785,0.0,0.0,0.0,0.0,0.6358226308287792,0.0,0.0,0.0,0.0,0.0,0.0,0.0,0.0,0.0,0.0
348847553409851392,0.0,0.5467114846008073,0.0,0.0,0.0,0.0,0.0,0.0,0.0,0.3735416019696781,0.6895405669748222,0.0,0.0,0.0,0.0,0.29343999505784524,0.0,0.0,0.0,0.0
348852221678596096,0.6002794728811688,0.0,0.0,0.0,0.6714581963390012,0.0,0.0,0.0,0.0,0.0,0.0,0.0,0.0,0.0,0.0,0.4345209373628407,0.0,0.0,0.0,0.0
348853085688442881,0.0,0.0,0.0,0.0,0.0,0.0,0.0,0.0,0.0,0.0,0.0,0.0,0.0,0.0,0.0,0.0,0.7364863716154417,0.0,0.5705009198811464,0.36347836914937187
348853182144843777,0.0,0.0,0.0,0.0,0.8992168969150692,0.0,0.0,0.0,0.0,0.4375031111917191,0.0,0.0,0.0,0.0,0.0,0.0,0.0,0.0,0.0,0.0
348854553673875456,0.6491495320120559,0.0,0.0,0.0,0.0,0.0,0.0,0.0,0.0,0.5981658759648016,0.0,0.0,0.0,0.0,0.0,0.46989623314066953,0.0,0.0,0.0,0.0
348854671139553281,0.36081142989499904,0.0,0.0,0.656676814082798,0.0,0.0,0.0,0.5973177919089965,0.0,0.0,0.0,0.0,0.0,0.0,0.0,0.0,0.0,0.0,0.0,0.2860107154848458
348859607810179072,0.0,0.0,0.0,0.0,0.7718352039949785,0.0,0.0,0.0,0.0,0.6358226308287792,0.0,0.0,0.0,0.0,0.0,0.0,0.0,0.0,0.0,0.0
348863550481117184,0.0,0.0,0.0,0.0,0.0,0.0,0.0,0.0,0.0,0.0,0.0,0.0,0.0,0.0,0.0,0.6743233307436394,0.0,0.0,0.0,0.7384362163483076
348865609884385280,0.0,0.8256760021294199,0.0,0.0,0.0,0.0,0.0,0.0,0.0,0.5641446086843142,0.0,0.0,0.0,0.0,0.0,0.0,0.0,0.0,0.0,0.0
348866264183218179,0.3093925027369836,0.0,0.0,0.0,0.0,0.0,0.0,0.0,0.0,0.0,0.8910503138893636,0.0,0.0,0.0,0.0,0.2239582167570181,0.0,0.0,0.0,0.24525157392936095
348867581182099456,0.0,0.0,0.0,0.0,0.0,0.0,0.0,0.0,0.0,0.0,0.0,0.0,0.0,0.0,0.0,0.0,0.8967357793228998,0.0,0.0,0.44256631376795
348868147421536256,0.0,0.0,0.0,0.0,0.0,0.0,0.0,0.0,0.0,0.0,0.4644111514531221,0.8357172536655314,0.0,0.0,0.0,0.19763421111696297,0.0,0.0,0.0,0.21642475119057616
348868717838471171,0.0,0.0,0.0,0.0,0.6904945251725012,0.0,0.0,0.0,0.0,0.5688157825603725,0.0,0.0,0.0,0.0,0.0,0.44683992236262104,0.0,0.0,0.0,0.0
348872425607401472,0.0,0.0,0.0,0.0,0.0,0.0,0.0,0.0,0.0,0.0,0.0,0.0,0.9198269751314173,0.0,0.0,0.0,0.0,0.0,0.0,0.3923242738100551
348873142837592064,0.0,0.0,0.0,0.0,0.6202228911693648,0.0,0.0,0.0,0.0,0.5109273952812635,0.0,0.0,0.0,0.0,0.0,0.4013650194668862,0.0,0.0,0.0,0.4395257480159312
348876963852722177,0.3179189384460664,0.0,0.0,0.5786124782579722,0.0,0.0,0.5866599184090302,0.0,0.0,0.0,0.0,0.0,0.0,0.0,0.0,0.0,0.0,0.0,0.395545269957021,0.2520103730572045
348877882426265601,0.31901792844145216,0.4302404075150383,0.0,0.0,0.0,0.0,0.0,0.5281292908361703,0.0,0.29396252974748144,0.5426412703768543,0.0,0.0,0.0,0.0,0.23092571970951373,0.0,0.0,0.0,0.0
348888510775828481,0.0,0.0,0.0,0.0,0.388122761996252,0.6315024240695564,0.0,0.0,0.0,0.3197278827652367,0.5902029235755564,0.0,0.0,0.0,0.0,0.0,0.0,0.0,0.0,0.0
348895309755191297,0.4815489889767078,0.0,0.0,0.87641917551792,0.0,0.0,0.0,0.0,0.0,0.0,0.0,0.0,0.0,0.0,0.0,0.0,0.0,0.0,0.0,0.0
348902951781273600,0.0,0.0,0.0,0.0,0.5452046924719482,0.0,0.0,0.0,0.0,0.7604412994968095,0.0,0.0,0.0,0.0,0.0,0.3528184707837334,0.0,0.0,0.0,0.0
348903157281198081,0.0,0.0,0.0,0.0,0.0,0.0,0.0,0.0,0.0,0.0,0.0,0.0,0.6958943866081503,0.0,0.0,0.4589150289038477,0.0,0.0,0.46586507062879023,0.29681262591318325
348903559942774784,0.0,0.0,0.0,0.0,0.0,0.0,0.0,0.0,0.91292587315617,0.0,0.0,0.0,0.0,0.0,0.0,0.0,0.0,0.0,0.0,0.40812540979709244
348905854227054594,0.0,0.0,0.0,0.0,0.0,0.0,0.0,0.0,0.0,0.0,0.5556932214126851,0.590604995845622,0.0,0.0,0.0,0.0,0.5247174780421974,0.0,0.0,0.2589639951715712
348913546568015872,0.3103835548441543,0.0,0.0,0.5648980798586882,0.0,0.0,0.0,0.0,0.0,0.0,0.0,0.561123490620361,0.0,0.0,0.0,0.0,0.0,0.5193193974119343,0.0,0.0
348922744676679680,0.0,0.0,0.0,0.0,0.7718352039949785,0.0,0.0,0.0,0.0,0.6358226308287792,0.0,0.0,0.0,0.0,0.0,0.0,0.0,0.0,0.0,0.0
348926066573840385,0.5610975272956871,0.0,0.0,0.0,0.0,0.0,0.0,0.0,0.0,0.0,0.0,0.0,0.0,0.0,0.0,0.0,0.0,0.0,0.6981008240376992,0.44477500417688837
348931909243506688,0.0,0.4526572549600646,0.5914399171157464,0.0,0.0,0.0,0.0,0.0,0.0,0.30927888095206457,0.0,0.0,0.0,0.0,0.0,0.24295765938658864,0.5390903296448262,0.0,0.0,0.0
348934048342753280,0.5705499810690934,0.0,0.0,0.0,0.0,0.0,0.0,0.0,0.0,0.0,0.0,0.0,0.0,0.0,0.0,0.41300081676384576,0.0,0.0,0.7098612853610581,0.0
348942877352669186,0.0,0.0,0.0,0.0,0.3764308855535395,0.6124789370740525,0.0,0.0,0.0,0.31009634535847846,0.5724235497942275,0.0,0.0,0.0,0.0,0.24359982815738473,0.0,0.0,0.0,0.0
348943988830658560,0.0,0.0,0.0,0.0,0.0,0.0,0.0,0.0,0.0,0.0,0.0,0.0,0.0,0.0,0.0,0.6390291373762734,0.0,0.0,0.64870691842177,0.4133050877691527
348944215310471170,0.0,0.0,0.0,0.0,0.0,0.0,0.0,0.0,0.0,0.0,0.0,0.0,0.0,0.0,0.0,0.6743233307436394,0.0,0.0,0.0,0.7384362163483076
348944362115313665,0.0,0.0,0.0,0.0,0.0,0.0,0.0,0.0,0.0,0.0,0.0,0.0,0.0,0.0,0.0,0.6743233307436394,0.0,0.0,0.0,0.7384362163483076
348944827678859264,0.4493982688914361,0.0,0.0,0.0,0.5026861065553176,0.0,0.0,0.0,0.0,0.0,0.0,0.0,0.0,0.0,0.0,0.3253034059463848,0.0,0.0,0.5591279351136762,0.3562323966862566
348949747601653760,0.41617835372797485,0.0,0.0,0.0,0.0,0.0,0.0,0.0,0.0,0.0,0.0,0.0,0.0,0.7474504321890544,0.0,0.0,0.0,0.0,0.5177967065448259,0.0
348958668882059264,0.0,0.8256760021294199,0.0,0.0,0.0,0.0,0.0,0.0,0.0,0.5641446086843142,0.0,0.0,0.0,0.0,0.0,0.0,0.0,0.0,0.0,0.0
348961974022979584,0.0,0.0,0.0,0.0,0.0,0.0,0.0,0.0,0.0,0.4442068086247052,0.0,0.0,0.8959242775879303,0.0,0.0,0.0,0.0,0.0,0.0,0.0
348964503196680193,0.0,0.0,0.0,0.0,0.0,0.0,0.0,0.0,0.0,0.0,0.0,0.0,0.0,0.0,0.0,0.0,0.0,0.0,0.0,1.0
348965090374057985,0.0,0.0,0.0,0.0,0.0,0.0,0.0,0.0,0.0,0.0,0.0,0.0,0.0,0.0,0.0,0.0,0.0,0.0,0.0,1.0
348979715937275904,0.3433074671889894,0.0,0.0,0.0,0.38401548465753166,0.6248196013915271,0.0,0.0,0.0,0.3163443886339356,0.0,0.0,0.0,0.0,0.0,0.24850805197557185,0.0,0.0,0.42713292089884974,0.0
348987617993428992,0.0,0.0,0.0,0.0,0.0,0.0,0.0,0.0,0.0,0.0,0.845675536057534,0.0,0.0,0.0,0.0,0.3598845912865986,0.0,0.0,0.0,0.3941014700153762
348991661315072001,0.0,0.0,0.0,0.0,0.0,0.0,0.0,0.0,0.0,0.0,0.0,0.0,0.0,0.0,0.0,0.0,0.0,0.0,0.0,1.0
348994354020491264,0.2708480076554417,0.0,0.0,0.0,0.0,0.0,0.0,0.0,0.0,0.0,0.0,0.0,0.5033715024490856,0.0,0.0,0.19605722915099263,0.0,0.7672841001042586,0.0,0.21469783393425576
348996916761198592,0.0,0.0,0.0,0.0,0.7718352039949785,0.0,0.0,0.0,0.0,0.6358226308287792,0.0,0.0,0.0,0.0,0.0,0.0,0.0,0.0,0.0,0.0
348999349465911296,0.0,0.0,0.0,0.0,0.3693158617719181,0.0,0.6092597549141886,0.0,0.5854318848161951,0.3042351289798728,0.0,0.0,0.0,0.0,0.0,0.23899548075377045,0.0,0.0,0.0,0.0
349006865646104576,0.7836563456544213,0.0,0.0,0.0,0.0,0.0,0.0,0.0,0.0,0.0,0.0,0.0,0.0,0.0,0.0,0.0,0.0,0.0,0.0,0.6211946006812664
349009818419335168,0.0,0.39931096074098554,0.5217378909455308,0.0,0.0,0.0,0.0,0.49016273421941503,0.0,0.27282992979039156,0.5036314656342845,0.0,0.0,0.0,0.0,0.0,0.0,0.0,0.0,0.0
349013706576896000,0.0,0.0,0.0,0.0,0.4057491294044013,0.0,0.0,0.0,0.0,0.33424813688087696,0.0,0.0,0.0,0.0,0.0,0.2625725518047658,0.0,0.6069151118207202,0.45130682933065985,0.2875372582138115
349038067077746688,0.0,0.0,0.0,0.0,0.0,0.0,0.0,0.0,0.0,0.0,0.0,0.0,0.0,0.0,0.0,0.0,0.0,0.9037083693380656,0.0,0.42814855271077884
349041644802277376,0.5956148601050137,0.8032701528266095,0.0,0.0,0.0,0.0,0.0,0.0,0.0,0.0,0.0,0.0,0.0,0.0,0.0,0.0,0.0,0.0,0.0,0.0
349099597496451072,0.6491495320120559,0.0,0.0,0.0,0.0,0.0,0.0,0.0,0.0,0.5981658759648016,0.0,0.0,0.0,0.0,0.0,0.46989623314066953,0.0,0.0,0.0,0.0
349155679568805890,0.0,0.8256760021294199,0.0,0.0,0.0,0.0,0.0,0.0,0.0,0.5641446086843142,0.0,0.0,0.0,0.0,0.0,0.0,0.0,0.0,0.0,0.0
349158124839632896,0.0,0.0,0.0,0.0,0.0,0.0,0.0,0.0,0.0,0.0,0.0,0.0,0.0,0.7760347463492313,0.0,0.5295783040593565,0.0,0.0,0.0,0.3425155358933373
349164693107113984,0.45885345378881764,0.0,0.0,0.0,0.0,0.0,0.0,0.0,0.0,0.0,0.0,0.0,0.0,0.8240943078218489,0.0,0.33214767764008396,0.0,0.0,0.0,0.0
349164697297223683,0.0,0.0,0.0,0.0,0.0,0.0,0.0,0.0,0.0,0.0,0.0,0.0,0.0,0.0,0.0,0.0,0.0,0.0,0.0,1.0
349171081040523264,0.0,0.0,0.0,0.0,0.0,0.0,0.0,0.0,0.0,0.0,0.0,0.0,0.0,0.0,0.0,0.0,0.0,0.0,0.0,1.0
349172121244676097,0.0,0.8256760021294199,0.0,0.0,0.0,0.0,0.0,0.0,0.0,0.5641446086843142,0.0,0.0,0.0,0.0,0.0,0.0,0.0,0.0,0.0,0.0
349181210301456385,0.0,0.0,0.0,0.0,0.815899619930592,0.0,0.0,0.0,0.0,0.0,0.0,0.0,0.0,0.0,0.0,0.0,0.0,0.0,0.0,0.5781935750223411
349181604545036291,0.4809347244406104,0.0,0.0,0.0,0.0,0.0,0.0,0.0,0.0,0.0,0.0,0.0,0.0,0.0,0.0,0.34813152325740515,0.0,0.804677720172314,0.0,0.0
349188353175977985,0.4547155452802665,0.0,0.0,0.8275823071222123,0.0,0.0,0.0,0.0,0.0,0.0,0.0,0.0,0.0,0.0,0.0,0.3291523930017014,0.0,0.0,0.0,0.0
349189825385086976,0.5068043390070494,0.0,0.0,0.0,0.0,0.0,0.0,0.0,0.0,0.0,0.8620611126617576,0.0,0.0,0.0,0.0,0.0,0.0,0.0,0.0,0.0
349196032942415872,0.0,0.3474927080018864,0.4540323968453657,0.0,0.0,0.0,0.0,0.42655472206283185,0.0,0.23742501570930885,0.0,0.0,0.0,0.4627564697479033,0.0,0.18651201116282573,0.0,0.43110735426359686,0.0,0.0
349199627486117891,0.5610975272956871,0.0,0.0,0.0,0.0,0.0,0.0,0.0,0.0,0.0,0.0,0.0,0.0,0.0,0.0,0.0,0.0,0.0,0.6981008240376992,0.44477500417688837
349200151748935682,0.0,0.0,0.0,0.0,0.4228502712518139,0.6880064697585775,0.0,0.0,0.0,0.5897836431036445,0.0,0.0,0.0,0.0,0.0,0.0,0.0,0.0,0.0,0.0
349224910729646083,0.49364078724619875,0.0,0.0,0.0,0.0,0.0,0.0,0.0,0.0,0.0,0.0,0.0,0.0,0.0,0.0,0.3573289897207775,0.7928649104810236,0.0,0.0,0.0
349228786266537984,0.0,0.0,0.0,0.0,0.0,0.0,0.0,0.0,0.0,0.0,0.0,0.0,0.0,0.0,0.0,0.44050596950060433,0.0,0.0,0.7571368409610656,0.48238811645171237
349238064058605569,0.0,0.0,0.0,0.0,0.0,0.0,0.0,0.0,0.0,0.4407563332743182,0.81361586056588,0.0,0.0,0.0,0.0,0.0,0.0,0.0,0.0,0.379161029266222
349240735863808000,0.30076639746132644,0.0,0.0,0.0,0.0,0.0,0.0,0.49791416104613023,0.0,0.0,0.5115958867968039,0.5437372185828256,0.0,0.0,0.0,0.21771408628196004,0.0,0.0,0.0,0.23841376798054084
349253792732155904,0.0,0.0,0.0,0.0,0.0,0.0,0.0,0.0,0.0,0.2551737706486863,0.7975383721893088,0.5006323309150729,0.0,0.0,0.0,0.0,0.0,0.0,0.0,0.21951346405425837
349258708435480576,0.3100457860345286,0.0,0.0,0.0,0.0,0.0,0.0,0.513276046600653,0.0,0.0,0.0,0.0,0.5762206430654272,0.0,0.0,0.0,0.49798240084785067,0.0,0.0,0.2457694234426081
349260130317115392,0.37705602392930704,0.0,0.0,0.0,0.0,0.0,0.0,0.0,0.0,0.0,0.0,0.0,0.7007592890039867,0.0,0.0,0.0,0.6056114048573138,0.0,0.0,0.0
349261694788313090,0.0,0.0,0.0,0.0,0.3823942088822097,0.6221816742137057,0.0,0.0,0.606163410839269,0.3150088136000054,0.0,0.0,0.0,0.0,0.0,0.0,0.0,0.0,0.0,0.0
349269584269942786,0.0,0.4192521349542251,0.5477929387651214,0.0,0.34773200464336035,0.0,0.0,0.0,0.0,0.286454772821097,0.0,0.0,0.0,0.0,0.0,0.22502791302946265,0.0,0.5201337308882443,0.0,0.0
349272688067481600,0.0,0.0,0.0,0.0,0.0,0.0,0.0,0.0,0.0,0.0,0.0,0.0,0.0,0.0,0.0,0.3641338288450811,0.0,0.8416657488842983,0.0,0.3987547138851836
349285220618481665,0.0,0.0,0.0,0.0,0.0,0.0,0.0,0.0,0.0,0.0,0.0,0.0,0.0,0.0,0.0,0.6743233307436394,0.0,0.0,0.0,0.7384362163483076
349292342542483457,0.0,0.0,0.0,0.0,0.48079330512048685,0.7822837704708833,0.0,0.0,0.0,0.3960680499726995,0.0,0.0,0.0,0.0,0.0,0.0,0.0,0.0,0.0,0.0
349295639303172096,0.0,0.0,0.0,0.0,0.5005620653938128,0.0,0.0,0.0,0.0,0.41235316511146336,0.7611849222831718,0.0,0.0,0.0,0.0,0.0,0.0,0.0,0.0,0.0
349297669337919488,0.0,0.0,0.0,0.0,0.3823942088822097,0.6221816742137057,0.0,0.0,0.606163410839269,0.3150088136000054,0.0,0.0,0.0,0.0,0.0,0.0,0.0,0.0,0.0,0.0
349301217693937666,0.5198546864942543,0.0,0.0,0.0,0.0,0.0,0.0,0.0,0.0,0.0,0.0,0.0,0.0,0.0,0.0,0.3763042980359679,0.0,0.0,0.6467877104549276,0.412082319220433
349303046410473472,0.0,0.0,0.0,0.0,0.0,0.0,0.0,0.0,0.0,0.4249022127088808,0.0,0.0,0.0,0.8281614612251876,0.0,0.0,0.0,0.0,0.0,0.365522507893097
349308201222684674,0.49364078724619875,0.0,0.0,0.0,0.0,0.0,0.0,0.0,0.0,0.0,0.0,0.0,0.0,0.0,0.0,0.3573289897207775,0.7928649104810236,0.0,0.0,0.0
349309505638637568,0.0,0.0,0.0,0.4521351278780611,0.0,0.0,0.0,0.0,0.0,0.0,0.42256603324684555,0.760416117684543,0.0,0.0,0.0,0.0,0.0,0.0,0.0,0.1969241012427943
349311925760425986,0.0,0.0,0.0,0.0,0.0,0.0,0.0,0.0,0.0,0.0,0.0,0.0,0.0,0.0,0.0,0.0,0.0,0.0,0.0,1.0
349312605233500160,0.0,0.0,0.0,0.0,0.0,0.0,0.0,0.0,0.0,0.651339498978916,0.0,0.0,0.0,0.0,0.0,0.5116673975630356,0.0,0.0,0.0,0.5603153856007929
349324378674171905,0.0,0.0,0.0,0.0,0.48079330512048685,0.7822837704708833,0.0,0.0,0.0,0.3960680499726995,0.0,0.0,0.0,0.0,0.0,0.0,0.0,0.0,0.0,0.0
349333362843979777,0.0,0.0,0.0,0.0,0.4590855157907433,0.746963704437094,0.0,0.0,0.0,0.3781856009088651,0.0,0.0,0.0,0.0,0.0,0.2970881429979354,0.0,0.0,0.0,0.0
349342443524734978,0.8100473663527271,0.0,0.0,0.0,0.0,0.0,0.0,0.0,0.0,0.0,0.0,0.0,0.0,0.0,0.0,0.5863644466242907,0.0,0.0,0.0,0.0
349345274671546369,0.0,0.0,0.0,0.0,0.0,0.0,0.633877207495066,0.0,0.0,0.0,0.5842959126977472,0.0,0.0,0.0,0.0,0.0,0.0,0.0,0.4273807077841424,0.2722934131353327
349350769226555392,0.0,0.0,0.0,0.0,0.5170594639537569,0.0,0.0,0.0,0.0,0.4259433969380527,0.0,0.0,0.0,0.0,0.0,0.0,0.7424430842433151,0.0,0.0,0.0
349360084779925504,0.37367592573608294,0.0,0.0,0.0,0.0,0.0,0.0,0.0,0.0,0.0,0.635613114414317,0.6755459061454032,0.0,0.0,0.0,0.0,0.0,0.0,0.0,0.0
349363721245696002,0.0,0.0,0.0,0.0,0.0,0.0,0.0,0.0,0.0,0.0,0.0,0.0,0.0,0.0,0.0,0.6743233307436394,0.0,0.0,0.0,0.7384362163483076
349402975720062976,0.0,0.0,0.0,0.0,0.0,0.0,0.0,0.0,0.0,0.0,0.0,0.0,0.0,0.0,0.0,0.6743233307436394,0.0,0.0,0.0,0.7384362163483076
349412320608403456,0.4554755331125104,0.6142726207797444,0.0,0.0,0.0,0.0,0.0,0.0,0.0,0.4197028693840603,0.0,0.0,0.0,0.0,0.0,0.3297025211339628,0.0,0.0,0.0,0.36104976815524176
349414409401155584,0.0,0.0,0.0,0.0,0.6904945251725012,0.0,0.0,0.0,0.0,0.5688157825603725,0.0,0.0,0.0,0.0,0.0,0.44683992236262104,0.0,0.0,0.0,0.0
349468931146252288,0.0,0.0,0.0,0.0,0.34819750126682064,0.5665412792952428,0.5744208311707202,0.0,0.0,0.28683823976616313,0.0,0.0,0.0,0.0,0.0,0.38151541501103214,0.0,0.0,0.0,0.0
349494151483637760,0.0,0.0,0.0,0.7768481400770163,0.0,0.0,0.0,0.0,0.0,0.0,0.0,0.0,0.0,0.0,0.0,0.0,0.0,0.0,0.5310611485730421,0.3383504451528944
349525340357533697,0.0,0.0,0.0,0.0,0.815899619930592,0.0,0.0,0.0,0.0,0.0,0.0,0.0,0.0,0.0,0.0,0.0,0.0,0.0,0.0,0.5781935750223411
349530063148040192,0.5772133660566826,0.0,0.0,0.0,0.0,0.0,0.0,0.0,0.0,0.5318795157345579,0.0,0.0,0.0,0.0,0.0,0.4178242039053712,0.0,0.0,0.0,0.4575498283447705
349532466459058177,0.0,0.4350589812845864,0.5684460925167718,0.5871153413398588,0.0,0.0,0.0,0.0,0.0,0.29725482891401594,0.0,0.0,0.0,0.0,0.0,0.23351202400885454,0.0,0.0,0.0,0.0
349532898472374272,0.37224560773210463,0.0,0.0,0.0,0.0,0.0,0.0,0.0,0.0,0.0,0.6331801803704107,0.0,0.0,0.0,0.0,0.26945534156716716,0.0,0.6228241209291526,0.0,0.0
349534517482098689,0.0,0.0,0.0,0.0,0.0,0.0,0.0,0.4217770843652857,0.0,0.23476573040141768,0.0,0.4605932440903342,0.0,0.0,0.0,0.18442297833893073,0.6928523423355432,0.0,0.0,0.20195742920848134
349534991442657282,0.0,0.0,0.0,0.0,0.0,0.0,0.0,0.0,0.0,0.0,0.0,0.0,0.0,0.0,0.0,0.6743233307436394,0.0,0.0,0.0,0.7384362163483076
349548123808473092,0.0,0.0,0.0,0.0,0.0,0.0,0.0,0.0,0.0,0.0,0.9064077290816361,0.0,0.0,0.0,0.0,0.0,0.0,0.0,0.0,0.4224038691360099
349555296080887809,0.7836563456544213,0.0,0.0,0.0,0.0,0.0,0.0,0.0,0.0,0.0,0.0,0.0,0.0,0.0,0.0,0.0,0.0,0.0,0.0,0.6211946006812664
349562187288809472,0.0,0.44861007331316116,0.5861518879246355,0.0,0.0,0.0,0.0,0.5506784480083055,0.0,0.3065136368362391,0.0,0.0,0.0,0.0,0.0,0.24078538937595828,0.0,0.0,0.0,0.0
349562799669772289,0.34698952890095647,0.0,0.0,0.6315209538264388,0.0,0.0,0.0,0.0,0.6152622477537285,0.3197372643284903,0.0,0.0,0.0,0.0,0.0,0.0,0.0,0.0,0.0,0.0
349565760856793088,0.0,0.38829626450813115,0.5073461387850816,0.0,0.322056889388728,0.0,0.0,0.0,0.0,0.4491989208094818,0.0,0.0,0.0,0.0,0.5350940066658882,0.0,0.0,0.0,0.0,0.0
349568713642610688,0.7353954944029644,0.0,0.0,0.0,0.0,0.0,0.0,0.0,0.0,0.6776381533029404,0.0,0.0,0.0,0.0,0.0,0.0,0.0,0.0,0.0,0.0
349569841927163907,0.0,0.0,0.0,0.0,0.7742226950123283,0.0,0.0,0.0,0.0,0.3766886932231696,0.0,0.0,0.0,0.0,0.0,0.0,0.0,0.0,0.5086107027242626,0.0
349570978579361792,0.0,0.0,0.0,0.0,0.0,0.0,0.0,0.0,0.0,0.0,0.0,0.0,0.0,0.0,0.0,0.44050596950060433,0.0,0.0,0.7571368409610656,0.48238811645171237
349575596482904065,0.4173173214382377,0.0,0.0,0.0,0.0,0.0,0.0,0.6908624292733916,0.0,0.38454157143065176,0.0,0.0,0.0,0.0,0.0,0.3020811503327711,0.0,0.0,0.0,0.33080223019404986
349577693626511363,0.3821354783293559,0.0,0.0,0.0,0.0,0.0,0.0,0.0,0.0,0.0,0.0,0.6908394151156426,0.0,0.0,0.0,0.0,0.6137698092319883,0.0,0.0,0.0
349578033394483201,0.0,0.7548687643379896,0.0,0.0,0.0,0.0,0.0,0.0,0.0,0.5157654365237523,0.0,0.0,0.0,0.0,0.0,0.40516559961860055,0.0,0.0,0.0,0.0
349579920835481603,0.0,0.0,0.0,0.0,0.815899619930592,0.0,0.0,0.0,0.0,0.0,0.0,0.0,0.0,0.0,0.0,0.0,0.0,0.0,0.0,0.5781935750223411
349586275193454592,1.0,0.0,0.0,0.0,0.0,0.0,0.0,0.0,0.0,0.0,0.0,0.0,0.0,0.0,0.0,0.0,0.0,0.0,0.0,0.0
349607720653033473,0.0,0.43703810280195704,0.5710320037186124,0.0,0.0,0.0,0.0,0.0,0.0,0.29860706723882646,0.0,0.0,0.0,0.5820041829391625,0.0,0.2345742907155804,0.0,0.0,0.0,0.0
349621704466767874,0.0,0.0,0.0,0.0,0.0,0.0,0.0,0.0,0.0,0.0,0.9064077290816361,0.0,0.0,0.0,0.0,0.0,0.0,0.0,0.0,0.4224038691360099
349622866284785665,0.0,0.0,0.0,0.0,0.0,0.0,0.0,0.0,0.0,0.0,0.0,0.9436524932926041,0.0,0.0,0.0,0.2231592267150664,0.0,0.0,0.0,0.24437661801937022
349623721943760897,0.0,0.0,0.0,0.0,0.0,0.0,0.0,0.0,0.0,0.3490790581172318,0.6443838394009239,0.0,0.0,0.6803773061345524,0.0,0.0,0.0,0.0,0.0,0.0
349640121684996096,0.49364078724619875,0.0,0.0,0.0,0.0,0.0,0.0,0.0,0.0,0.0,0.0,0.0,0.0,0.0,0.0,0.3573289897207775,0.7928649104810236,0.0,0.0,0.0
349647428145790978,0.0,0.0,0.0,0.0,0.0,0.0,0.0,0.0,0.0,0.0,0.0,0.0,0.0,0.0,0.0,0.6743233307436394,0.0,0.0,0.0,0.7384362163483076
349653178540769284,1.0,0.0,0.0,0.0,0.0,0.0,0.0,0.0,0.0,0.0,0.0,0.0,0.0,0.0,0.0,0.0,0.0,0.0,0.0,0.0
349663072895516672,0.5068043390070494,0.0,0.0,0.0,0.0,0.0,0.0,0.0,0.0,0.0,0.8620611126617576,0.0,0.0,0.0,0.0,0.0,0.0,0.0,0.0,0.0
349682614174621697,0.0,0.0,0.0,0.0,0.0,0.0,0.0,0.8390445971325688,0.0,0.0,0.0,0.0,0.0,0.0,0.0,0.3668741363586333,0.0,0.0,0.0,0.4017555626170623
349683167789195264,1.0,0.0,0.0,0.0,0.0,0.0,0.0,0.0,0.0,0.0,0.0,0.0,0.0,0.0,0.0,0.0,0.0,0.0,0.0,0.0
349685575332270080,0.0,0.0,0.0,0.0,0.3269988721834194,0.0,0.0,0.4839560595117078,0.0,0.0,0.0,0.0,0.0,0.5250294652224141,0.0,0.4440891827049175,0.0,0.0,0.36371445680346526,0.23173027945777053
349693544505683968,0.4547155452802665,0.0,0.0,0.8275823071222123,0.0,0.0,0.0,0.0,0.0,0.0,0.0,0.0,0.0,0.0,0.0,0.3291523930017014,0.0,0.0,0.0,0.0
349703183033040896,0.0,0.0,0.0,0.0,0.0,0.0,0.0,0.5817977886046457,0.0,0.0,0.0,0.0,0.0,0.6311750329707166,0.0,0.43072375959673626,0.0,0.0,0.0,0.2785793492849239
349706488132014081,0.28961378779364017,0.0,0.0,0.0,0.0,0.0,0.0,0.47945118668119974,0.0,0.0,0.0,0.0,0.5382477381082049,0.520142263323376,0.0,0.35495325302925007,0.0,0.0,0.0,0.0
349707104686321664,0.36286829992367237,0.0,0.0,0.0,0.0,0.0,0.0,0.6007229087151034,0.0,0.0,0.0,0.0,0.0,0.6517063301733775,0.0,0.0,0.0,0.0,0.0,0.287641170675058
349721331769688065,0.0,0.0,0.0,0.6318954040057568,0.3883642883189292,0.0,0.0,0.0,0.0,0.0,0.0,0.0,0.0,0.0,0.0,0.2513222945504043,0.5576503286965333,0.0,0.0,0.2752173561414714
349722569097744384,0.0,0.0,0.0,0.0,0.0,0.0,0.8643827007472807,0.0,0.0,0.0,0.0,0.0,0.0,0.0,0.0,0.33907304307246616,0.0,0.0,0.0,0.3713112146305497
349724435567218689,0.0,0.0,0.0,0.0,0.0,0.0,0.0,0.0,0.0,0.0,0.0,0.0,0.0,0.0,0.0,0.0,0.0,0.0,0.0,1.0
349724817253085185,0.0,0.0,0.0,0.0,0.0,0.0,0.0,0.8037141338482002,0.0,0.0,0.0,0.0,0.0,0.0,0.0,0.5950156225282135,0.0,0.0,0.0,0.0
349739522474524672,0.45885345378881764,0.0,0.0,0.0,0.0,0.0,0.0,0.0,0.0,0.0,0.0,0.0,0.0,0.8240943078218489,0.0,0.33214767764008396,0.0,0.0,0.0,0.0
349748485697966080,0.32469849901043774,0.0,0.0,0.0,0.0,0.0,0.0,0.9101231409332502,0.0,0.0,0.0,0.0,0.0,0.0,0.0,0.0,0.0,0.0,0.0,0.25738444606884103
349753686630739969,0.0,0.5074534989179503,0.0,0.0,0.4208871171551511,0.0,0.0,0.0,0.6671815748958188,0.3467185128721724,0.0,0.0,0.0,0.0,0.0,0.0,0.0,0.0,0.0,0.0
349812813738418178,0.0,0.5537020683446406,0.0,0.0,0.0,0.0,0.0,0.6796811168396696,0.0,0.3783179308450106,0.0,0.0,0.0,0.0,0.0,0.2971920963343343,0.0,0.0,0.0,0.0
349845067948765185,0.0,0.0,0.0,0.0,0.0,0.0,0.0,0.0,0.0,0.0,0.0,0.0,0.0,0.0,0.0,0.0,0.0,0.0,0.0,1.0
349875640239009793,0.0,0.0,0.0,0.0,0.0,0.0,0.0,0.0,0.0,0.0,0.0,0.0,0.0,0.0,0.0,0.0,0.0,0.0,0.0,1.0
349882195902611459,0.0,0.0,0.0,0.9168150935889893,0.0,0.0,0.0,0.0,0.0,0.0,0.0,0.0,0.0,0.0,0.0,0.0,0.0,0.0,0.0,0.39931201355257606
349886910312886276,0.3885843041946528,0.0,0.0,0.0,0.0,0.0,0.0,0.0,0.0,0.358065221096779,0.0,0.0,0.0,0.6978919098277282,0.0,0.0,0.0,0.0,0.48346501235506023,0.0
349904622846083073,0.7836563456544213,0.0,0.0,0.0,0.0,0.0,0.0,0.0,0.0,0.0,0.0,0.0,0.0,0.0,0.0,0.0,0.0,0.0,0.0,0.6211946006812664
349905327522721792,0.0,0.0,0.0,0.0,0.0,0.0,0.0,0.0,0.0,0.0,0.0,0.0,0.8659323158310896,0.0,0.0,0.3372703652235808,0.0,0.0,0.0,0.36933714292142195
349921140019429377,0.0,0.0,0.0,0.0,0.0,0.0,0.0,0.0,0.0,0.0,0.0,0.0,0.0,0.0,0.0,0.6743233307436394,0.0,0.0,0.0,0.7384362163483076
349921962128179200,0.0,0.8256760021294199,0.0,0.0,0.0,0.0,0.0,0.0,0.0,0.5641446086843142,0.0,0.0,0.0,0.0,0.0,0.0,0.0,0.0,0.0,0.0
349922930999820289,1.0,0.0,0.0,0.0,0.0,0.0,0.0,0.0,0.0,0.0,0.0,0.0,0.0,0.0,0.0,0.0,0.0,0.0,0.0,0.0
349927045603667968,0.36538779573072777,0.0,0.0,0.0,0.0,0.0,0.0,0.6048938954064959,0.0,0.0,0.0,0.0,0.0,0.6562313089787697,0.0,0.26449121563296873,0.0,0.0,0.0,0.0
349939318145560577,0.0,0.0,0.0,0.0,0.0,0.0,0.0,0.7465821460436594,0.0,0.0,0.0,0.0,0.0,0.0,0.0,0.0,0.0,0.0,0.5610896162379092,0.35748222579429006
349941771821776897,0.0,0.0,0.0,0.0,0.0,0.0,0.0,0.0,0.0,0.0,0.0,0.0,0.0,0.0,0.0,0.6743233307436394,0.0,0.0,0.0,0.7384362163483076
349944145802043392,0.8100473663527271,0.0,0.0,0.0,0.0,0.0,0.0,0.0,0.0,0.0,0.0,0.0,0.0,0.0,0.0,0.5863644466242907,0.0,0.0,0.0,0.0
349946691740381184,1.0,0.0,0.0,0.0,0.0,0.0,0.0,0.0,0.0,0.0,0.0,0.0,0.0,0.0,0.0,0.0,0.0,0.0,0.0,0.0
349947790631256065,0.0,0.0,0.0,0.0,0.0,0.0,0.6374171655672222,0.0,0.0,0.0,0.0,0.0,0.0,0.0,0.0,0.0,0.0,0.5779490824529531,0.42976746308708647,0.27381406611737075
349952165294505984,0.0,0.0,0.0,0.0,0.0,0.0,0.0,0.0,0.0,0.261861114744077,0.0,0.0,0.5281497840652621,0.0,0.0,0.20570807591755536,0.45643851993381235,0.47547749770416897,0.35356879030939725,0.22526625778368536
349956103758553088,0.0,0.0,0.0,0.0,0.0,0.0,0.0,0.9019360682655655,0.0,0.0,0.0,0.0,0.0,0.0,0.0,0.0,0.0,0.0,0.0,0.4318695737854813
349960755245875200,0.0,0.38709556044758237,0.0,0.5223883470518716,0.0,0.0,0.0,0.4751680694191093,0.0,0.26448373564078365,0.4882247762169443,0.0,0.0,0.0,0.0,0.20776830658238685,0.0,0.0,0.0,0.0
349962357444841472,0.0,0.4027342728815429,0.0,0.0,0.0,0.0,0.0,0.49436492299927814,0.0,0.275168913947565,0.0,0.0,0.0,0.5363217301358157,0.0,0.0,0.47963475576269016,0.0,0.0,0.0
349963070480723970,0.0,0.0,0.0,0.0,0.0,0.0,0.0,0.0,0.0,0.0,0.0,0.0,0.0,0.0,0.0,0.6743233307436394,0.0,0.0,0.0,0.7384362163483076
349964861452713984,0.0,0.0,0.0,0.0,0.39685147595348724,0.0,0.0,0.5873374278983012,0.0,0.32691842531021925,0.0,0.0,0.0,0.0,0.0,0.25681461074618506,0.5698370387429362,0.0,0.0,0.0
349975972176609282,0.0,0.4908787965154433,0.6413800100267583,0.0,0.4071398896224394,0.0,0.0,0.0,0.0,0.33539381774138716,0.0,0.0,0.0,0.0,0.0,0.2634725548680746,0.0,0.0,0.0,0.0
349978975306653696,0.0,0.4495822589972041,0.5874221413318016,0.0,0.0,0.0,0.0,0.0,0.0,0.30717788444774585,0.0,0.0,0.0,0.5987092512850781,0.0,0.0,0.0,0.0,0.0,0.0
349980703351508993,0.0,0.0,0.0,0.0,0.37668935086496486,0.6128994779098013,0.6214237874475826,0.0,0.0,0.3103092639885667,0.0,0.0,0.0,0.0,0.0,0.0,0.0,0.0,0.0,0.0
349982506877071360,0.31033329723430475,0.0,0.0,0.0,0.0,0.0,0.0,0.5137520169850984,0.0,0.0,0.5278689366273867,0.0,0.0,0.5573542089890858,0.0,0.22463922439647593,0.0,0.0,0.0,0.0
349982691430633474,0.0,0.0,0.0,0.0,0.0,0.0,0.0,0.7097230466003132,0.0,0.0,0.0,0.0,0.0,0.0,0.0,0.31032799765966207,0.0,0.0,0.5333883671909857,0.33983316603629005
349989607854706688,0.0,0.0,0.0,0.0,0.3346837642312086,0.0,0.0,0.4953296463635144,0.0,0.2757058895055924,0.0,0.0,0.0,0.5373683296814926,0.0,0.21658400142671952,0.48057073409298257,0.0,0.0,0.0
349990224425783296,0.44820034136759657,0.0,0.0,0.0,0.0,0.0,0.0,0.0,0.0,0.0,0.0,0.0,0.0,0.0,0.8329811291040055,0.32443626886429683,0.0,0.0,0.0,0.0
350002064920813568,0.37654089120382384,0.0,0.0,0.6853044341737791,0.0,0.0,0.0,0.6233576740148361,0.0,0.0,0.0,0.0,0.0,0.0,0.0,0.0,0.0,0.0,0.0,0.0
350005135176499200,0.0,0.0,0.0,0.9443415057610598,0.0,0.0,0.0,0.0,0.0,0.0,0.0,0.0,0.0,0.0,0.0,0.22182995240275363,0.0,0.0,0.0,0.24292095980776607
350010969444990977,0.5130267533098649,0.0,0.0,0.0,0.0,0.0,0.0,0.0,0.0,0.0,0.0,0.0,0.0,0.0,0.0,0.0,0.0,0.8583726174502183,0.0,0.0
350020968648945665,,,,,,,,,,,,,,,,,,,,
350021199369211907,,,,,,,,,,,,,,,,,,,,
350029638304669696,,,,,,,,,,,,,,,,,,,,
350030984672067584,,,,,,,,,,,,,,,,,,,,
350035854250606595,,,,,,,,,,,,,,,,,,,,
350036110082187264,,,,,,,,,,,,,,,,,,,,
350046562291945472,,,,,,,,,,,,,,,,,,,,
350067454128558080,,,,,,,,,,,,,,,,,,,,
350073464566198276,,,,,,,,,,,,,,,,,,,,
350078904574287872,,,,,,,,,,,,,,,,,,,,
350096222876471296,,,,,,,,,,,,,,,,,,,,
350100241019703297,,,,,,,,,,,,,,,,,,,,
350100987589038082,,,,,,,,,,,,,,,,,,,,
350101616730456065,,,,,,,,,,,,,,,,,,,,
350105576149237760,,,,,,,,,,,,,,,,,,,,
350105685196939264,,,,,,,,,,,,,,,,,,,,
350106754757046273,,,,,,,,,,,,,,,,,,,,
350106977059356672,,,,,,,,,,,,,,,,,,,,
350107933373235201,,,,,,,,,,,,,,,,,,,,
350130213499318272,,,,,,,,,,,,,,,,,,,,
350222995689701376,,,,,,,,,,,,,,,,,,,,
350261264527798275,,,,,,,,,,,,,,,,,,,,
350261398766493697,,,,,,,,,,,,,,,,,,,,
350268269040640000,,,,,,,,,,,,,,,,,,,,
350276036879065088,,,,,,,,,,,,,,,,,,,,
350304474243403777,,,,,,,,,,,,,,,,,,,,
350313898852880384,,,,,,,,,,,,,,,,,,,,
350317484991193088,,,,,,,,,,,,,,,,,,,,
350323822559375361,,,,,,,,,,,,,,,,,,,,
350367502045417473,,,,,,,,,,,,,,,,,,,,
350375462863781890,,,,,,,,,,,,,,,,,,,,
350401543046053888,,,,,,,,,,,,,,,,,,,,
350421012984246272,,,,,,,,,,,,,,,,,,,,
350424267764142081,,,,,,,,,,,,,,,,,,,,
350435349115322368,,,,,,,,,,,,,,,,,,,,
350446845698387970,,,,,,,,,,,,,,,,,,,,
350452646420824064,,,,,,,,,,,,,,,,,,,,
350497009565835264,,,,,,,,,,,,,,,,,,,,
350563417985253379,,,,,,,,,,,,,,,,,,,,
350600357233180673,,,,,,,,,,,,,,,,,,,,
350604731888066560,,,,,,,,,,,,,,,,,,,,
350609643439001601,,,,,,,,,,,,,,,,,,,,
350614403965652993,,,,,,,,,,,,,,,,,,,,
350619210646425600,,,,,,,,,,,,,,,,,,,,
350641394295115778,,,,,,,,,,,,,,,,,,,,
350644359676440579,,,,,,,,,,,,,,,,,,,,
350657106157912065,,,,,,,,,,,,,,,,,,,,
350661489218166785,,,,,,,,,,,,,,,,,,,,
350670372745641985,,,,,,,,,,,,,,,,,,,,
350686164325380096,,,,,,,,,,,,,,,,,,,,
350708096320024576,,,,,,,,,,,,,,,,,,,,
350725741777911809,,,,,,,,,,,,,,,,,,,,
350726014369927168,,,,,,,,,,,,,,,,,,,,
350726454801215488,,,,,,,,,,,,,,,,,,,,
350728832950599680,,,,,,,,,,,,,,,,,,,,
