tweet_id,tfidf_donat,tfidf_flood,tfidf_floodph,tfidf_habagat,tfidf_help,tfidf_manila,tfidf_mare,tfidf_maringph,tfidf_need,tfidf_philippin,tfidf_pleas,tfidf_pm,tfidf_rain,tfidf_red,tfidf_reliefph,tfidf_rescueph,tfidf_rt,tfidf_storm,tfidf_tropic,tfidf_use
368659239272579073,0.0,0.0,0.0,0.0,0.0,0.0,0.0,0.2952509982873684,0.0,0.0,0.0,0.0,0.0,0.0,0.0,0.0,0.220192946595561,0.0,0.9296999054963256,0.0
368967734542864384,0.0,0.42707095566478526,0.0,0.0,0.0,0.44215810076552875,0.0,0.0,0.0,0.0,0.0,0.5431955561001698,0.5240127736717726,0.0,0.0,0.0,0.22903234185771779,0.0,0.0,0.0
369087058293186561,0.0,0.416006468124699,0.0,0.0,0.0,0.4307027378292854,0.0,0.0,0.0,0.0,0.0,0.0,0.5104367326691429,0.5754260363099709,0.0,0.0,0.22309860775768553,0.0,0.0,0.0
369089159635283968,0.0,0.0,0.0,0.4559906683887623,0.0,0.0,0.0,0.0,0.0,0.0,0.0,0.0,0.0,0.5184433214354917,0.0,0.0,0.20100582162608727,0.4812851308355744,0.5012487559189659,0.0
369091105783955458,0.0,0.0,0.0,0.0,0.0,0.956250987841914,0.0,0.0,0.0,0.0,0.0,0.0,0.0,0.0,0.0,0.0,0.2925475145192035,0.0,0.0,0.0
369092347323105281,0.0,0.0,0.0,0.0,0.0,0.0,1.0,0.0,0.0,0.0,0.0,0.0,0.0,0.0,0.0,0.0,0.0,0.0,0.0,0.0
369093215552430081,0.0,0.0,0.0,0.41661458041616634,0.0,0.0,0.4065081327472647,0.0,0.0,0.0,0.0,0.0,0.0,0.4736742696788354,0.0,0.0,0.18364839862592,0.4397247942641101,0.457964503679856,0.0
369099410526855170,0.0,0.0,0.0,0.0,0.39924248216594166,0.0,0.0,0.0,0.0,0.0,0.4410654695667779,0.0,0.0,0.0,0.0,0.6154120280894796,0.19926038534015836,0.0,0.0,0.4771058860532958
369115017536217090,0.0,0.0,0.0,0.5501070084770332,0.0,0.0,0.0,0.0,0.0,0.0,0.0,0.5751210363941012,0.5548108155404021,0.0,0.0,0.0,0.2424933641995558,0.0,0.0,0.0
369118968566394880,0.0,0.5745928196373262,0.0,0.0,0.0,0.5948914728909043,0.0,0.0,0.0,0.0,0.0,0.0,0.0,0.0,0.0,0.5620918315568354,0.0,0.0,0.0,0.0
369121183150505985,0.0,0.0,0.0,0.0,0.0,0.0,0.46068941853201373,0.0,0.0,0.0,0.0,0.0,0.4761800586945315,0.0,0.0,0.0,0.20812590736016423,0.49833335046605004,0.5190041327899971,0.0
369122655359598592,0.0,0.0,0.0,0.0,0.0,0.0,0.46068941853201373,0.0,0.0,0.0,0.0,0.0,0.4761800586945315,0.0,0.0,0.0,0.20812590736016423,0.49833335046605004,0.5190041327899971,0.0
369123364213776384,0.0,0.0,0.0,0.0,0.0,0.0,0.0,0.8016199786178435,0.0,0.0,0.0,0.0,0.0,0.0,0.0,0.0,0.5978339316906729,0.0,0.0,0.0
369125457158881280,0.0,0.6947289403991909,0.0,0.0,0.0,0.7192716450492244,0.0,0.0,0.0,0.0,0.0,0.0,0.0,0.0,0.0,0.0,0.0,0.0,0.0,0.0
369142238564974592,0.0,0.6947289403991909,0.0,0.0,0.0,0.7192716450492244,0.0,0.0,0.0,0.0,0.0,0.0,0.0,0.0,0.0,0.0,0.0,0.0,0.0,0.0
369171409945112577,0.0,0.0,0.0,0.0,0.0,0.0,0.0,0.4612624143069884,0.0,0.0,0.0,0.0,0.0,0.8872637630083221,0.0,0.0,0.0,0.0,0.0,0.0
369176485052956672,0.0,0.0,0.0,0.0,0.0,0.0,0.0,0.47310690055343674,0.0,0.0,0.0,0.0,0.8072654600427318,0.0,0.0,0.0,0.3528347172129143,0.0,0.0,0.0
369182797467889664,0.0,0.0,0.0,0.0,0.0,0.6448899575967104,0.0,0.0,0.0,0.0,0.0,0.0,0.7642754363388328,0.0,0.0,0.0,0.0,0.0,0.0,0.0
369190234002432002,0.0,0.0,0.0,0.0,0.0,0.0,0.0,0.8016199786178435,0.0,0.0,0.0,0.0,0.0,0.0,0.0,0.0,0.5978339316906729,0.0,0.0,0.0
369195376181399552,0.0,0.0,0.0,0.0,0.0,0.0,0.0,1.0,0.0,0.0,0.0,0.0,0.0,0.0,0.0,0.0,0.0,0.0,0.0,0.0
369218700726902784,0.0,0.0,0.0,0.0,0.0,0.0,0.0,0.0,0.0,0.0,0.0,0.0,0.0,0.0,0.0,0.0,1.0,0.0,0.0,0.0
369222748234465280,0.0,0.0,0.5446427031542483,0.0,0.0,0.0,0.0,0.38501505395398644,0.0,0.0,0.0,0.0,0.0,0.0,0.0,0.0,0.28713738380407766,0.0,0.0,0.6875171684778438
369225315152703489,0.0,0.0,0.0,0.0,0.0,0.0,0.0,1.0,0.0,0.0,0.0,0.0,0.0,0.0,0.0,0.0,0.0,0.0,0.0,0.0
369227894649663488,0.0,0.0,0.0,0.0,0.0,0.0,0.0,0.45726413623654905,0.0,0.0,0.0,0.0,0.0,0.0,0.5363409252226794,0.6220559830193172,0.34101946518196546,0.0,0.0,0.0
369236564284420096,0.0,0.0,0.0,0.0,0.0,0.0,0.0,0.0,0.0,0.0,0.0,0.0,0.0,0.0,0.0,0.4103248146492585,0.0,0.0,0.0,0.9119394423332351
369239093411975168,0.0,0.0,0.0,0.0,0.0,0.0,0.0,0.0,0.0,0.0,0.0,0.0,0.0,0.0,0.0,0.575097910909195,0.31527641781307175,0.0,0.0,0.754892822352178
369258760516009984,0.0,0.0,0.0,0.0,0.0,0.0,0.0,1.0,0.0,0.0,0.0,0.0,0.0,0.0,0.0,0.0,0.0,0.0,0.0,0.0
369259460956405761,0.0,0.0,0.0,0.0,0.0,0.0,0.0,0.0,0.0,0.0,0.0,0.0,0.0,0.0,0.0,0.4003215566657987,0.21946166724795116,0.0,0.0,0.8897073832881356
369260241105326082,0.0,0.0,0.0,0.0,0.0,0.0,0.0,0.5056258940550736,0.0,0.0,0.0,0.0,0.8627528355566312,0.0,0.0,0.0,0.0,0.0,0.0,0.0
369261168033927169,0.0,0.0,0.0,0.0,0.0,0.0,0.0,0.0,0.0,0.0,0.0,0.0,0.0,0.0,0.0,0.8768765914038699,0.4807155535739723,0.0,0.0,0.0
369265161011355649,0.0,0.0,0.0,0.7040901374026165,0.0,0.0,0.0,0.0,0.0,0.0,0.0,0.0,0.7101106099843634,0.0,0.0,0.0,0.0,0.0,0.0,0.0
369269485368139776,0.0,0.8531414621932065,0.0,0.0,0.0,0.5216796387504858,0.0,0.0,0.0,0.0,0.0,0.0,0.0,0.0,0.0,0.0,0.0,0.0,0.0,0.0
369272148721799169,0.0,0.0,0.0,0.0,0.0,0.0,0.0,0.0,0.0,0.0,0.0,0.0,0.0,0.0,0.0,0.951373639532546,0.3080392799670155,0.0,0.0,0.0
369275307041099776,0.0,0.0,1.0,0.0,0.0,0.0,0.0,0.0,0.0,0.0,0.0,0.0,0.0,0.0,0.0,0.0,0.0,0.0,0.0,0.0
369285583102681088,0.0,0.8118835740684562,0.0,0.0,0.0,0.0,0.0,0.583819374599567,0.0,0.0,0.0,0.0,0.0,0.0,0.0,0.0,0.0,0.0,0.0,0.0
369288112276373504,0.0,0.0,1.0,0.0,0.0,0.0,0.0,0.0,0.0,0.0,0.0,0.0,0.0,0.0,0.0,0.0,0.0,0.0,0.0,0.0
369289341211639808,0.0,0.0,0.0,0.0,0.0,0.0,0.0,0.8016199786178435,0.0,0.0,0.0,0.0,0.0,0.0,0.0,0.0,0.5978339316906729,0.0,0.0,0.0
369291111186980864,0.0,0.0,0.0,0.0,0.0,0.0,0.0,1.0,0.0,0.0,0.0,0.0,0.0,0.0,0.0,0.0,0.0,0.0,0.0,0.0
369291291558813696,0.0,0.0,0.8845944684645378,0.0,0.0,0.0,0.0,0.0,0.0,0.0,0.0,0.0,0.0,0.0,0.0,0.0,0.4663610472176485,0.0,0.0,0.0
369293250298785792,0.0,0.6947289403991909,0.0,0.0,0.0,0.7192716450492244,0.0,0.0,0.0,0.0,0.0,0.0,0.0,0.0,0.0,0.0,0.0,0.0,0.0,0.0
369294407905714176,0.0,0.6510128132063066,0.0,0.0,0.0,0.6740111572636724,0.0,0.0,0.0,0.0,0.0,0.0,0.0,0.0,0.0,0.0,0.3491293126125268,0.0,0.0,0.0
369296572174958592,0.0,0.0,0.0,0.0,0.0,0.0,0.0,0.0,0.41943420916774404,0.0,0.6929363340674767,0.0,0.0,0.0,0.0,0.33726155031188876,0.18489132273200765,0.0,0.0,0.44270083190410375
369296647655653376,0.0,0.0,0.0,0.0,0.0,0.0,0.797819956321619,0.48329329944905575,0.0,0.0,0.0,0.0,0.0,0.0,0.0,0.0,0.36043155245152386,0.0,0.0,0.0
369299537526927362,0.0,0.5427845161447205,0.5521361435929263,0.0,0.0,0.5619594767569799,0.0,0.0,0.0,0.0,0.0,0.0,0.0,0.0,0.0,0.0,0.2910879496902864,0.0,0.0,0.0
369304264520126464,0.3177489904398538,0.0,0.0,0.0,0.3157015762296671,0.0,0.3487731646374096,0.0,0.0,0.0,0.3487731646374096,0.0,0.0,0.6880948846229182,0.0,0.2874162188428885,0.0,0.0,0.0,0.0
369310874743218177,0.31387659158930403,0.0,0.0,0.0,0.31185412916393074,0.0,0.34452267496638056,0.0,0.0,0.0,0.34452267496638056,0.0,0.0,0.6797090897960192,0.0,0.28391348470694094,0.15564519489510723,0.0,0.0,0.0
369313986916798466,0.0,0.0,0.0,0.0,0.0,0.0,0.0,1.0,0.0,0.0,0.0,0.0,0.0,0.0,0.0,0.0,0.0,0.0,0.0,0.0
369314796442615808,0.31387659158930403,0.0,0.0,0.0,0.31185412916393074,0.0,0.34452267496638056,0.0,0.0,0.0,0.34452267496638056,0.0,0.0,0.6797090897960192,0.0,0.28391348470694094,0.15564519489510723,0.0,0.0,0.0
369328302093107200,0.0,0.0,0.0,0.0,0.0,0.0,0.0,0.5922811767179575,0.0,0.0,0.0,0.0,0.0,0.0,0.0,0.805731349585947,0.0,0.0,0.0,0.0
369328885080403969,0.0,0.5014274258470873,0.0,0.0,0.0,0.519141363615277,0.0,0.0,0.0,0.0,0.0,0.6377702482785441,0.0,0.0,0.0,0.0,0.26890870495906,0.0,0.0,0.0
369329220628934656,0.0,0.5014274258470873,0.0,0.0,0.0,0.519141363615277,0.0,0.0,0.0,0.0,0.0,0.6377702482785441,0.0,0.0,0.0,0.0,0.26890870495906,0.0,0.0,0.0
369330386666405888,0.0,0.5014274258470873,0.0,0.0,0.0,0.519141363615277,0.0,0.0,0.0,0.0,0.0,0.6377702482785441,0.0,0.0,0.0,0.0,0.26890870495906,0.0,0.0,0.0
369332613808283648,0.0,0.5014274258470873,0.0,0.0,0.0,0.519141363615277,0.0,0.0,0.0,0.0,0.0,0.6377702482785441,0.0,0.0,0.0,0.0,0.26890870495906,0.0,0.0,0.0
369332894826651648,0.0,0.0,0.0,0.0,0.0,0.0,0.0,0.0,0.0,0.0,0.0,0.0,0.0,0.0,0.0,1.0,0.0,0.0,0.0,0.0
369333976982245377,0.0,0.5751874034579749,0.0,0.0,0.0,0.0,0.0,0.41361293772901153,0.0,0.0,0.0,0.0,0.705750514450007,0.0,0.0,0.0,0.0,0.0,0.0,0.0
369341975515766785,0.0,0.40899097864105793,0.0,0.0,0.0,0.7169452465546221,0.0,0.0,0.0,0.0,0.0,0.5201994636630374,0.0,0.0,0.0,0.0,0.21933629621576534,0.0,0.0,0.0
369347008668004354,0.31387659158930403,0.0,0.0,0.0,0.31185412916393074,0.0,0.34452267496638056,0.0,0.0,0.0,0.34452267496638056,0.0,0.0,0.6797090897960192,0.0,0.28391348470694094,0.15564519489510723,0.0,0.0,0.0
369350146007375872,0.0,0.6947289403991909,0.0,0.0,0.0,0.7192716450492244,0.0,0.0,0.0,0.0,0.0,0.0,0.0,0.0,0.0,0.0,0.0,0.0,0.0,0.0
369350150210088960,0.0,0.2987028332243046,0.0,0.0,0.0,0.30925511482313933,0.0,0.0,0.0,0.6557874396370672,0.0,0.0,0.6205487292660908,0.0,0.0,0.0,0.0,0.0,0.0,0.0
369353690219438081,0.29384758813217665,0.0,0.0,0.0,0.2919541825017195,0.0,0.32253809238562736,0.0,0.0,0.0,0.5461044617459082,0.0,0.0,0.6363356874010465,0.0,0.0,0.14571320815199132,0.0,0.0,0.0
369356949197828097,0.0,0.0,0.0,0.0,0.0,0.0,0.9113167049591736,0.0,0.0,0.0,0.0,0.0,0.0,0.0,0.0,0.0,0.41170603986625504,0.0,0.0,0.0
369357095994261504,0.0,0.6045036024632838,0.0,0.0,0.0,0.6258589146036025,0.0,0.0,0.0,0.0,0.0,0.4541092548839716,0.0,0.0,0.0,0.0,0.19147009753179897,0.0,0.0,0.0
369359386088468480,0.0,0.0,0.0,0.0,0.0,0.0,0.0,1.0,0.0,0.0,0.0,0.0,0.0,0.0,0.0,0.0,0.0,0.0,0.0,0.0
369364721222176768,0.0,0.0,0.4487435446759795,0.0,0.0,0.0,0.0,0.3172226839069472,0.0,0.5720164618469147,0.0,0.5610940433794009,0.0,0.0,0.0,0.0,0.2365790391957883,0.0,0.0,0.0
369376146494091264,0.0,0.0,0.0,0.0,0.0,0.0,0.0,0.8016199786178435,0.0,0.0,0.0,0.0,0.0,0.0,0.0,0.0,0.5978339316906729,0.0,0.0,0.0
369376221995347968,0.0,0.0,0.0,0.0,0.0,0.0,0.0,0.0,0.0,0.0,0.0,0.0,0.0,0.0,0.0,0.0,1.0,0.0,0.0,0.0
369377702601445376,0.47557715434994074,0.0,0.0,0.0,0.4725127750658136,0.0,0.0,0.3162173866334131,0.0,0.0,0.0,0.0,0.5395638359861549,0.0,0.0,0.0,0.39929372515312184,0.0,0.0,0.0
369380470842093569,0.0,0.6947289403991909,0.0,0.0,0.0,0.7192716450492244,0.0,0.0,0.0,0.0,0.0,0.0,0.0,0.0,0.0,0.0,0.0,0.0,0.0,0.0
369403069752025088,0.0,0.0,0.8845944684645378,0.0,0.0,0.0,0.0,0.0,0.0,0.0,0.0,0.0,0.0,0.0,0.0,0.0,0.4663610472176485,0.0,0.0,0.0
369406123188555776,0.0,0.0,0.47318293263866185,0.0,0.0,0.0,0.0,0.0,0.0,0.6031695166328322,0.0,0.5916522434301689,0.0,0.0,0.0,0.0,0.24946356308775727,0.0,0.0,0.0
369410447507603457,0.0,0.0,0.0,0.0,0.0,0.0,0.0,0.6487797620301728,0.0,0.0,0.0,0.0,0.0,0.0,0.7609762285249602,0.0,0.0,0.0,0.0,0.0
369417145836244992,0.0,0.5184234412780628,0.0,0.0,0.0,0.5367377976594604,0.0,0.0,0.0,0.0,0.0,0.0,0.0,0.0,0.0,0.0,0.0,0.6656948791278802,0.0,0.0
369422355161825281,0.0,0.0,0.0,0.0,0.0,0.0,0.0,0.0,0.6203374643984652,0.0,0.6052890037451208,0.0,0.0,0.0,0.0,0.4988052247209547,0.0,0.0,0.0,0.0
369426541068828672,0.0,0.0,0.0,0.0,0.0,0.0,0.0,0.0,0.0,0.0,0.0,0.0,0.0,0.0,0.0,0.8768765914038699,0.4807155535739723,0.0,0.0,0.0
369428759847239681,0.5198808725920151,0.0,0.0,0.0,0.0,0.0,0.0,0.0,0.0,0.0,0.0,0.0,0.0,0.6649259421676054,0.0,0.47025230337410734,0.2577986441330402,0.0,0.0,0.0
369429695198011392,0.0,0.4112808076678918,0.0,0.5003599494349364,0.0,0.0,0.4882219641548076,0.295748936900191,0.0,0.0,0.0,0.0,0.5046383836815657,0.0,0.0,0.0,0.0,0.0,0.0,0.0
369431561663303682,0.0,0.35033584153353103,0.0,0.0,0.0,0.0,0.0,0.2519238699201387,0.0,0.0,0.0,0.0,0.9021081763854342,0.0,0.0,0.0,0.0,0.0,0.0,0.0
369442903052931072,0.0,0.0,0.0,0.0,0.0,0.0,0.49935514880002896,0.3024930569211692,0.0,0.0,0.0,0.0,0.0,0.0,0.0,0.0,0.2255939452009657,0.5401585414462887,0.5625642255535531,0.0
369444702392553472,0.0,0.5287075491499127,0.0,0.0,0.0,0.5473852124376598,0.0,0.0,0.0,0.0,0.0,0.0,0.6487200911614119,0.0,0.0,0.0,0.0,0.0,0.0,0.0
369452478640570368,0.0,0.0,0.0,0.0,0.5597345176089097,0.0,0.36521927475324956,0.0,0.0,0.0,0.36521927475324956,0.0,0.0,0.0,0.25949761142119404,0.0,0.16499530895598172,0.39506213410004837,0.41144924399501903,0.0
369452562530836480,0.0,0.0,0.0,0.0,0.0,0.0,0.0,0.2370982992445384,0.0,0.0,0.0,0.4193724161306226,0.0,0.0,0.0,0.0,0.176823697282261,0.42338383830310944,0.7465860155583341,0.0
369458384228974592,0.0,0.6947289403991909,0.0,0.0,0.0,0.7192716450492244,0.0,0.0,0.0,0.0,0.0,0.0,0.0,0.0,0.0,0.0,0.0,0.0,0.0,0.0
369468115010088962,0.0,0.0,0.8165711343093323,0.0,0.0,0.0,0.0,0.5772448203429551,0.0,0.0,0.0,0.0,0.0,0.0,0.0,0.0,0.0,0.0,0.0,0.0
369469897606066178,0.0,0.0,0.8165711343093323,0.0,0.0,0.0,0.0,0.5772448203429551,0.0,0.0,0.0,0.0,0.0,0.0,0.0,0.0,0.0,0.0,0.0,0.0
369472988795502592,0.0,0.0,0.0,0.6724462834142648,0.0,0.0,0.0,0.0,0.0,0.0,0.0,0.0,0.6781961784872562,0.0,0.0,0.0,0.2964218942784491,0.0,0.0,0.0
369478542041821184,0.0,0.0,0.0,0.0,0.0,0.0,0.0,1.0,0.0,0.0,0.0,0.0,0.0,0.0,0.0,0.0,0.0,0.0,0.0,0.0
369479024398974978,0.0,0.5287075491499127,0.0,0.0,0.0,0.5473852124376598,0.0,0.0,0.0,0.0,0.0,0.0,0.6487200911614119,0.0,0.0,0.0,0.0,0.0,0.0,0.0
369481389973860352,0.0,0.0,0.0,0.0,0.0,0.0,0.0,0.2370982992445384,0.0,0.0,0.0,0.4193724161306226,0.0,0.0,0.0,0.0,0.176823697282261,0.42338383830310944,0.7465860155583341,0.0
369494400713236480,0.0,0.49419601206734165,0.0,0.0,0.0,0.5116544855209219,0.0,0.35537263705057787,0.0,0.0,0.0,0.0,0.6063747009389284,0.0,0.0,0.0,0.0,0.0,0.0,0.0
369496145552097280,0.0,0.5496325077311436,0.0,0.0,0.0,0.0,0.0,0.3952366043263877,0.0,0.0,0.0,0.0,0.6743948541947573,0.0,0.0,0.0,0.2947604343892728,0.0,0.0,0.0
369498779575005184,0.0,0.41604853803343855,0.4232166329446465,0.0,0.0,0.0,0.0,0.0,0.0,0.0,0.0,0.0,0.0,0.0,0.35091549481807505,0.6891056195650812,0.22312116927724698,0.0,0.0,0.0
369558472909520896,0.0,0.0,0.0,0.4559906683887623,0.0,0.0,0.0,0.0,0.0,0.0,0.0,0.0,0.0,0.5184433214354917,0.0,0.0,0.20100582162608727,0.4812851308355744,0.5012487559189659,0.0
369574344130699264,0.0,0.0,0.0,0.0,0.0,0.0,0.0,0.48498361109432153,0.0,0.8745232398112195,0.0,0.0,0.0,0.0,0.0,0.0,0.0,0.0,0.0,0.0
369580585263828993,0.0,0.0,0.0,0.41661458041616634,0.0,0.0,0.4065081327472647,0.0,0.0,0.0,0.0,0.0,0.0,0.4736742696788354,0.0,0.0,0.18364839862592,0.4397247942641101,0.457964503679856,0.0
369585559720562689,0.0,0.0,1.0,0.0,0.0,0.0,0.0,0.0,0.0,0.0,0.0,0.0,0.0,0.0,0.0,0.0,0.0,0.0,0.0,0.0
369586692174258176,0.0,0.0,0.0,0.0,0.0,0.5318201507894672,0.0,0.36937881865781247,0.0,0.0,0.0,0.0,0.0,0.7105205853598506,0.0,0.0,0.2754761574458352,0.0,0.0,0.0
369594048996057089,0.0,0.0,0.0,0.0,0.0,0.0,1.0,0.0,0.0,0.0,0.0,0.0,0.0,0.0,0.0,0.0,0.0,0.0,0.0,0.0
369596032889278464,0.0,0.0,0.0,0.0,0.0,0.0,0.0,0.5840102688903235,0.0,0.0,0.0,0.0,0.0,0.0,0.68500584921041,0.0,0.4355444780710428,0.0,0.0,0.0
369601397425070081,0.0,0.0,0.0,0.0,0.0,0.0,0.0,0.8016199786178435,0.0,0.0,0.0,0.0,0.0,0.0,0.0,0.0,0.5978339316906729,0.0,0.0,0.0
369602596996382721,0.0,0.0,0.0,0.0,0.0,0.5318201507894672,0.0,0.36937881865781247,0.0,0.0,0.0,0.0,0.0,0.7105205853598506,0.0,0.0,0.2754761574458352,0.0,0.0,0.0
369604786422685696,0.0,0.0,0.0,0.0,0.0,0.0,0.0,1.0,0.0,0.0,0.0,0.0,0.0,0.0,0.0,0.0,0.0,0.0,0.0,0.0
369606636114960384,0.0,0.41604853803343855,0.4232166329446465,0.0,0.0,0.0,0.0,0.0,0.0,0.0,0.0,0.0,0.0,0.0,0.35091549481807505,0.6891056195650812,0.22312116927724698,0.0,0.0,0.0
369607961510821888,0.0,0.0,0.0,0.0,0.0,0.0,0.0,1.0,0.0,0.0,0.0,0.0,0.0,0.0,0.0,0.0,0.0,0.0,0.0,0.0
369608397684879361,0.0,0.0,0.0,0.0,0.0,0.0,0.0,0.8016199786178435,0.0,0.0,0.0,0.0,0.0,0.0,0.0,0.0,0.5978339316906729,0.0,0.0,0.0
369608439636299777,0.0,0.0,1.0,0.0,0.0,0.0,0.0,0.0,0.0,0.0,0.0,0.0,0.0,0.0,0.0,0.0,0.0,0.0,0.0,0.0
369612487148060672,0.0,0.0,0.0,0.4559906683887623,0.0,0.0,0.0,0.0,0.0,0.0,0.0,0.0,0.0,0.5184433214354917,0.0,0.0,0.20100582162608727,0.4812851308355744,0.5012487559189659,0.0
369613493785227264,0.0,0.0,0.45120019652529636,0.0,0.47660995672906403,0.0,0.0,0.0,0.0,0.0,0.0,0.0,0.0,0.0,0.0,0.43390797493607036,0.2378741939474173,0.0,0.0,0.5695621730267897
369613648974872576,0.0,0.0,0.8845944684645378,0.0,0.0,0.0,0.0,0.0,0.0,0.0,0.0,0.0,0.0,0.0,0.0,0.0,0.4663610472176485,0.0,0.0,0.0
369614403949187072,0.0,0.0,0.3559701115152534,0.42573455703704544,0.0,0.0,0.4154068723524627,0.2516399299895455,0.0,0.0,0.0,0.0,0.0,0.0,0.0,0.0,0.18766858702224837,0.4493506691898115,0.46798965825457267,0.0
369614773052137472,0.0,0.0,0.3559701115152534,0.42573455703704544,0.0,0.0,0.4154068723524627,0.2516399299895455,0.0,0.0,0.0,0.0,0.0,0.0,0.0,0.0,0.18766858702224837,0.4493506691898115,0.46798965825457267,0.0
369616144585355266,0.0,0.0,0.0,0.0,0.5455560789325691,0.0,0.0,0.0,0.6176905219807011,0.0,0.0,0.0,0.0,0.0,0.0,0.4966768530147632,0.27228493802316894,0.0,0.0,0.0
369616656290422786,0.0,0.0,0.3559701115152534,0.42573455703704544,0.0,0.0,0.4154068723524627,0.2516399299895455,0.0,0.0,0.0,0.0,0.0,0.0,0.0,0.0,0.18766858702224837,0.4493506691898115,0.46798965825457267,0.0
369616811496452096,0.0,0.0,0.45120019652529636,0.0,0.47660995672906403,0.0,0.0,0.0,0.0,0.0,0.0,0.0,0.0,0.0,0.0,0.43390797493607036,0.2378741939474173,0.0,0.0,0.5695621730267897
369617524515561472,0.0,0.0,0.45120019652529636,0.0,0.47660995672906403,0.0,0.0,0.0,0.0,0.0,0.0,0.0,0.0,0.0,0.0,0.43390797493607036,0.2378741939474173,0.0,0.0,0.5695621730267897
369617730032259072,0.0,0.0,0.0,0.0,0.0,0.0,0.0,0.0,0.0,0.0,0.0,0.0,0.0,0.0,0.843866950869863,0.0,0.5365524850651615,0.0,0.0,0.0
369618782781575170,0.0,0.0,0.0,0.0,0.0,0.0,0.0,0.6208355192872045,0.0,0.0,0.0,0.0,0.0,0.0,0.0,0.0,0.7839408510795871,0.0,0.0,0.0
369619525177589760,0.0,0.0,0.0,0.7157348167322091,0.0,0.0,0.6983721587501259,0.0,0.0,0.0,0.0,0.0,0.0,0.0,0.0,0.0,0.0,0.0,0.0,0.0
369624235380973569,0.0,0.0,0.0,0.0,0.0,0.0,0.0,0.0,0.47740383991629504,0.0,0.46582273557705883,0.0,0.0,0.0,0.3309789367212408,0.3838741706226109,0.21044498877334666,0.0,0.0,0.5038861219844696
369625489477869568,0.0,0.0,0.6172278013565075,0.0,0.0,0.0,0.0,0.0,0.0,0.786784494784062,0.0,0.0,0.0,0.0,0.0,0.0,0.0,0.0,0.0,0.0
369626441601667073,0.0,0.0,0.0,0.0,0.0,0.0,0.0,0.0,0.47740383991629504,0.0,0.46582273557705883,0.0,0.0,0.0,0.3309789367212408,0.3838741706226109,0.21044498877334666,0.0,0.0,0.5038861219844696
369627586625687553,0.0,0.0,0.0,0.0,0.0,0.0,0.0,0.5840102688903235,0.0,0.0,0.0,0.0,0.0,0.0,0.68500584921041,0.0,0.4355444780710428,0.0,0.0,0.0
369628664561807360,0.0,0.0,0.0,0.0,0.693719889675055,0.0,0.0,0.0,0.0,0.0,0.0,0.0,0.0,0.0,0.0,0.631565892092538,0.34623292537623573,0.0,0.0,0.0
369630543635165184,0.0,0.0,0.0,0.0,0.0,0.0,0.0,0.41448176682725413,0.0,0.0,0.0,0.0,0.0,0.0,0.48616000401365317,0.5638554228839227,0.5233740321697239,0.0,0.0,0.0
369630635884695552,0.0,0.0,0.6172278013565075,0.0,0.0,0.0,0.0,0.0,0.0,0.786784494784062,0.0,0.0,0.0,0.0,0.0,0.0,0.0,0.0,0.0,0.0
369632254902816768,0.0,0.0,0.6172278013565075,0.0,0.0,0.0,0.0,0.0,0.0,0.786784494784062,0.0,0.0,0.0,0.0,0.0,0.0,0.0,0.0,0.0,0.0
369632326197600256,0.0,0.0,0.0,0.0,0.5793928018205748,0.0,0.0,0.38774417813443113,0.6560011995258997,0.0,0.0,0.0,0.0,0.0,0.0,0.0,0.2891727161091438,0.0,0.0,0.0
369633227993915392,0.0,0.0,0.0,0.6371383116061098,0.0,0.0,0.0,0.3765948464274361,0.0,0.0,0.0,0.0,0.0,0.0,0.0,0.0,0.0,0.0,0.0,0.6724812960432518
369633513189826560,0.0,0.0,0.6172278013565075,0.0,0.0,0.0,0.0,0.0,0.0,0.786784494784062,0.0,0.0,0.0,0.0,0.0,0.0,0.0,0.0,0.0,0.0
369634171720699906,0.0,0.6561987887962203,0.6675044292893806,0.0,0.0,0.0,0.0,0.0,0.0,0.0,0.0,0.0,0.0,0.0,0.0,0.0,0.3519104807496248,0.0,0.0,0.0
369634876355379200,0.0,0.5673530017773329,0.5771279193485414,0.0,0.0,0.5873958938251725,0.0,0.0,0.0,0.0,0.0,0.0,0.0,0.0,0.0,0.0,0.0,0.0,0.0,0.0
369636700852473857,0.0,0.0,0.6172278013565075,0.0,0.0,0.0,0.0,0.0,0.0,0.786784494784062,0.0,0.0,0.0,0.0,0.0,0.0,0.0,0.0,0.0,0.0
369638504428761088,0.0,0.0,0.0,0.0,0.0,0.0,0.0,0.5056258940550736,0.0,0.0,0.0,0.0,0.8627528355566312,0.0,0.0,0.0,0.0,0.0,0.0,0.0
369638630236909568,0.0,0.0,0.0,0.0,0.0,0.0,0.0,0.0,0.0,0.0,0.0,0.0,0.0,0.0,0.0,0.4003215566657987,0.21946166724795116,0.0,0.0,0.8897073832881356
369640513495781376,0.0,0.0,0.0,0.0,0.0,0.0,0.0,0.0,0.0,0.0,0.7717225229418803,0.0,0.0,0.0,0.0,0.6359593914584635,0.0,0.0,0.0,0.0
369640685437063168,0.0,0.0,0.0,0.5299562190093212,0.0,0.4509967850377433,0.0,0.3132424738483835,0.0,0.0,0.0,0.0,0.0,0.6025392216235943,0.0,0.0,0.2336106692801973,0.0,0.0,0.0
369640920343273473,0.0,0.0,0.0,0.5690597673153497,0.0,0.0,0.5552552270299258,0.0,0.0,0.6065167879613437,0.0,0.0,0.0,0.0,0.0,0.0,0.0,0.0,0.0,0.0
369641440449544192,0.0,0.0,0.0,0.0,0.0,0.0,0.0,0.0,0.0,0.0,0.0,0.0,0.0,0.0,0.0,0.0,0.0,0.0,0.0,0.0
369641729856507904,0.0,0.0,0.0,1.0,0.0,0.0,0.0,0.0,0.0,0.0,0.0,0.0,0.0,0.0,0.0,0.0,0.0,0.0,0.0,0.0
369642031812853760,0.0,0.0,0.0,0.0,0.0,0.0,0.0,0.0,0.0,0.0,0.6917244009280172,0.0,0.0,0.0,0.4914878326831236,0.0,0.5291096894645018,0.0,0.0,0.0
369642887446679552,0.0,0.0,0.0,0.0,0.5340629778450281,0.0,0.0,0.0,0.0,0.0,0.0,0.0,0.0,0.0,0.0,0.48621347903731743,0.2665487755310599,0.0,0.0,0.6382201334654224
369644649066934272,0.0,0.0,0.0,0.0,0.0,0.0,0.0,0.8016199786178435,0.0,0.0,0.0,0.0,0.0,0.0,0.0,0.0,0.5978339316906729,0.0,0.0,0.0
369647064977645569,0.0,0.4210918598516231,0.4283468460895771,0.0,0.0,0.0,0.0,0.0,0.0,0.0,0.0,0.0,0.0,0.0,0.3551692767919773,0.4119304778418036,0.22582583413782714,0.0,0.0,0.5407137726152859
369648537195139072,0.0,0.0,0.0,0.0,0.0,0.0,0.0,0.0,0.0,0.0,0.0,0.0,0.0,0.0,0.843866950869863,0.0,0.5365524850651615,0.0,0.0,0.0
369648881123868672,0.47046822656123705,0.0,0.0,0.0,0.7914392435107428,0.0,0.0,0.31282039462261946,0.0,0.0,0.0,0.0,0.0,0.0,0.0,0.0,0.23329589009585294,0.0,0.0,0.0
369651187995672576,0.0,0.0,0.0,0.0,0.0,0.0,0.0,0.38961979419636583,0.6591744422355624,0.0,0.6431838544878259,0.0,0.0,0.0,0.0,0.0,0.0,0.0,0.0,0.0
369651687121645568,0.0,0.0,0.0,0.0,0.0,0.0,0.0,1.0,0.0,0.0,0.0,0.0,0.0,0.0,0.0,0.0,0.0,0.0,0.0,0.0
369652291105591296,0.0,0.0,0.0,0.0,0.0,0.0,0.0,0.0,0.0,0.0,0.0,0.0,0.0,0.0,0.5490084731342124,0.0,0.0,0.0,0.0,0.8358167840064238
369653452923994112,0.0,0.0,0.6172278013565075,0.0,0.0,0.0,0.0,0.0,0.0,0.786784494784062,0.0,0.0,0.0,0.0,0.0,0.0,0.0,0.0,0.0,0.0
369653998166355969,0.0,0.0,0.0,0.0,0.0,0.0,0.0,0.4620162876353108,0.0,0.0,0.0,0.8172006608848933,0.0,0.0,0.0,0.0,0.3445635352282354,0.0,0.0,0.0
369655759765639169,0.0,0.6510128132063066,0.0,0.0,0.0,0.6740111572636724,0.0,0.0,0.0,0.0,0.0,0.0,0.0,0.0,0.0,0.0,0.3491293126125268,0.0,0.0,0.0
369656976130596864,0.0,0.4210918598516231,0.4283468460895771,0.0,0.0,0.0,0.0,0.0,0.0,0.0,0.0,0.0,0.0,0.0,0.3551692767919773,0.4119304778418036,0.22582583413782714,0.0,0.0,0.5407137726152859
369657710129598464,0.0,0.0,0.0,0.0,0.0,0.0,0.0,0.0,0.0,0.0,0.6766725891112388,0.0,0.0,0.0,0.48079313641701266,0.5576308520157259,0.0,0.0,0.0,0.0
369658574147817472,0.0,0.0,0.0,0.0,0.0,0.0,0.0,0.8016199786178435,0.0,0.0,0.0,0.0,0.0,0.0,0.0,0.0,0.5978339316906729,0.0,0.0,0.0
369658876137721857,0.0,0.0,0.0,0.0,0.0,0.0,0.0,0.0,0.0,0.0,0.0,0.0,0.0,0.0,0.6030836271099413,0.69946513656211,0.38345620538213504,0.0,0.0,0.0
369659220104208384,0.0,0.6561987887962203,0.6675044292893806,0.0,0.0,0.0,0.0,0.0,0.0,0.0,0.0,0.0,0.0,0.0,0.0,0.0,0.3519104807496248,0.0,0.0,0.0
369660935561953280,0.734393316755299,0.0,0.0,0.0,0.0,0.0,0.0,0.0,0.0,0.0,0.0,0.0,0.0,0.0,0.5727528693139745,0.0,0.3641711232343389,0.0,0.0,0.0
369661778592301056,0.0,0.0,0.0,0.0,0.0,0.0,0.0,1.0,0.0,0.0,0.0,0.0,0.0,0.0,0.0,0.0,0.0,0.0,0.0,0.0
369661820543315968,0.0,0.0,0.0,0.0,0.0,0.0,0.0,0.0,0.0,0.0,0.0,0.0,0.0,0.0,0.0,0.0,0.0,0.0,0.0,0.0
369662692966948865,0.0,0.0,0.0,0.0,0.0,0.0,0.0,0.8016199786178435,0.0,0.0,0.0,0.0,0.0,0.0,0.0,0.0,0.5978339316906729,0.0,0.0,0.0
369663187899396096,0.0,0.0,0.0,0.0,0.0,0.0,0.0,0.0,0.0,0.0,0.0,0.0,0.0,0.0,1.0,0.0,0.0,0.0,0.0,0.0
369663603143901184,0.0,0.694728940399191,0.0,0.0,0.0,0.7192716450492244,0.0,0.0,0.0,0.0,0.0,0.0,0.0,0.0,0.0,0.0,0.0,0.0,0.0,0.0
369666065187364864,0.0,0.0,0.0,0.0,0.0,0.5538525830262997,0.0,0.38468157425990557,0.0,0.0,0.0,0.680413321193506,0.0,0.0,0.0,0.0,0.2868886805756537,0.0,0.0,0.0
369666346218319872,0.0,0.0,0.0,0.0,0.0,0.0,0.0,0.0,0.0,0.0,0.6471106320850821,0.0,0.0,0.0,0.4597886118272124,0.5332694997916031,0.2923455196654534,0.0,0.0,0.0
369668476899561472,0.0,0.0,0.0,0.0,0.0,0.0,0.0,0.0,0.0,0.0,0.0,0.0,0.0,0.0,0.0,0.0,1.0,0.0,0.0,0.0
369668565013516288,0.0,0.0,0.0,0.0,0.6052509754318286,0.0,0.0,0.4050491157233139,0.6852783891168476,0.0,0.0,0.0,0.0,0.0,0.0,0.0,0.0,0.0,0.0,0.0
369669005386063872,0.0,0.0,1.0,0.0,0.0,0.0,0.0,0.0,0.0,0.0,0.0,0.0,0.0,0.0,0.0,0.0,0.0,0.0,0.0,0.0
369669013804048386,0.0,0.0,0.0,0.0,0.0,0.0,0.0,0.0,0.0,0.0,0.6471106320850821,0.0,0.0,0.0,0.4597886118272124,0.5332694997916031,0.2923455196654534,0.0,0.0,0.0
369669156372635648,0.510564373300393,0.0,0.0,0.0,0.0,0.0,0.0,0.0,0.0,0.0,0.0,0.0,0.0,0.0,0.39818882212775975,0.4618251703860724,0.0,0.0,0.0,0.6062072208797578
369669861049266176,0.0,0.0,0.0,0.0,0.0,0.0,0.0,0.0,0.0,0.0,0.0,0.0,0.0,0.0,0.843866950869863,0.0,0.5365524850651615,0.0,0.0,0.0
369671631049748481,0.0,0.0,0.0,0.0,0.0,0.0,0.0,0.0,0.6770228187994796,0.0,0.39016056233661217,0.0,0.0,0.0,0.2772190324990505,0.32152265408660435,0.17626304791460384,0.0,0.0,0.42204142840630704
369672763499220993,0.0,0.0,0.0,0.0,0.0,0.0,0.0,0.0,0.6770228187994796,0.0,0.39016056233661217,0.0,0.0,0.0,0.2772190324990505,0.32152265408660435,0.17626304791460384,0.0,0.0,0.42204142840630704
369673598161526784,0.0,0.6510128132063066,0.0,0.0,0.0,0.6740111572636724,0.0,0.0,0.0,0.0,0.0,0.0,0.0,0.0,0.0,0.0,0.3491293126125268,0.0,0.0,0.0
369674277651353601,0.0,0.0,0.0,0.0,0.0,0.0,0.0,0.0,0.0,0.0,0.0,0.0,0.0,0.0,0.843866950869863,0.0,0.5365524850651615,0.0,0.0,0.0
369674579637059584,0.0,0.0,1.0,0.0,0.0,0.0,0.0,0.0,0.0,0.0,0.0,0.0,0.0,0.0,0.0,0.0,0.0,0.0,0.0,0.0
369675082940940289,0.0,0.0,1.0,0.0,0.0,0.0,0.0,0.0,0.0,0.0,0.0,0.0,0.0,0.0,0.0,0.0,0.0,0.0,0.0,0.0
369675842118377472,0.0,0.0,0.0,0.8048615967354936,0.0,0.0,0.0,0.47573144464326333,0.0,0.0,0.0,0.0,0.0,0.0,0.0,0.0,0.35479205554525217,0.0,0.0,0.0
369676118921469952,0.0,0.0,0.0,0.0,0.0,0.0,0.0,0.8016199786178435,0.0,0.0,0.0,0.0,0.0,0.0,0.0,0.0,0.5978339316906729,0.0,0.0,0.0
369680300642557952,0.631023898466738,0.0,0.0,0.0,0.0,0.0,0.0,0.0,0.7098554423826201,0.0,0.0,0.0,0.0,0.0,0.0,0.0,0.31291227282357387,0.0,0.0,0.0
369680657162584064,0.0,0.0,0.0,0.0,0.0,0.0,0.0,0.8016199786178435,0.0,0.0,0.0,0.0,0.0,0.0,0.0,0.0,0.5978339316906729,0.0,0.0,0.0
369683739984412672,0.0,0.0,0.0,0.0,0.0,0.0,0.0,0.0,0.0,0.0,0.0,0.0,0.0,0.0,0.843866950869863,0.0,0.5365524850651615,0.0,0.0,0.0
369686646658052097,0.0,0.0,0.0,0.0,0.0,0.0,0.0,0.47573144464326333,0.8048615967354936,0.0,0.0,0.0,0.0,0.0,0.0,0.0,0.35479205554525217,0.0,0.0,0.0
369689356153266177,0.0,0.0,0.5841958865270633,0.0,0.0,0.0,0.0,0.4129757168659128,0.6986889318172602,0.0,0.0,0.0,0.0,0.0,0.0,0.0,0.0,0.0,0.0,0.0
369690564100243456,0.0,0.0,0.0,0.0,0.0,0.0,0.0,0.48860862410488426,0.0,0.0,0.0,0.0,0.0,0.0,0.0,0.0,0.0,0.8725030730320278,0.0,0.0
369690585084342272,0.0,0.0,1.0,0.0,0.0,0.0,0.0,0.0,0.0,0.0,0.0,0.0,0.0,0.0,0.0,0.0,0.0,0.0,0.0,0.0
369692522878357504,0.0,0.0,0.0,0.0,0.0,0.0,0.0,1.0,0.0,0.0,0.0,0.0,0.0,0.0,0.0,0.0,0.0,0.0,0.0,0.0
369696125780889600,0.0,0.0,1.0,0.0,0.0,0.0,0.0,0.0,0.0,0.0,0.0,0.0,0.0,0.0,0.0,0.0,0.0,0.0,0.0,0.0
369696431952523266,0.0,0.0,0.0,0.0,0.0,0.0,0.0,0.0,0.0,0.0,0.0,0.0,0.0,0.0,0.0,0.0,1.0,0.0,0.0,0.0
369697241465769984,0.0,0.7010418711487317,0.7131201125310414,0.0,0.0,0.0,0.0,0.0,0.0,0.0,0.0,0.0,0.0,0.0,0.0,0.0,0.0,0.0,0.0,0.0
369697568617271297,0.3684877565686227,0.0,0.0,0.0,0.3661134073439909,0.0,0.0,0.2450122641988799,0.0,0.0,0.0,0.0,0.0,0.7979711910022241,0.0,0.0,0.1827257916787527,0.0,0.0,0.0
369699175039905792,0.0,0.0,0.0,0.0,0.0,0.0,0.0,0.45606851224038564,0.0,0.8223834863211005,0.0,0.0,0.0,0.0,0.0,0.0,0.3401277900571981,0.0,0.0,0.0
369699237920927744,0.5661748480794039,0.0,0.0,0.0,0.0,0.0,0.0,0.0,0.6369050335904237,0.0,0.0,0.0,0.0,0.0,0.4415593951802426,0.0,0.28075491111911727,0.0,0.0,0.0
369699720291053568,0.0,0.0,0.0,0.0,0.0,0.0,0.0,0.0,0.0,0.0,0.0,0.0,0.0,0.0,0.843866950869863,0.0,0.5365524850651615,0.0,0.0,0.0
369704547913969664,0.0,0.0,0.0,0.0,0.0,0.0,0.0,0.0,0.0,0.0,0.0,0.0,0.0,0.0,1.0,0.0,0.0,0.0,0.0,0.0
369705621668364288,0.0,0.0,0.0,0.0,0.0,0.0,0.0,1.0,0.0,0.0,0.0,0.0,0.0,0.0,0.0,0.0,0.0,0.0,0.0,0.0
369706166919512064,0.0,0.0,0.0,0.0,0.0,0.0,0.0,0.8016199786178435,0.0,0.0,0.0,0.0,0.0,0.0,0.0,0.0,0.5978339316906729,0.0,0.0,0.0
369706338894348289,0.0,0.0,0.0,0.0,0.0,0.0,0.0,0.0,0.0,0.0,0.8151807184465282,0.0,0.0,0.0,0.5792066956389595,0.0,0.0,0.0,0.0,0.0
369708536709648384,0.486535662342748,0.0,0.0,0.0,0.48340067196098724,0.0,0.0,0.0,0.0,0.0,0.0,0.5722039653676846,0.0,0.0,0.37944884610549295,0.0,0.24126341376818247,0.0,0.0,0.0
369708696076431360,0.0,0.0,0.0,0.0,0.0,0.0,0.0,0.5056258940550736,0.0,0.0,0.0,0.0,0.8627528355566312,0.0,0.0,0.0,0.0,0.0,0.0,0.0
369710071824920576,0.734393316755299,0.0,0.0,0.0,0.0,0.0,0.0,0.0,0.0,0.0,0.0,0.0,0.0,0.0,0.5727528693139745,0.0,0.3641711232343389,0.0,0.0,0.0
369710717760319488,0.734393316755299,0.0,0.0,0.0,0.0,0.0,0.0,0.0,0.0,0.0,0.0,0.0,0.0,0.0,0.5727528693139745,0.0,0.3641711232343389,0.0,0.0,0.0
369711032312164352,0.0,0.0,0.0,0.0,0.0,0.0,0.6645732123563013,0.0,0.0,0.0,0.0,0.0,0.0,0.0,0.0,0.5476600243550743,0.508341364775508,0.0,0.0,0.0
369715109175623680,0.0,0.0,0.0,0.0,0.0,0.0,0.0,0.8016199786178435,0.0,0.0,0.0,0.0,0.0,0.0,0.0,0.0,0.5978339316906729,0.0,0.0,0.0
369715302105227264,0.0,0.0,0.0,0.0,0.0,0.0,0.0,0.0,0.0,0.0,0.5321020860803147,0.0,0.0,0.0,0.0,0.7424340524026245,0.4070123435744849,0.0,0.0,0.0
369716149354647553,0.0,0.0,0.8845944684645378,0.0,0.0,0.0,0.0,0.0,0.0,0.0,0.0,0.0,0.0,0.0,0.0,0.0,0.4663610472176485,0.0,0.0,0.0
369718095536865281,0.0,0.0,0.0,0.0,0.0,0.0,0.0,0.0,0.0,0.0,0.0,0.0,0.0,0.0,0.843866950869863,0.0,0.5365524850651615,0.0,0.0,0.0
369719022465454081,0.0,0.0,0.0,0.0,0.0,0.0,0.0,0.0,0.0,0.0,0.0,0.0,0.0,0.0,0.0,0.0,1.0,0.0,0.0,0.0
369720456904835072,0.0,0.0,0.0,0.0,0.0,0.0,0.0,0.4620162876353108,0.0,0.0,0.0,0.8172006608848933,0.0,0.0,0.0,0.0,0.3445635352282354,0.0,0.0,0.0
369721207697862657,0.0,0.0,0.0,0.0,0.0,0.0,0.0,0.0,0.0,0.0,0.0,0.0,0.0,0.0,0.6030836271099413,0.69946513656211,0.38345620538213504,0.0,0.0,0.0
369721459343884288,0.0,0.0,0.0,0.0,0.0,0.0,0.0,0.0,0.0,0.0,0.0,0.0,0.0,0.0,0.843866950869863,0.0,0.5365524850651615,0.0,0.0,0.0
369722000425877504,0.0,0.0,0.0,0.0,0.6575082443334715,0.0,0.0,0.44002098924012084,0.0,0.0,0.0,0.0,0.0,0.0,0.5161158415545591,0.0,0.3281598326396617,0.0,0.0,0.0
369722608612167680,0.0,0.0,0.0,0.0,0.0,0.0,0.0,0.0,0.0,0.0,0.0,0.0,0.0,0.0,0.0,0.0,0.0,0.0,0.0,0.0
369724386984484864,0.8334413174908716,0.0,0.0,0.0,0.0,0.0,0.0,0.32729929969541177,0.0,0.0,0.0,0.0,0.0,0.0,0.0,0.4452535667661441,0.0,0.0,0.0,0.0
369724751885131776,0.0,0.0,0.0,0.0,0.0,0.6239568811292509,0.0,0.0,0.0,0.7814587708199698,0.0,0.0,0.0,0.0,0.0,0.0,0.0,0.0,0.0,0.0
369725490099003392,0.0,0.0,0.0,0.0,0.6710826787209432,0.0,0.7413825182189847,0.0,0.0,0.0,0.0,0.0,0.0,0.0,0.0,0.0,0.0,0.0,0.0,0.0
369727876637011968,0.0,0.0,0.0,0.0,0.0,0.4889949599669006,0.0,0.0,0.0,0.0,0.0,0.6007350962235473,0.5795203227988666,0.0,0.0,0.0,0.2532932465648304,0.0,0.0,0.0
369729738920570882,0.0,0.0,0.5354230482673913,0.0,0.0,0.0,0.0,0.0,0.0,0.0,0.0,0.6694752194993655,0.0,0.0,0.0,0.5149029907277011,0.0,0.0,0.0,0.0
369731232084410368,0.734393316755299,0.0,0.0,0.0,0.0,0.0,0.0,0.0,0.0,0.0,0.0,0.0,0.0,0.0,0.5727528693139745,0.0,0.3641711232343389,0.0,0.0,0.0
369733006270795776,0.0,0.0,0.0,0.7157348167322091,0.0,0.0,0.6983721587501259,0.0,0.0,0.0,0.0,0.0,0.0,0.0,0.0,0.0,0.0,0.0,0.0,0.0
369733518005239809,0.0,0.0,0.0,0.0,0.0,0.0,0.0,0.0,0.44495589455707735,0.0,0.7351000458638968,0.0,0.0,0.0,0.3084831259299707,0.3577832030355856,0.19614156905632887,0.0,0.0,0.0
369737171214667776,0.0,0.0,0.0,0.0,0.0,0.0,0.0,0.0,0.47740383991629504,0.0,0.46582273557705883,0.0,0.0,0.0,0.3309789367212408,0.3838741706226109,0.21044498877334666,0.0,0.0,0.5038861219844696
369737678717079552,0.0,0.5014274258470873,0.0,0.0,0.0,0.519141363615277,0.0,0.0,0.0,0.0,0.0,0.6377702482785441,0.0,0.0,0.0,0.0,0.26890870495906,0.0,0.0,0.0
369737829724606464,0.0,0.7010418711487317,0.7131201125310414,0.0,0.0,0.0,0.0,0.0,0.0,0.0,0.0,0.0,0.0,0.0,0.0,0.0,0.0,0.0,0.0,0.0
369744137970401280,0.0,0.5647962338604521,0.0,0.0,0.0,0.0,0.0,0.40614072578933225,0.0,0.0,0.0,0.7183696298371501,0.0,0.0,0.0,0.0,0.0,0.0,0.0,0.0
369744960058163201,0.734393316755299,0.0,0.0,0.0,0.0,0.0,0.0,0.0,0.0,0.0,0.0,0.0,0.0,0.0,0.5727528693139745,0.0,0.3641711232343389,0.0,0.0,0.0
369754191725473792,0.0,0.0,0.0,0.0,0.0,0.0,0.0,0.0,0.0,0.0,0.0,0.0,0.0,0.0,0.0,0.4003215566657987,0.21946166724795116,0.0,0.0,0.8897073832881356
369755684885110785,0.0,0.4955067781211679,0.0,0.0,0.0,0.8686040713904003,0.0,0.0,0.0,0.0,0.0,0.0,0.0,0.0,0.0,0.0,0.0,0.0,0.0,0.0
369755970110361600,0.0,0.6947289403991909,0.0,0.0,0.0,0.7192716450492244,0.0,0.0,0.0,0.0,0.0,0.0,0.0,0.0,0.0,0.0,0.0,0.0,0.0,0.0
369756448240447488,0.0,0.0,0.0,0.0,0.0,0.0,0.0,0.0,0.6563171643141545,0.0,0.0,0.0,0.0,0.0,0.45501761618567205,0.5277360298581889,0.28931199694594795,0.0,0.0,0.0
369756905440178178,0.0,0.0,0.8165711343093323,0.0,0.0,0.0,0.0,0.5772448203429551,0.0,0.0,0.0,0.0,0.0,0.0,0.0,0.0,0.0,0.0,0.0,0.0
369757526163595264,0.0,0.0,0.0,0.0,0.0,0.0,0.0,0.0,0.6563171643141545,0.0,0.0,0.0,0.0,0.0,0.45501761618567205,0.5277360298581889,0.28931199694594795,0.0,0.0,0.0
369757668774531073,0.0,0.0,0.0,0.0,0.6268479541454605,0.0,0.0,0.41950235493372656,0.0,0.0,0.0,0.0,0.0,0.0,0.0,0.0,0.6565663839922881,0.0,0.0,0.0
369758155325980672,0.0,0.0,0.0,0.0,0.0,0.6227308413683308,0.4217032848369081,0.0,0.0,0.0,0.0,0.0,0.4358830197689062,0.0,0.0,0.0,0.19051312069010384,0.45616157519952244,0.0,0.0
369759958872506368,0.0,0.0,0.0,0.0,0.0,0.0,0.0,0.0,0.0,0.0,0.0,0.0,0.0,0.0,0.6030836271099413,0.69946513656211,0.38345620538213504,0.0,0.0,0.0
369760902586716160,0.5511066613598705,0.5095838706205823,0.0,0.0,0.0,0.0,0.0,0.0,0.0,0.660761474821378,0.0,0.0,0.0,0.0,0.0,0.0,0.0,0.0,0.0,0.0
369761187807760384,0.0,0.7443853900775957,0.0,0.0,0.0,0.0,0.0,0.5352819379241601,0.0,0.0,0.0,0.0,0.0,0.0,0.0,0.0,0.3992037549562642,0.0,0.0,0.0
369761808556359680,0.0,0.0,0.565721304914452,0.0,0.0,0.0,0.0,0.3999157933689806,0.0,0.7211288119191663,0.0,0.0,0.0,0.0,0.0,0.0,0.0,0.0,0.0,0.0
369763419161133056,0.0,0.0,0.0,0.0,0.7322020105482534,0.0,0.0,0.0,0.0,0.0,0.0,0.0,0.0,0.0,0.5747472524015838,0.0,0.3654392037068893,0.0,0.0,0.0
369769127633616899,0.0,0.0,0.4079110486185584,0.0,0.0,0.0,0.0,0.2883576581174223,0.48785508663891647,0.5199670001883426,0.0,0.0,0.4920265953946141,0.0,0.0,0.0,0.0,0.0,0.0,0.0
369773326127755264,0.0,0.0,0.0,0.0,0.5517787909074644,0.0,0.0,0.3692641902352804,0.0,0.0,0.6095808496838141,0.0,0.0,0.0,0.433122744049927,0.0,0.0,0.0,0.0,0.0
369774097867083776,0.0,0.0,0.0,0.0,0.0,0.0,0.5125684361032216,0.3104972352658306,0.0,0.0,0.0,0.0,0.0,0.0,0.0,0.0,0.0,0.5544515151235491,0.5774500693394832,0.0
369774840271495168,0.0,0.0,0.0,0.0,0.0,0.0,0.627819832522297,0.38031277096425337,0.0,0.0,0.0,0.0,0.0,0.0,0.0,0.0,0.0,0.6791203532019685,0.0,0.0
369774882231312384,0.0,0.0,0.0,0.0,0.5617270494668818,0.0,0.0,0.0,0.0,0.0,0.0,0.0,0.6414378987855301,0.0,0.4409317014016344,0.0,0.2803558071413812,0.0,0.0,0.0
369776186638884864,0.0,0.0,0.0,0.9150411712860281,0.0,0.0,0.0,0.0,0.0,0.0,0.0,0.0,0.0,0.0,0.0,0.0,0.40336045276091925,0.0,0.0,0.0
369777109377355776,0.0,0.0,0.0,0.8048615967354936,0.0,0.0,0.0,0.47573144464326333,0.0,0.0,0.0,0.0,0.0,0.0,0.0,0.0,0.35479205554525217,0.0,0.0,0.0
369778057298448384,0.0,0.0,1.0,0.0,0.0,0.0,0.0,0.0,0.0,0.0,0.0,0.0,0.0,0.0,0.0,0.0,0.0,0.0,0.0,0.0
369778120204619777,0.5165491736851795,0.4776300954933879,0.0,0.0,0.0,0.0,0.0,0.3434602109801635,0.0,0.0,0.5669836739611008,0.0,0.0,0.0,0.0,0.0,0.25614652052910875,0.0,0.0,0.0
369782633267351552,0.7696848881270881,0.0,0.0,0.0,0.0,0.0,0.0,0.5117734139005515,0.0,0.0,0.0,0.0,0.0,0.0,0.0,0.0,0.3816715155907847,0.0,0.0,0.0
369785367970316288,0.0,0.0,0.0,0.0,0.0,0.0,0.5238989840282261,0.0,0.0,0.0,0.0,0.0,0.0,0.0,0.0,0.0,0.2366821268944897,0.5667079067030993,0.5902148539498852,0.0
369785825145659392,0.0,0.0,0.0,0.0,0.0,0.0,0.0,0.0,0.0,0.0,0.0,0.0,0.0,0.0,0.0,1.0,0.0,0.0,0.0,0.0
369786382996094977,0.0,0.0,0.0,0.0,0.0,0.0,0.0,0.0,0.0,0.0,0.0,0.0,0.0,0.0,0.0,0.0,1.0,0.0,0.0,0.0
369786454312247296,0.0,0.0,0.0,0.0,0.0,0.0,0.0,0.8016199786178435,0.0,0.0,0.0,0.0,0.0,0.0,0.0,0.0,0.5978339316906729,0.0,0.0,0.0
369790690534121472,0.0,0.0,0.0,0.8048615967354936,0.0,0.0,0.0,0.47573144464326333,0.0,0.0,0.0,0.0,0.0,0.0,0.0,0.0,0.35479205554525217,0.0,0.0,0.0
369790757663539201,0.0,0.0,0.0,0.0,0.0,0.0,1.0,0.0,0.0,0.0,0.0,0.0,0.0,0.0,0.0,0.0,0.0,0.0,0.0,0.0
369792313741963265,0.0,0.0,0.0,0.0,0.0,0.0,0.0,0.0,0.8218145055135657,0.0,0.0,0.0,0.0,0.0,0.5697551390970453,0.0,0.0,0.0,0.0,0.0
369794255713091584,0.0,0.0,0.0,0.0,0.7322020105482534,0.0,0.0,0.0,0.0,0.0,0.0,0.0,0.0,0.0,0.5747472524015838,0.0,0.3654392037068893,0.0,0.0,0.0
369799687332585472,0.0,0.0,0.0,0.8048615967354936,0.0,0.0,0.0,0.47573144464326333,0.0,0.0,0.0,0.0,0.0,0.0,0.0,0.0,0.35479205554525217,0.0,0.0,0.0
369801478288179200,0.0,0.0,0.0,0.0,0.0,0.0,0.0,0.2954610527864385,0.0,0.532775853059863,0.0,0.0,0.0,0.0,0.0,0.0,0.22034960150736216,0.5276015686168256,0.5494863916342937,0.0
369806230430035968,0.0,0.0,0.0,0.0,0.0,0.0,0.49935514880002896,0.3024930569211692,0.0,0.0,0.0,0.0,0.0,0.0,0.0,0.0,0.2255939452009657,0.5401585414462887,0.5625642255535531,0.0
369812039536881664,0.0,0.0,0.0,0.0,0.7322020105482534,0.0,0.0,0.0,0.0,0.0,0.0,0.0,0.0,0.0,0.5747472524015838,0.0,0.3654392037068893,0.0,0.0,0.0
369814627435429890,0.0,0.4860329096118243,0.49440676436092595,0.0,0.0,0.0,0.0,0.3495026114427307,0.0,0.6302236799130414,0.0,0.0,0.0,0.0,0.0,0.0,0.0,0.0,0.0,0.0
369816519087509504,0.0,0.0,0.0,0.0,0.0,0.0,0.0,0.41359069403579923,0.0,0.7457874151413627,0.0,0.0,0.0,0.0,0.0,0.0,0.522248857560982,0.0,0.0,0.0
369825461326454785,0.5661748480794039,0.0,0.0,0.0,0.0,0.0,0.0,0.0,0.6369050335904237,0.0,0.0,0.0,0.0,0.0,0.4415593951802426,0.0,0.28075491111911727,0.0,0.0,0.0
369826258248425473,0.0,0.0,0.0,0.0,0.0,0.0,0.0,0.0,0.5750111186716524,0.0,0.0,0.0,0.0,0.0,0.6749714491161907,0.46235890418803915,0.0,0.0,0.0,0.0
369826660914561024,0.0,0.0,0.0,0.0,0.0,0.0,0.0,0.0,0.5573844832747683,0.0,0.0,0.0,0.0,0.0,0.6542805872344896,0.4481855576874488,0.245701357043468,0.0,0.0,0.0
369830419006377984,0.0,0.0,0.0,0.0,0.0,0.0,0.0,0.0,0.0,0.0,0.0,0.0,0.0,0.0,1.0,0.0,0.0,0.0,0.0,0.0
369844046275313665,0.0,0.0,0.0,0.0,0.0,0.0,0.0,0.0,0.0,0.0,0.0,0.0,0.0,0.0,0.843866950869863,0.0,0.5365524850651615,0.0,0.0,0.0
369846864855564289,0.0,0.0,0.0,0.0,0.0,0.0,0.0,0.0,0.6233391651966432,0.0,0.0,0.6516831474396574,0.0,0.0,0.43215432483673427,0.0,0.0,0.0,0.0,0.0
369847057810345986,0.0,0.0,0.0,0.0,0.0,0.0,0.0,0.36588055015100585,0.0,0.0,0.6039951409903117,0.0,0.0,0.0,0.0,0.0,0.27286721097329364,0.0,0.0,0.6533488944330945
369861725278838784,0.0,0.7273535605059033,0.0,0.0,0.0,0.4447627497943221,0.0,0.0,0.5226307438476793,0.0,0.0,0.0,0.0,0.0,0.0,0.0,0.0,0.0,0.0,0.0
369863738553167872,0.0,0.0,0.0,0.0,0.0,0.0,0.0,0.47310690055343674,0.0,0.0,0.0,0.0,0.8072654600427318,0.0,0.0,0.0,0.3528347172129143,0.0,0.0,0.0
369866045399760896,0.0,0.0,0.0,0.8608649623121034,0.0,0.0,0.0,0.508833486185197,0.0,0.0,0.0,0.0,0.0,0.0,0.0,0.0,0.0,0.0,0.0,0.0
369869254067122177,0.34160370363961373,0.0,0.0,0.0,0.33940258169075727,0.0,0.0,0.22713671050255957,0.0,0.0,0.37495698917979764,0.0,0.0,0.7397529751936535,0.0,0.0,0.16939452146035716,0.0,0.0,0.0
369887180518211584,0.0,0.0,0.0,0.0,0.0,0.0,0.0,0.0,0.0,0.0,0.0,0.0,0.0,0.0,1.0,0.0,0.0,0.0,0.0,0.0
369894143071645696,0.0,0.0,0.0,0.0,0.0,0.6411224914127803,0.0,0.0,0.0,0.0,0.0,0.0,0.0,0.0,0.5223023842036388,0.0,0.5622829985513201,0.0,0.0,0.0
369899113317289984,0.0,0.0,0.0,0.0,0.0,0.0,0.0,0.0,0.0,0.0,0.0,0.0,0.0,0.0,0.843866950869863,0.0,0.5365524850651615,0.0,0.0,0.0
369933791797993472,0.551871346618253,0.0,0.0,0.0,0.5483153660447287,0.0,0.0,0.3669463795501769,0.0,0.0,0.0,0.0,0.0,0.0,0.4304041037087647,0.0,0.27366208759465305,0.0,0.0,0.0
369943711318167552,0.5213278851589899,0.0,0.0,0.0,0.0,0.0,0.0,0.3466376379021715,0.0,0.0,0.0,0.6131223386757134,0.0,0.0,0.4065832780143464,0.0,0.2585161890504935,0.0,0.0,0.0
369967677588008960,0.734393316755299,0.0,0.0,0.0,0.0,0.0,0.0,0.0,0.0,0.0,0.0,0.0,0.0,0.0,0.5727528693139745,0.0,0.3641711232343389,0.0,0.0,0.0
369973818061643776,0.5123640990248437,0.0,0.0,0.0,0.0,0.4904968848058982,0.0,0.3406775008355477,0.0,0.0,0.56238997963808,0.0,0.0,0.0,0.0,0.0,0.25407122476442534,0.0,0.0,0.0
369975072166924288,0.788540794194216,0.0,0.0,0.0,0.0,0.0,0.0,0.0,0.0,0.0,0.0,0.0,0.0,0.0,0.6149824516939937,0.0,0.0,0.0,0.0,0.0
369977278337261569,1.0,0.0,0.0,0.0,0.0,0.0,0.0,0.0,0.0,0.0,0.0,0.0,0.0,0.0,0.0,0.0,0.0,0.0,0.0,0.0
369983339140091904,0.788540794194216,0.0,0.0,0.0,0.0,0.0,0.0,0.0,0.0,0.0,0.0,0.0,0.0,0.0,0.6149824516939937,0.0,0.0,0.0,0.0,0.0
369988581982351360,0.0,0.0,0.0,0.0,0.0,0.0,0.0,0.0,0.0,0.0,0.7649555428469251,0.0,0.0,0.0,0.5435204271359825,0.0,0.3455843786308711,0.0,0.0,0.0
369988598797332480,0.0,0.0,0.0,0.6248955773381345,0.0,0.0,0.0,0.3693585045727489,0.0,0.0,0.0,0.0,0.6302388799779041,0.0,0.0,0.0,0.27546100756226666,0.0,0.0,0.0
369988607177523201,0.0,0.0,0.0,0.0,0.6960541851250445,0.0,0.0,0.46581689848456354,0.0,0.0,0.0,0.0,0.0,0.0,0.5463727559607381,0.0,0.0,0.0,0.0,0.0
369992423998783488,0.0,0.0,0.0,0.0,0.7322020105482534,0.0,0.0,0.0,0.0,0.0,0.0,0.0,0.0,0.0,0.5747472524015838,0.0,0.3654392037068893,0.0,0.0,0.0
370007594766589952,0.0,0.6947289403991909,0.0,0.0,0.0,0.7192716450492244,0.0,0.0,0.0,0.0,0.0,0.0,0.0,0.0,0.0,0.0,0.0,0.0,0.0,0.0
370008039396360192,0.0,0.0,0.0,0.0,0.0,0.0,0.0,0.5840102688903235,0.0,0.0,0.0,0.0,0.0,0.0,0.68500584921041,0.0,0.4355444780710428,0.0,0.0,0.0
370009834520707073,0.0,0.556717892610824,0.0,0.0,0.598201830485356,0.5763850779218112,0.0,0.0,0.0,0.0,0.0,0.0,0.0,0.0,0.0,0.0,0.0,0.0,0.0,0.0
370012825088843777,0.0,0.0,0.0,1.0,0.0,0.0,0.0,0.0,0.0,0.0,0.0,0.0,0.0,0.0,0.0,0.0,0.0,0.0,0.0,0.0
370021389841211392,0.621414381564257,0.0,0.5844939768959182,0.0,0.0,0.0,0.0,0.0,0.0,0.0,0.0,0.0,0.0,0.0,0.0,0.0,0.5217383993511557,0.0,0.0,0.0
370026741781118976,0.0,0.0,0.0,0.0,0.0,0.0,0.0,0.0,0.7726755943307366,0.0,0.0,0.0,0.0,0.0,0.5356876615966887,0.0,0.34060410323235163,0.0,0.0,0.0
370027228299411456,0.734393316755299,0.0,0.0,0.0,0.0,0.0,0.0,0.0,0.0,0.0,0.0,0.0,0.0,0.0,0.5727528693139745,0.0,0.3641711232343389,0.0,0.0,0.0
370028776022740993,0.4338992266632248,0.0,0.0,0.0,0.43110339892124033,0.0,0.0,0.0,0.48810469498998776,0.0,0.4762640038842329,0.0,0.0,0.0,0.33839772420925074,0.0,0.21516204619425747,0.0,0.0,0.0
370028910219898880,0.0,0.0,0.0,0.0,0.0,0.0,0.0,0.0,0.7726755943307366,0.0,0.0,0.0,0.0,0.0,0.5356876615966887,0.0,0.34060410323235163,0.0,0.0,0.0
370029572927918080,0.0,0.0,0.0,0.0,0.0,0.0,0.0,0.5181182749845903,0.0,0.0,0.855308981086363,0.0,0.0,0.0,0.0,0.0,0.0,0.0,0.0,0.0
370029879103741952,0.0,0.0,0.0,0.0,0.0,0.0,0.0,0.0,0.6169741807440544,0.0,0.6020073083304088,0.0,0.0,0.0,0.427741549718012,0.0,0.27196916673919597,0.0,0.0,0.0
370030592168960000,0.0,0.0,0.7008447541551972,0.0,0.0,0.7133138373627286,0.0,0.0,0.0,0.0,0.0,0.0,0.0,0.0,0.0,0.0,0.0,0.0,0.0,0.0
370034887127887872,0.0,0.0,0.0,0.0,0.6052509754318286,0.0,0.0,0.4050491157233139,0.6852783891168476,0.0,0.0,0.0,0.0,0.0,0.0,0.0,0.0,0.0,0.0,0.0
370039584748343296,0.0,0.0,0.0,0.7726755943307366,0.0,0.0,0.0,0.0,0.0,0.0,0.0,0.0,0.0,0.0,0.5356876615966887,0.0,0.34060410323235163,0.0,0.0,0.0
370040624923156480,0.0,0.0,0.0,0.0,0.7866075569444809,0.0,0.0,0.0,0.0,0.0,0.0,0.0,0.0,0.0,0.6174532786841733,0.0,0.0,0.0,0.0,0.0
370046790566805504,0.0,0.0,0.0,0.0,0.0,0.0,0.0,0.0,0.0,0.0,0.0,0.0,0.0,0.0,0.843866950869863,0.0,0.5365524850651615,0.0,0.0,0.0
370052918449156096,0.5661748480794039,0.0,0.0,0.0,0.0,0.0,0.0,0.0,0.6369050335904237,0.0,0.0,0.0,0.0,0.0,0.4415593951802426,0.0,0.28075491111911727,0.0,0.0,0.0
370054755529158656,0.0,0.0,0.0,0.0,0.0,0.0,0.0,0.0,0.0,0.0,0.0,0.9214420767353517,0.0,0.0,0.0,0.0,0.38851576444417557,0.0,0.0,0.0
370056789766574081,0.5213278851589899,0.0,0.0,0.0,0.0,0.0,0.0,0.3466376379021715,0.0,0.0,0.0,0.6131223386757134,0.0,0.0,0.4065832780143464,0.0,0.2585161890504935,0.0,0.0,0.0
370057389547855872,0.5213278851589899,0.0,0.0,0.0,0.0,0.0,0.0,0.3466376379021715,0.0,0.0,0.0,0.6131223386757134,0.0,0.0,0.4065832780143464,0.0,0.2585161890504935,0.0,0.0,0.0
370062351426273280,0.0,0.0,0.0,0.0,0.0,0.0,0.5916251781933638,0.0,0.0,0.0,0.0,0.6339046680246966,0.0,0.0,0.4203647814084879,0.0,0.26727882620133614,0.0,0.0,0.0
370064578593316864,0.0,0.0,0.0,0.0,0.0,0.0,0.0,0.45606851224038564,0.0,0.8223834863211005,0.0,0.0,0.0,0.0,0.0,0.0,0.3401277900571981,0.0,0.0,0.0
370065367105675264,0.0,0.0,0.0,0.0,0.0,0.0,0.0,0.0,0.0,0.0,0.0,0.0,0.0,0.0,0.0,0.0,0.0,0.0,0.0,0.0
370066424083267584,0.734393316755299,0.0,0.0,0.0,0.0,0.0,0.0,0.0,0.0,0.0,0.0,0.0,0.0,0.0,0.5727528693139745,0.0,0.3641711232343389,0.0,0.0,0.0
370068756128481280,0.0,0.0,0.0,0.0,0.0,0.0,0.0,0.0,0.0,0.9240838401199394,0.0,0.0,0.0,0.0,0.0,0.0,0.3821898172756388,0.0,0.0,0.0
370086036669345792,0.4934585167761596,0.0,0.0,0.0,0.4902789190125708,0.0,0.0,0.0,0.5551045128001221,0.0,0.0,0.0,0.0,0.0,0.38484797576818924,0.0,0.2446963203830494,0.0,0.0,0.0
370087697613733888,0.0,0.556717892610824,0.0,0.0,0.598201830485356,0.5763850779218112,0.0,0.0,0.0,0.0,0.0,0.0,0.0,0.0,0.0,0.0,0.0,0.0,0.0,0.0
370088616136949761,0.8777512126818197,0.0,0.0,0.0,0.0,0.0,0.0,0.0,0.0,0.0,0.0,0.0,0.0,0.0,0.404310745584207,0.0,0.25707125401479197,0.0,0.0,0.0
370088771351363584,0.0,0.6106934491465956,0.0,0.0,0.0,0.0,0.0,0.0,0.0,0.7918671044875107,0.0,0.0,0.0,0.0,0.0,0.0,0.0,0.0,0.0,0.0
370091480842379264,0.0,0.5522149820277155,0.5617290868513394,0.0,0.0,0.0,0.0,0.0,0.0,0.0,0.0,0.0,0.0,0.0,0.0,0.5402008518954348,0.2961453802117077,0.0,0.0,0.0
370097336115941376,0.0,0.0,0.6172278013565075,0.0,0.0,0.0,0.0,0.0,0.0,0.786784494784062,0.0,0.0,0.0,0.0,0.0,0.0,0.0,0.0,0.0,0.0
370099248697573377,0.0,0.0,0.0,0.0,0.0,0.0,0.0,0.48329329944905575,0.0,0.0,0.797819956321619,0.0,0.0,0.0,0.0,0.0,0.36043155245152386,0.0,0.0,0.0
370108769788628992,0.0,0.4994786152591233,0.0,0.0,0.0,0.5171237073525499,0.0,0.0,0.0,0.0,0.0,0.0,0.0,0.0,0.0,0.0,0.2678635843605315,0.6413682907396588,0.0,0.0
370115421958963201,0.0,0.0,0.0,0.0,0.0,0.0,0.0,0.0,0.0,0.0,0.0,0.0,0.0,0.0,0.0,0.575097910909195,0.31527641781307175,0.0,0.0,0.754892822352178
370115434546081792,0.0,0.3782534594068222,0.38477038339443376,0.46017922133438477,0.0,0.0,0.0,0.0,0.0,0.49046943614907484,0.0,0.0,0.4641140817131335,0.0,0.0,0.0,0.2028521829326336,0.0,0.0,0.0
370123609227816960,0.0,0.0,0.0,0.0,0.0,0.0,0.0,1.0,0.0,0.0,0.0,0.0,0.0,0.0,0.0,0.0,0.0,0.0,0.0,0.0
370138289300205568,0.0,0.0,0.0,0.0,0.0,0.0,0.0,1.0,0.0,0.0,0.0,0.0,0.0,0.0,0.0,0.0,0.0,0.0,0.0,0.0
370144480076115968,,,,,,,,,,,,,,,,,,,,
370146455601692672,,,,,,,,,,,,,,,,,,,,
370159336296697856,,,,,,,,,,,,,,,,,,,,
370159474742276097,,,,,,,,,,,,,,,,,,,,
370173550809722881,,,,,,,,,,,,,,,,,,,,
370187517833650176,,,,,,,,,,,,,,,,,,,,
370188633535680513,,,,,,,,,,,,,,,,,,,,
370189887607013377,,,,,,,,,,,,,,,,,,,,
370197395432144897,,,,,,,,,,,,,,,,,,,,
370208581636722688,,,,,,,,,,,,,,,,,,,,
370214831145504768,,,,,,,,,,,,,,,,,,,,
370216777315123200,,,,,,,,,,,,,,,,,,,,
370236293399060481,,,,,,,,,,,,,,,,,,,,
370237576856481792,,,,,,,,,,,,,,,,,,,,
370246749786734592,,,,,,,,,,,,,,,,,,,,
370323773989617664,,,,,,,,,,,,,,,,,,,,
370324474455158784,,,,,,,,,,,,,,,,,,,,
370330895921577984,,,,,,,,,,,,,,,,,,,,
370342212154163200,,,,,,,,,,,,,,,,,,,,
370344045056237569,,,,,,,,,,,,,,,,,,,,
370386961195753472,,,,,,,,,,,,,,,,,,,,
370403960693092352,,,,,,,,,,,,,,,,,,,,
370412953293422593,,,,,,,,,,,,,,,,,,,,
370415813787791360,,,,,,,,,,,,,,,,,,,,
370420171673845760,,,,,,,,,,,,,,,,,,,,
370421190914867200,,,,,,,,,,,,,,,,,,,,
370424110150467584,,,,,,,,,,,,,,,,,,,,
370434801418788864,,,,,,,,,,,,,,,,,,,,
370435543806795776,,,,,,,,,,,,,,,,,,,,
370461640786837504,,,,,,,,,,,,,,,,,,,,
370465629548969985,,,,,,,,,,,,,,,,,,,,
370465663090847744,,,,,,,,,,,,,,,,,,,,
370467437281431553,,,,,,,,,,,,,,,,,,,,
370480322191695872,,,,,,,,,,,,,,,,,,,,
370486903084027904,,,,,,,,,,,,,,,,,,,,
370487653830901760,,,,,,,,,,,,,,,,,,,,
370490539545616384,,,,,,,,,,,,,,,,,,,,
370491613249683456,,,,,,,,,,,,,,,,,,,,
370509778805485570,,,,,,,,,,,,,,,,,,,,
370521359253639168,,,,,,,,,,,,,,,,,,,,
370568499044708352,,,,,,,,,,,,,,,,,,,,
370688250639175680,,,,,,,,,,,,,,,,,,,,
370747331588538368,,,,,,,,,,,,,,,,,,,,
370761554481782784,,,,,,,,,,,,,,,,,,,,
370771872457035776,,,,,,,,,,,,,,,,,,,,
370807880577855488,,,,,,,,,,,,,,,,,,,,
370813127631192064,,,,,,,,,,,,,,,,,,,,
371260798296788992,,,,,,,,,,,,,,,,,,,,
371301629854621696,,,,,,,,,,,,,,,,,,,,
371444865306861568,,,,,,,,,,,,,,,,,,,,
371486233723023361,,,,,,,,,,,,,,,,,,,,
371580119023747072,,,,,,,,,,,,,,,,,,,,
371594035745411073,,,,,,,,,,,,,,,,,,,,
371833773752467456,,,,,,,,,,,,,,,,,,,,
371940833362059264,,,,,,,,,,,,,,,,,,,,
372059611882590208,,,,,,,,,,,,,,,,,,,,
372131883909668865,,,,,,,,,,,,,,,,,,,,
372310041191141376,,,,,,,,,,,,,,,,,,,,
