tweet_id,tfidf_amp,tfidf_donat,tfidf_effort,tfidf_haiyan,tfidf_help,tfidf_httpâ€¦,tfidf_million,tfidf_need,tfidf_philippin,tfidf_philippin typhoon,tfidf_pleas,tfidf_relief,tfidf_rt,tfidf_super,tfidf_super typhoon,tfidf_typhoon,tfidf_typhoon haiyan,tfidf_victim,tfidf_yolanda,tfidf_yolandaph
402699237487812608,0.0,0.0,0.0,0.34989036871724477,0.5848985616661468,0.0,0.0,0.0,0.0,0.0,0.0,0.0,0.31162010871285906,0.0,0.0,0.0,0.0,0.6620901073763066,0.0,0.0
402741780287737856,0.0,0.4308252928955734,0.0,0.26162298320642097,0.4373452951484463,0.0,0.0,0.0,0.2711081546727273,0.0,0.0,0.0,0.23300722099741877,0.0,0.0,0.2547388055386105,0.3419067722426883,0.495063610005312,0.0,0.0
402756242281865216,0.0,0.6234827621863478,0.0,0.37861616509249235,0.0,0.0,0.0,0.0,0.0,0.0,0.0,0.6840460838182882,0.0,0.0,0.0,0.0,0.0,0.0,0.0,0.0
402795920393519105,0.0,0.0,0.0,0.0,0.0,0.0,0.0,0.0,0.0,0.0,0.8032317198312057,0.0,0.0,0.0,0.0,0.0,0.0,0.0,0.0,0.5956666888932127
402807966401069056,0.0,0.0,0.0,0.0,0.6243642152239053,0.0,0.0,0.0,0.0,0.0,0.0,0.0,0.3326464747498342,0.0,0.0,0.0,0.0,0.7067642107409973,0.0,0.0
402851922731732992,0.0,1.0,0.0,0.0,0.0,0.0,0.0,0.0,0.0,0.0,0.0,0.0,0.0,0.0,0.0,0.0,0.0,0.0,0.0,0.0
402856913961897985,0.0,0.4663521674637273,0.6139310509468371,0.283197034363101,0.0,0.0,0.0,0.0,0.0,0.0,0.0,0.5116522752210236,0.25222154859228424,0.0,0.0,0.0,0.0,0.0,0.0,0.0
402876656526049280,0.0,0.4663521674637273,0.6139310509468371,0.283197034363101,0.0,0.0,0.0,0.0,0.0,0.0,0.0,0.5116522752210236,0.25222154859228424,0.0,0.0,0.0,0.0,0.0,0.0,0.0
402913277023244290,0.0,0.0,0.0,0.0,0.0,0.0,0.0,0.0,0.0,0.0,0.0,0.0,0.0,0.0,0.0,0.0,0.0,0.0,0.0,0.0
402948165223333888,0.0,0.4663521674637273,0.6139310509468371,0.283197034363101,0.0,0.0,0.0,0.0,0.0,0.0,0.0,0.5116522752210236,0.25222154859228424,0.0,0.0,0.0,0.0,0.0,0.0,0.0
402954540560822272,0.0,0.0,0.0,0.522996362893541,0.0,0.0,0.0,0.0,0.0,0.0,0.0,0.0,0.0,0.0,0.0,0.5092345754632024,0.6834873455689868,0.0,0.0,0.0
402956289593987072,0.0,0.4663521674637273,0.6139310509468371,0.283197034363101,0.0,0.0,0.0,0.0,0.0,0.0,0.0,0.5116522752210236,0.25222154859228424,0.0,0.0,0.0,0.0,0.0,0.0,0.0
402961830286356480,0.0,0.0,0.0,0.6737149930887042,0.0,0.0,0.0,0.0,0.0,0.0,0.0,0.0,0.3543847193692792,0.0,0.0,0.3874366628073983,0.520011933591635,0.0,0.0,0.0
402995657310347264,0.0,0.4663521674637273,0.6139310509468371,0.283197034363101,0.0,0.0,0.0,0.0,0.0,0.0,0.0,0.5116522752210236,0.25222154859228424,0.0,0.0,0.0,0.0,0.0,0.0,0.0
403007724343939072,0.0,0.0,0.0,0.0,0.0,0.0,0.0,0.0,0.39587305612654056,0.8395966222442572,0.0,0.0,0.0,0.0,0.0,0.3719704764481541,0.0,0.0,0.0,0.0
403050451723386880,0.0,0.0,0.0,0.474089245096678,0.0,0.0,0.0,0.0,0.0,0.0,0.0,0.0,0.42223437769449734,0.0,0.0,0.46161436787586213,0.6195721857436555,0.0,0.0,0.0
403093044880101376,0.0,0.0,0.0,0.0,0.0,0.0,0.0,0.0,0.39587305612654056,0.8395966222442572,0.0,0.0,0.0,0.0,0.0,0.3719704764481541,0.0,0.0,0.0,0.0
403094798078574592,0.0,0.0,0.0,0.0,0.0,0.0,0.0,0.0,0.0,0.0,0.0,0.0,0.47159547318028233,0.0,0.0,0.0,0.0,0.0,0.0,0.8818150087608315
403104654688411649,0.0,0.0,0.0,0.34010314188352025,0.0,0.0,0.0,0.0,0.35243362056493427,0.7474670801971632,0.0,0.0,0.30290338781224074,0.0,0.0,0.331153888169601,0.0,0.0,0.0,0.0
403198581953146881,0.0,0.0,0.0,0.0,0.5646397378407862,0.0,0.0,0.6842317821974803,0.35001734116963423,0.0,0.0,0.0,0.3008266869187105,0.0,0.0,0.0,0.0,0.0,0.0,0.0
403216810406727680,0.0,0.34525572396214943,0.45451318605478525,0.2096600036292767,0.3504807377558407,0.4607836019361858,0.0,0.0,0.0,0.0,0.0,0.37879287161682434,0.18672784096121234,0.0,0.0,0.2041431461379036,0.27399800365672533,0.0,0.0,0.0
403223257060364289,0.0,0.4663521674637273,0.6139310509468371,0.283197034363101,0.0,0.0,0.0,0.0,0.0,0.0,0.0,0.5116522752210236,0.25222154859228424,0.0,0.0,0.0,0.0,0.0,0.0,0.0
403249697927991296,0.39943542552719463,0.3390294140784343,0.0,0.205879014460333,0.34416020045526236,0.4524738729559832,0.46232881562991596,0.0,0.0,0.0,0.0,0.0,0.18336040829883876,0.0,0.0,0.20046164746815098,0.2690567489290467,0.0,0.0,0.0
403263283291230209,0.0,0.0,0.0,0.0,0.0,0.0,0.0,0.0,0.0,0.0,0.0,0.6912787506807385,0.34076931824512524,0.0,0.0,0.0,0.0,0.0,0.0,0.6371891089778841
403292072976719874,0.0,0.0,0.0,0.474089245096678,0.0,0.0,0.0,0.0,0.0,0.0,0.0,0.0,0.42223437769449734,0.0,0.0,0.46161436787586213,0.6195721857436555,0.0,0.0,0.0
403352865223106562,0.0,0.0,0.0,0.0,0.0,0.6222334492675701,0.0,0.0,0.2933854790021418,0.6222334492675701,0.0,0.0,0.2521537399928403,0.0,0.0,0.2756710382747368,0.0,0.0,0.0,0.0
403365779510276096,0.0,0.0,0.0,0.0,0.0,0.0,0.0,0.0,0.0,0.0,0.0,0.0,1.0,0.0,0.0,0.0,0.0,0.0,0.0,0.0
403406342607491072,0.0,0.0,0.0,0.0,0.0,0.0,0.0,0.0,0.0,0.0,0.0,0.0,0.5440182529819951,0.0,0.0,0.35127277174821503,0.0,0.0,0.7620049739015778,0.0
403413636485742592,0.0,0.6869685144455837,0.0,0.24638645129835804,0.0,0.0,0.0,0.0,0.0,0.0,0.5532936735423093,0.0,0.0,0.0,0.0,0.23990319785903408,0.32199463233429104,0.0,0.0,0.0
403539440460521472,0.0,0.0,0.0,0.45981045436729157,0.0,0.0,0.0,0.0,0.4764809354856605,0.0,0.0,0.0,0.0,0.0,0.0,0.44771129999413173,0.6009116873807826,0.0,0.0,0.0
403561187922567168,0.0,0.46130818269843693,0.0,0.28013402398904924,0.4682895053832022,0.0,0.0,0.0,0.0,0.0,0.0,0.0,0.0,0.0,0.0,0.2727627587878658,0.36609826385888006,0.5300916590034882,0.0,0.0
403612815619264514,0.0,0.0,0.0,0.45981045436729157,0.0,0.0,0.0,0.0,0.4764809354856605,0.0,0.0,0.0,0.0,0.0,0.0,0.44771129999413173,0.6009116873807826,0.0,0.0,0.0
403633938104455168,0.0,0.0,0.0,0.0,0.0,0.0,0.0,0.0,0.0,0.0,0.0,0.0,0.0,0.0,0.0,0.3247404769820903,0.0,0.6311060166498004,0.704449301481566,0.0
403689936294924288,0.0,0.0,0.0,1.0,0.0,0.0,0.0,0.0,0.0,0.0,0.0,0.0,0.0,0.0,0.0,0.0,0.0,0.0,0.0,0.0
403763957359329280,0.0,0.0,0.0,0.522996362893541,0.0,0.0,0.0,0.0,0.0,0.0,0.0,0.0,0.0,0.0,0.0,0.5092345754632024,0.6834873455689868,0.0,0.0,0.0
403781426622894081,0.619704146400446,0.0,0.0,0.0,0.0,0.0,0.0,0.0,0.0,0.0,0.0,0.5770801178506201,0.0,0.0,0.0,0.0,0.0,0.0,0.0,0.531926036696465
403893297120178176,0.0,1.0,0.0,0.0,0.0,0.0,0.0,0.0,0.0,0.0,0.0,0.0,0.0,0.0,0.0,0.0,0.0,0.0,0.0,0.0
404072469369069568,0.0,0.0,0.0,0.0,0.0,0.0,0.0,0.0,0.32580465498040634,0.6909904162448643,0.0,0.568037236848862,0.0,0.0,0.0,0.30613276368915093,0.0,0.0,0.0,0.0
404405115450183680,0.0,0.0,0.0,0.0,0.0,0.0,0.0,0.0,0.0,0.0,0.0,0.0,0.33313754191078515,0.0,0.0,0.0,0.0,0.7078075667383554,0.0,0.622918796182591
404785475887452161,0.0,0.0,0.0,0.5905867443632866,0.0,0.0,0.0,0.0,0.6119985349764744,0.0,0.0,0.0,0.525989629716236,0.0,0.0,0.0,0.0,0.0,0.0,0.0
404845873861234688,0.6847337686951755,0.0,0.0,0.35292892031449163,0.0,0.0,0.0,0.0,0.0,0.0,0.0,0.6376369211503904,0.0,0.0,0.0,0.0,0.0,0.0,0.0,0.0
404919798473031680,0.0,0.6064514122550246,0.0,0.0,0.6156292962821797,0.0,0.0,0.0,0.381625512676158,0.0,0.0,0.0,0.32799271669909685,0.0,0.0,0.0,0.0,0.0,0.0,0.0
404920536700321792,0.0,0.0,0.0,0.0,0.0,0.0,0.0,0.0,0.758386778845111,0.0,0.0,0.0,0.6518047972153447,0.0,0.0,0.0,0.0,0.0,0.0,0.0
404920696075472896,0.0,0.0,0.0,0.522996362893541,0.0,0.0,0.0,0.0,0.0,0.0,0.0,0.0,0.0,0.0,0.0,0.5092345754632024,0.6834873455689868,0.0,0.0,0.0
404938903557120001,0.0,0.0,0.0,0.0,0.0,0.0,0.0,0.0,0.0,0.0,0.0,0.0,1.0,0.0,0.0,0.0,0.0,0.0,0.0,0.0
405028598723387393,0.45120432765935525,0.38296938393510216,0.0,0.23256200217128908,0.0,0.0,0.5222490272076278,0.4711065329688784,0.240993564414434,0.0,0.0,0.0,0.207124867897301,0.0,0.0,0.0,0.0,0.0,0.0,0.0
405113667618078720,0.0,0.0,0.0,0.0,0.0,0.0,0.0,0.0,0.0,0.0,0.0,0.0,0.0,0.0,0.0,0.0,0.0,0.0,0.0,1.0
405116825903435776,0.5499340361716,0.4667683488988696,0.0,0.0,0.0,0.0,0.0,0.574191117550582,0.293726268667056,0.0,0.0,0.0,0.25244663584048516,0.0,0.0,0.0,0.0,0.0,0.0,0.0
405243242242768896,0.0,0.0,0.0,0.6944068276843067,0.0,0.0,0.0,0.0,0.719582627406622,0.0,0.0,0.0,0.0,0.0,0.0,0.0,0.0,0.0,0.0,0.0
405315510101110784,0.0,0.0,0.5676041061473084,0.2618271209858646,0.0,0.575434712410743,0.0,0.0,0.0,0.0,0.0,0.4730432381407828,0.23318903062326196,0.0,0.0,0.0,0.0,0.0,0.0,0.0
405326369132797952,0.8175870524430623,0.0,0.0,0.0,0.0,0.0,0.0,0.0,0.43668290818366906,0.0,0.0,0.0,0.3753124689878002,0.0,0.0,0.0,0.0,0.0,0.0,0.0
405344002016575488,0.0,0.7695733369523053,0.0,0.0,0.0,0.0,0.0,0.0,0.4842742770839214,0.0,0.0,0.0,0.4162154533495107,0.0,0.0,0.0,0.0,0.0,0.0,0.0
405368026956333056,0.0,0.0,0.0,0.484264774403194,0.0,0.0,0.0,0.0,0.0,0.0,0.0,0.8749214983484082,0.0,0.0,0.0,0.0,0.0,0.0,0.0,0.0
405388440633483265,0.0,0.0,0.0,0.3558287491729231,0.594825528789839,0.0,0.0,0.7208109957276744,0.0,0.0,0.0,0.0,0.0,0.0,0.0,0.0,0.0,0.0,0.0,0.0
405400331523465216,0.0,0.0,0.0,0.7164703152524382,0.0,0.0,0.0,0.0,0.0,0.0,0.0,0.0,0.0,0.0,0.0,0.6976175795964948,0.0,0.0,0.0,0.0
405471819219476480,0.0,0.0,0.0,0.0,0.3948176750303038,0.0,0.0,0.0,0.24474549628643116,0.0,0.0,0.0,0.0,0.5120105616582511,0.5190742052570965,0.2299679087861526,0.0,0.4469234393571382,0.0,0.0
405531722252431360,0.0,0.4461877811366127,0.0,0.0,0.0,0.0,0.0,0.0,0.2807754047318346,0.5954890785665369,0.0,0.4895291784231378,0.2413158573557714,0.0,0.0,0.2638223527888688,0.0,0.0,0.0,0.0
405555248124944384,0.0,0.0,0.0,0.45981045436729157,0.0,0.0,0.0,0.0,0.4764809354856605,0.0,0.0,0.0,0.0,0.0,0.0,0.44771129999413173,0.6009116873807826,0.0,0.0,0.0
405635229324288000,0.0,0.0,0.0,0.0,0.8499426631025228,0.0,0.0,0.0,0.5268751934169907,0.0,0.0,0.0,0.0,0.0,0.0,0.0,0.0,0.0,0.0,0.0
405640493172015104,0.0,0.0,0.0,0.0,0.8499426631025228,0.0,0.0,0.0,0.5268751934169907,0.0,0.0,0.0,0.0,0.0,0.0,0.0,0.0,0.0,0.0,0.0
405672281768067072,0.0,0.53248769463899,0.0,0.0,0.0,0.0,0.0,0.0,0.33508189667616095,0.7106662710951861,0.0,0.0,0.0,0.0,0.0,0.3148498510490733,0.0,0.0,0.0,0.0
405773037376532480,0.4528983650646537,0.0,0.5060543383743842,0.23343515144441992,0.0,0.513035810546265,0.0,0.0,0.0,0.0,0.0,0.4217474473972237,0.2079025139708786,0.0,0.0,0.0,0.0,0.0,0.0,0.0
405964817695256577,0.0,0.0,0.0,0.0,0.6628051320660419,0.0,0.0,0.0,0.0,0.0,0.0,0.0,0.35312688532093434,0.0,0.0,0.0,0.0,0.0,0.0,0.6602959637696207
406060410106679296,0.0,0.0,0.5477991694364803,0.25269140560934894,0.0,0.555356548886058,0.0,0.0,0.2618527616985254,0.0,0.0,0.45653773493635047,0.22505256025045167,0.0,0.0,0.0,0.0,0.0,0.0,0.0
406065179021938689,0.0,0.0,0.0,0.0,0.0,0.0,0.0,0.0,0.0,0.0,0.0,0.0,0.0,0.0,0.0,0.0,0.0,0.0,0.0,0.0
406095260583231488,0.0,0.0,0.0,0.3570316163229067,0.0,0.0,0.0,0.0,0.0,0.0,0.0,0.6450492648282353,0.0,0.0,0.0,0.0,0.0,0.6756033384245564,0.0,0.0
406229591531859968,0.0,0.0,0.0,0.6944068276843067,0.0,0.0,0.0,0.0,0.719582627406622,0.0,0.0,0.0,0.0,0.0,0.0,0.0,0.0,0.0,0.0,0.0
406254233084637185,0.0,0.0,0.0,0.0,0.6124908706190004,0.0,0.0,0.0,0.37968001835036846,0.0,0.0,0.0,0.0,0.0,0.0,0.0,0.0,0.6933238904536917,0.0,0.0
406290148893016064,0.0,0.0,0.5477991694364803,0.25269140560934894,0.0,0.555356548886058,0.0,0.0,0.2618527616985254,0.0,0.0,0.45653773493635047,0.22505256025045167,0.0,0.0,0.0,0.0,0.0,0.0,0.0
406333153104916480,0.0,0.0,0.5487097292582295,0.0,0.0,0.0,0.0,0.0,0.2622880172033156,0.5562796706948792,0.0,0.45729659866185235,0.2254266459201263,0.0,0.0,0.24645122272371295,0.0,0.0,0.0,0.0
406588997243138048,0.0,0.0,0.0,0.7164703152524382,0.0,0.0,0.0,0.0,0.0,0.0,0.0,0.0,0.0,0.0,0.0,0.6976175795964948,0.0,0.0,0.0,0.0
406713979126300673,0.0,0.0,0.0,0.0,0.0,0.0,0.0,0.7314417155431042,0.0,0.0,0.0,0.0,0.3215828227889357,0.0,0.0,0.0,0.0,0.0,0.0,0.6013131504053945
406757025277034496,0.0,0.0,0.0,0.0,0.0,0.0,0.0,0.0,0.0,0.0,0.0,0.0,0.0,0.0,0.0,0.4186436839416533,0.0,0.0,0.9081505744620554,0.0
406812612366958592,0.0,0.0,0.0,0.0,0.0,0.0,0.0,0.0,0.0,0.0,0.0,0.0,0.0,0.0,0.0,0.4186436839416533,0.0,0.0,0.9081505744620554,0.0
406910167687909376,0.0,0.0,0.0,0.26746227013310137,0.0,0.0,0.0,0.0,0.0,0.0,0.0,0.0,0.23820781921213618,0.5798203111862691,0.5878194509234004,0.26042444125252695,0.3495379509748909,0.0,0.0,0.0
407010919080660992,0.0,0.0,0.0,0.0,0.0,0.0,0.0,0.0,0.2786921094199288,0.0,0.0,0.0,0.4055516603707249,0.5830272901398902,0.5910706730197488,0.26186484560882944,0.0,0.0,0.0,0.0
397915554066857985,0.0,0.0,0.0,0.38534703094593037,0.0,0.0,0.0,0.0,0.6761038614822752,0.0,0.0,0.0,0.0,0.0,0.0,0.3752072588499063,0.5035978029501836,0.0,0.0,0.0
398069539570606080,0.0,0.0,0.0,0.0,0.0,0.0,0.0,0.0,0.0,0.0,0.0,0.0,0.26528405214625367,0.6457264172810939,0.6546347906928858,0.2900259583497103,0.0,0.0,0.0,0.0
398098136326864896,0.0,0.0,0.0,1.0,0.0,0.0,0.0,0.0,0.0,0.0,0.0,0.0,0.0,0.0,0.0,0.0,0.0,0.0,0.0,0.0
398128108798083072,0.0,0.0,0.0,0.23287132146329384,0.0,0.0,0.0,0.0,0.0,0.0,0.0,0.0,0.20740035450687785,0.5048320348511621,0.5117966442528108,0.22674369639364833,0.30433213815387056,0.0,0.49186796799791316,0.0
398267045134880768,0.0,0.0,0.0,0.47958729200639094,0.0,0.0,0.0,0.0,0.4969747846570386,0.0,0.0,0.0,0.7231957499605944,0.0,0.0,0.0,0.0,0.0,0.0,0.0
398299307725430784,0.0,0.0,0.0,0.25774576377339375,0.0,0.0,0.0,0.0,0.26709036620144505,0.0,0.0,0.0,0.2295540835313803,0.5587563019025471,0.5664648447936659,0.2509636087455935,0.3368397572374469,0.0,0.0,0.0
398341703767048192,0.0,0.0,0.0,0.25774576377339375,0.0,0.0,0.0,0.0,0.26709036620144505,0.0,0.0,0.0,0.2295540835313803,0.5587563019025471,0.5664648447936659,0.2509636087455935,0.3368397572374469,0.0,0.0,0.0
398388545754132480,0.0,0.0,0.0,0.0,0.0,0.0,0.0,0.0,0.0,0.0,0.0,0.0,0.6158595437588069,0.0,0.0,0.3976607177386511,0.0,0.0,0.0,0.6801345278169424
398391037145530368,0.0,0.0,0.0,0.0,0.0,0.0,0.0,0.0,0.7287656386397119,0.0,0.0,0.0,0.0,0.0,0.0,0.6847632028212768,0.0,0.0,0.0,0.0
398482456195522560,0.0,0.0,0.0,0.0,0.0,0.0,0.0,0.0,0.0,0.0,0.0,0.0,0.0,0.0,0.0,0.0,0.0,0.0,0.0,1.0
398493835367833600,0.0,0.0,0.0,0.31078723097650696,0.0,0.6830375715262609,0.0,0.0,0.3220548579228172,0.0,0.0,0.0,0.2767939885242525,0.0,0.0,0.3026093771476595,0.40615796706813334,0.0,0.0,0.0
398507798172295168,0.0,0.0,0.0,0.0,0.0,0.0,0.0,0.0,0.0,0.0,0.0,0.0,0.0,0.0,0.0,0.0,0.0,0.0,0.0,1.0
398522385969602560,0.0,0.0,0.0,0.0,0.0,0.0,0.0,0.0,0.0,0.0,0.0,0.0,0.0,0.0,0.0,0.4186436839416533,0.0,0.0,0.9081505744620554,0.0
398554862473842688,0.0,0.0,0.0,0.474089245096678,0.0,0.0,0.0,0.0,0.0,0.0,0.0,0.0,0.42223437769449734,0.0,0.0,0.46161436787586213,0.6195721857436555,0.0,0.0,0.0
398557123187339264,0.0,0.0,0.0,0.0,0.0,0.0,0.0,0.0,0.0,0.0,0.0,0.0,0.47159547318028233,0.0,0.0,0.0,0.0,0.0,0.0,0.8818150087608315
398570528182509568,0.0,0.0,0.0,0.0,0.0,0.0,0.0,0.0,0.0,0.0,0.0,0.0,0.0,0.0,0.0,0.0,0.0,0.0,0.0,1.0
398582515512119296,0.0,0.0,0.0,0.0,0.0,0.0,0.0,0.0,0.0,0.0,0.0,0.0,0.0,0.0,0.0,0.5047378393465155,0.0,0.0,0.0,0.8632726762337674
398584667215265793,0.0,0.0,0.0,0.0,0.0,0.0,0.0,0.0,0.0,0.0,0.0,0.0,0.0,0.0,0.0,0.0,0.0,0.0,0.0,1.0
398585778697416704,0.0,0.0,0.0,0.7467662656925799,0.0,0.0,0.0,0.0,0.0,0.0,0.0,0.0,0.6650865691198097,0.0,0.0,0.0,0.0,0.0,0.0,0.0
398600026748092416,0.0,0.0,0.0,0.0,0.0,0.0,0.0,0.0,0.0,0.0,0.0,0.0,0.0,0.0,0.0,0.0,0.0,0.0,0.0,1.0
398606167183589376,0.0,0.0,0.0,0.0,0.0,0.0,0.0,0.5119771524504668,0.2619008445716902,0.0,0.0,0.0,0.0,0.5478997593932674,0.5554585265712585,0.24608742734530925,0.0,0.0,0.0,0.0
398606909600567296,0.0,0.0,0.0,0.0,0.0,0.0,0.0,0.0,0.0,0.0,0.0,0.0,0.41916337643227614,0.0,0.0,0.45825694749207724,0.0,0.0,0.0,0.7837746065886145
398615310783094784,0.0,0.0,0.0,0.45981045436729157,0.0,0.0,0.0,0.0,0.4764809354856605,0.0,0.0,0.0,0.0,0.0,0.0,0.44771129999413173,0.6009116873807826,0.0,0.0,0.0
398617563107573760,0.0,0.0,0.0,0.2648174742122241,0.0,0.0,0.0,0.0,0.2744184623188205,0.0,0.0,0.0,0.0,0.5740867683089725,0.5820068086944953,0.25784923877788013,0.346081551137747,0.0,0.0,0.0
398619572204355584,0.0,0.0,0.0,0.0,0.0,0.0,0.0,0.0,0.7287656386397119,0.0,0.0,0.0,0.0,0.0,0.0,0.6847632028212768,0.0,0.0,0.0,0.0
398625456796086274,0.0,0.0,0.0,0.3998546339353299,0.0,0.0,0.0,0.0,0.0,0.0,0.0,0.0,0.35611938949071953,0.0,0.0,0.0,0.0,0.0,0.844568086153627,0.0
398627411329183744,0.0,0.0,0.0,0.0,0.0,0.0,0.0,0.0,0.0,0.0,0.0,0.0,0.47159547318028233,0.0,0.0,0.0,0.0,0.0,0.0,0.8818150087608315
398634541666955265,0.5960551831365879,0.0,0.0,0.0,0.0,0.0,0.0,0.0,0.0,0.0,0.0,0.555057759945444,0.27361849942156147,0.0,0.0,0.0,0.0,0.0,0.0,0.5116268352565643
398645543313739776,0.0,0.0,0.0,0.0,0.0,0.0,0.0,0.0,0.0,0.0,0.0,0.0,0.0,0.5608767101823604,0.5686145060020206,0.25191598335345744,0.0,0.0,0.5464734182649245,0.0
398651339859042304,0.0,0.0,0.0,0.0,0.0,0.0,0.0,0.0,0.0,0.0,0.0,0.0,0.29727153063331246,0.0,0.0,0.32499677181679865,0.0,0.0,0.7050052738043312,0.5558545666733945
398656498839994368,0.0,0.0,0.0,0.0,0.0,0.0,0.0,0.0,0.0,0.0,0.0,0.0,0.0,0.0,0.0,0.0,0.0,0.0,0.0,1.0
398658960896851968,0.0,0.0,0.0,0.0,0.0,0.0,0.0,0.0,0.0,0.0,0.0,0.0,0.41916337643227614,0.0,0.0,0.45825694749207724,0.0,0.0,0.0,0.7837746065886145
398663016801005569,0.4472597545116792,0.0,0.0,0.2305288704553468,0.0,0.0,0.0,0.0,0.23888672127336025,0.0,0.0,0.0,0.2053141157789382,0.4997539329129316,0.5066484853568994,0.22446288312378995,0.3012708632863186,0.0,0.0,0.0
398666238034857984,0.0,0.0,0.0,0.0,0.0,0.0,0.0,0.0,0.0,0.0,0.0,0.0,0.0,0.0,0.0,0.4186436839416533,0.0,0.0,0.9081505744620554,0.0
398670419751735296,0.0,0.0,0.0,0.0,0.0,0.0,0.0,0.0,0.758386778845111,0.0,0.0,0.0,0.6518047972153447,0.0,0.0,0.0,0.0,0.0,0.0,0.0
398671057290158080,0.0,0.0,0.0,0.0,0.0,0.0,0.0,0.0,0.2949328874368714,0.0,0.0,0.0,0.25348367910721165,0.6170031957250537,0.6255153066077573,0.2771250151085183,0.0,0.0,0.0,0.0
398672793727795200,0.0,0.0,0.0,0.4426529955179063,0.0,0.0,0.0,0.8966929940392222,0.0,0.0,0.0,0.0,0.0,0.0,0.0,0.0,0.0,0.0,0.0,0.0
398680033092329472,0.756389987699148,0.0,0.0,0.0,0.0,0.0,0.0,0.0,0.4039968325849635,0.0,0.0,0.0,0.3472200213454199,0.0,0.0,0.3796037441157369,0.0,0.0,0.0,0.0
398683317215559680,0.0,0.0,0.0,0.0,0.0,0.0,0.0,0.0,0.0,0.0,0.7284184416923128,0.0,0.0,0.0,0.0,0.0,0.0,0.0,0.6851325228031017,0.0
398690120389246976,0.0,0.0,0.0,0.0,0.0,0.0,0.0,0.0,0.5321698980035041,0.0,0.0,0.0,0.0,0.0,0.0,0.8466375846009555,0.0,0.0,0.0,0.0
398696684479602688,0.0,0.0,0.0,0.0,0.0,0.0,0.0,0.0,0.0,0.0,0.7284184416923128,0.0,0.0,0.0,0.0,0.0,0.0,0.0,0.6851325228031017,0.0
398697628197593088,0.0,0.0,0.0,0.42551254514168185,0.0,0.0,0.0,0.0,0.4409395516006244,0.0,0.0,0.0,0.37897089325968913,0.0,0.0,0.4143158837293841,0.5560888385076447,0.0,0.0,0.0
398705551212683264,0.0,0.0,0.0,0.0,0.0,0.0,0.0,0.0,0.0,0.0,0.0,0.0,0.0,0.0,0.0,0.0,0.0,0.0,0.0,1.0
398714833245175808,0.0,0.0,0.0,0.0,0.0,0.0,0.0,0.0,0.0,0.0,0.0,0.0,0.0,0.6697223673000958,0.6789617863024336,0.3008036626754468,0.0,0.0,0.0,0.0
398716536103239681,0.0,0.0,0.0,0.18446803469943987,0.0,0.40541755222514897,0.41424760181471654,0.0,0.19115594459838106,0.0,0.0,0.0,0.1642913156993502,0.3999005662747176,0.40541755222514897,0.17961406235595961,0.24107541911283342,0.0,0.38963113541863886,0.0
398717307867770880,0.9088183313481432,0.0,0.0,0.0,0.0,0.0,0.0,0.0,0.0,0.0,0.0,0.0,0.41719209077543246,0.0,0.0,0.0,0.0,0.0,0.0,0.0
398719811867262976,0.0,0.0,0.0,0.45981045436729157,0.0,0.0,0.0,0.0,0.4764809354856605,0.0,0.0,0.0,0.0,0.0,0.0,0.44771129999413173,0.6009116873807826,0.0,0.0,0.0
398722122916175872,0.0,0.0,0.0,0.0,0.0,0.0,0.0,0.0,0.38415575603169066,0.0,0.0,0.0,0.33016736531278956,0.0,0.0,0.36096065996401805,0.0,0.0,0.7830206050599637,0.0
398732034056540160,0.0,0.0,0.0,0.0,0.0,0.0,0.0,0.0,0.0,0.0,0.0,0.0,0.3576071712378789,0.0,0.0,0.39095965894631124,0.0,0.0,0.848096489885335,0.0
398732952621694976,0.0,0.0,0.0,0.45981045436729157,0.0,0.0,0.0,0.0,0.4764809354856605,0.0,0.0,0.0,0.0,0.0,0.0,0.44771129999413173,0.6009116873807826,0.0,0.0,0.0
398733984433061888,0.0,0.0,0.0,0.0,0.0,0.0,0.0,0.0,0.4069781086737137,0.0,0.0,0.0,0.0,0.0,0.0,0.38240501252740017,0.0,0.0,0.8295391645089977,0.0
398734043149111296,0.0,0.0,0.0,0.31078723097650696,0.0,0.6830375715262609,0.0,0.0,0.3220548579228172,0.0,0.0,0.0,0.2767939885242525,0.0,0.0,0.3026093771476595,0.40615796706813334,0.0,0.0,0.0
398738304545222656,0.0,0.0,0.0,0.0,0.0,0.0,0.0,0.0,0.0,0.0,0.0,0.0,0.29727153063331246,0.0,0.0,0.32499677181679865,0.0,0.0,0.7050052738043312,0.5558545666733945
398741534176071680,0.0,0.0,0.5477991694364803,0.25269140560934894,0.0,0.555356548886058,0.0,0.0,0.2618527616985254,0.0,0.0,0.45653773493635047,0.22505256025045167,0.0,0.0,0.0,0.0,0.0,0.0,0.0
398743102820589568,0.0,0.0,0.5477991694364803,0.25269140560934894,0.0,0.555356548886058,0.0,0.0,0.2618527616985254,0.0,0.0,0.45653773493635047,0.22505256025045167,0.0,0.0,0.0,0.0,0.0,0.0,0.0
398753722810912768,0.0,0.0,0.0,0.0,0.0,0.0,0.0,0.0,0.7287656386397119,0.0,0.0,0.0,0.0,0.0,0.0,0.6847632028212768,0.0,0.0,0.0,0.0
398764468600967169,0.5222363645944643,0.0,0.5835304305463058,0.26917369163275523,0.0,0.0,0.0,0.0,0.2789326149049546,0.0,0.0,0.48631629234139334,0.0,0.0,0.0,0.0,0.0,0.0,0.0,0.0
398765773038317568,0.0,0.0,0.0,0.474089245096678,0.0,0.0,0.0,0.0,0.0,0.0,0.0,0.0,0.42223437769449734,0.0,0.0,0.46161436787586213,0.6195721857436555,0.0,0.0,0.0
398775017300697089,0.0,0.0,0.0,0.0,0.0,0.0,0.0,0.0,0.5283192717628035,0.0,0.0,0.0,0.0,0.0,0.0,0.0,0.0,0.0,0.0,0.8490457862118044
398779161256267776,0.0,0.0,0.0,0.29434098241786794,0.0,0.0,0.6609819759887086,0.0,0.3050123487236017,0.0,0.0,0.0,0.0,0.0,0.0,0.48524901383113195,0.3846648868682619,0.0,0.0,0.0
398797695906611200,0.0,0.0,0.0,0.0,0.6067876811279106,0.0,0.0,0.0,0.3761446397928984,0.0,0.0,0.0,0.0,0.0,0.0,0.35343325015901084,0.0,0.0,0.0,0.6044905769890228
398807640609804288,0.0,0.0,0.0,0.0,0.0,0.0,0.0,0.0,0.0,0.0,0.0,0.0,0.47159547318028233,0.0,0.0,0.0,0.0,0.0,0.0,0.8818150087608315
398817505591836672,0.0,0.0,0.0,0.25774576377339375,0.0,0.0,0.0,0.0,0.26709036620144505,0.0,0.0,0.0,0.2295540835313803,0.5587563019025471,0.5664648447936659,0.2509636087455935,0.3368397572374469,0.0,0.0,0.0
398881850405302273,0.0,0.0,0.0,0.26746227013310137,0.0,0.0,0.0,0.0,0.0,0.0,0.0,0.0,0.23820781921213618,0.5798203111862691,0.5878194509234004,0.26042444125252695,0.3495379509748909,0.0,0.0,0.0
398891128214134784,0.0,0.0,0.0,0.0,0.0,0.0,0.0,0.0,0.3747746337576751,0.7948495401141721,0.0,0.0,0.3221046449805884,0.0,0.0,0.3521459642733658,0.0,0.0,0.0,0.0
398926574294421504,0.0,0.0,0.0,0.0,0.0,0.0,0.0,0.0,0.7287656386397119,0.0,0.0,0.0,0.0,0.0,0.0,0.6847632028212768,0.0,0.0,0.0,0.0
398928604320776192,0.0,0.0,0.0,0.0,0.0,0.0,0.0,0.0,0.6176179605438453,0.0,0.0,0.0,0.5308193137832298,0.0,0.0,0.5803265554223437,0.0,0.0,0.0,0.0
398929715798765568,0.0,0.0,0.0,0.474089245096678,0.0,0.0,0.0,0.0,0.0,0.0,0.0,0.0,0.42223437769449734,0.0,0.0,0.46161436787586213,0.6195721857436555,0.0,0.0,0.0
398930118476701696,0.0,0.0,0.0,0.0,0.0,0.0,0.0,0.0,0.0,0.0,0.0,0.0,0.41916337643227614,0.0,0.0,0.45825694749207724,0.0,0.0,0.0,0.7837746065886145
398933603931140097,0.0,0.5722976691541911,0.0,0.0,0.5809586789735557,0.0,0.0,0.0,0.0,0.0,0.0,0.0,0.0,0.0,0.0,0.0,0.0,0.0,0.0,0.5787593551779369
398941929628786688,0.0,0.0,0.0,0.27538957765332717,0.0,0.0,0.0,0.0,0.0,0.0,0.0,0.0,0.0,0.5970055908556565,0.605241816894949,0.26814315473897266,0.3598978975422652,0.0,0.0,0.0
398969914016272384,0.0,0.0,0.0,0.0,0.0,0.0,0.0,0.0,0.6176179605438453,0.0,0.0,0.0,0.5308193137832298,0.0,0.0,0.5803265554223437,0.0,0.0,0.0,0.0
398972162171613185,0.0,0.0,0.0,0.0,0.0,0.0,0.0,0.0,0.39587305612654056,0.8395966222442572,0.0,0.0,0.0,0.0,0.0,0.3719704764481541,0.0,0.0,0.0,0.0
398973764399931392,0.0,0.0,0.0,0.0,0.0,0.0,0.0,0.0,0.0,0.0,0.0,0.0,0.0,0.0,0.0,0.3603252342339204,0.0,0.7002620227361347,0.0,0.6162782042939434
398991925732077568,0.0,0.6572101040901813,0.0,0.0,0.0,0.0,0.0,0.0,0.0,0.0,0.0,0.0,0.3554450086629324,0.0,0.0,0.0,0.0,0.0,0.0,0.6646305175797912
398993678934753280,0.0,0.0,0.0,0.0,0.0,0.0,0.0,0.0,0.0,0.0,0.0,0.0,0.47159547318028233,0.0,0.0,0.0,0.0,0.0,0.0,0.8818150087608315
398996111626878976,0.0,0.0,0.0,0.0,0.0,0.0,0.0,0.0,0.5283192717628035,0.0,0.0,0.0,0.0,0.0,0.0,0.0,0.0,0.0,0.0,0.8490457862118044
399013794820542464,0.0,0.0,0.0,0.0,0.0,0.0,0.0,0.0,0.38415575603169066,0.0,0.0,0.0,0.33016736531278956,0.0,0.0,0.36096065996401805,0.0,0.0,0.7830206050599637,0.0
399020405044027392,0.0,0.0,0.0,0.474089245096678,0.0,0.0,0.0,0.0,0.0,0.0,0.0,0.0,0.42223437769449734,0.0,0.0,0.46161436787586213,0.6195721857436555,0.0,0.0,0.0
399027896095752192,0.0,0.0,0.0,0.23091826511067956,0.3860173734442713,0.0,0.0,0.0,0.0,0.0,0.0,0.0,0.0,0.500598085361488,0.5075042836434251,0.22484203150046111,0.30177975080109903,0.0,0.0,0.3845560350984215
399032174260649984,0.0,0.0,0.0,0.2829419367564157,0.0,0.0,0.0,0.0,0.0,0.0,0.0,0.0,0.2519943530160839,0.0,0.0,0.27549678595799093,0.3697678359250002,0.5354050126475587,0.5976265115827446,0.0
399053724607598592,0.0,0.0,0.0,0.0,0.0,0.0,0.0,0.0,0.7287656386397119,0.0,0.0,0.0,0.0,0.0,0.0,0.6847632028212768,0.0,0.0,0.0,0.0
399069918798163968,0.0,0.0,0.0,0.2829419367564157,0.0,0.0,0.0,0.0,0.0,0.0,0.0,0.0,0.2519943530160839,0.0,0.0,0.27549678595799093,0.3697678359250002,0.5354050126475587,0.5976265115827446,0.0
399071420367388672,0.0,0.0,0.0,0.0,0.0,0.0,0.0,0.0,0.0,0.0,1.0,0.0,0.0,0.0,0.0,0.0,0.0,0.0,0.0,0.0
399079003690000384,0.0,0.0,0.0,0.2829419367564157,0.0,0.0,0.0,0.0,0.0,0.0,0.0,0.0,0.2519943530160839,0.0,0.0,0.27549678595799093,0.3697678359250002,0.5354050126475587,0.5976265115827446,0.0
399082262643216384,0.0,0.0,0.0,0.2829419367564157,0.0,0.0,0.0,0.0,0.0,0.0,0.0,0.0,0.2519943530160839,0.0,0.0,0.27549678595799093,0.3697678359250002,0.5354050126475587,0.5976265115827446,0.0
399102726648262656,0.0,0.0,0.0,0.7129382243699833,0.0,0.0,0.0,0.0,0.0,0.0,0.0,0.0,0.0,0.0,0.0,0.0,0.0,0.0,0.0,0.7012268450595536
399105746534551552,0.0,0.0,0.0,0.3234236236819028,0.0,0.0,0.0,0.0,0.33514938450489806,0.7108094042338865,0.0,0.0,0.0,0.0,0.0,0.3149132640028506,0.4226720675869096,0.0,0.0,0.0
399130945942343680,0.0,0.386416291304143,0.0,0.2346551712669653,0.3922642188316024,0.0,0.0,0.0,0.24316262159737662,0.0,0.5269495178887874,0.4239516580430871,0.35384928957684575,0.0,0.0,0.0,0.0,0.0,0.0,0.0
399133466714832896,0.0,0.0,0.5477991694364803,0.25269140560934894,0.0,0.555356548886058,0.0,0.0,0.2618527616985254,0.0,0.0,0.45653773493635047,0.22505256025045167,0.0,0.0,0.0,0.0,0.0,0.0,0.0
399133718364688386,0.0,0.0,0.0,0.2829419367564157,0.0,0.0,0.0,0.0,0.0,0.0,0.0,0.0,0.2519943530160839,0.0,0.0,0.27549678595799093,0.3697678359250002,0.5354050126475587,0.5976265115827446,0.0
399134670488489984,0.0,0.0,0.0,0.0,0.0,0.0,0.0,0.0,0.0,0.0,0.0,0.0,0.0,0.0,0.0,0.0,0.0,0.0,0.0,1.0
399138508243501056,0.5372013289060922,0.0,0.0,0.27688700874739414,0.0,0.6085328198579913,0.0,0.0,0.0,0.0,0.0,0.0,0.24660170007928747,0.0,0.0,0.2696011834014546,0.3618548427072254,0.0,0.0,0.0
399145546285613056,0.0,0.0,0.0,0.0,0.0,0.0,0.0,0.0,0.2543806160341316,0.0,0.5512596553650767,0.0,0.0,0.5321673496217406,0.5395090741371407,0.23902126573409685,0.0,0.0,0.0,0.0
399153523876573184,0.0,0.0,0.0,0.42551254514168185,0.0,0.0,0.0,0.0,0.4409395516006244,0.0,0.0,0.0,0.37897089325968913,0.0,0.0,0.4143158837293841,0.5560888385076447,0.0,0.0,0.0
399154748588576769,0.0,0.0,0.0,0.6737149930887042,0.0,0.0,0.0,0.0,0.0,0.0,0.0,0.0,0.3543847193692792,0.0,0.0,0.3874366628073983,0.520011933591635,0.0,0.0,0.0
399158737392263168,0.0,0.0,0.0,0.0,0.0,0.0,0.0,0.0,0.0,0.0,0.0,0.0,0.0,0.0,0.0,0.0,0.0,0.0,0.0,1.0
399169638367387648,0.0,0.0,0.0,0.42551254514168185,0.0,0.0,0.0,0.0,0.4409395516006244,0.0,0.0,0.0,0.37897089325968913,0.0,0.0,0.4143158837293841,0.5560888385076447,0.0,0.0,0.0
399200248418947072,0.0,0.0,0.0,0.474089245096678,0.0,0.0,0.0,0.0,0.0,0.0,0.0,0.0,0.42223437769449734,0.0,0.0,0.46161436787586213,0.6195721857436555,0.0,0.0,0.0
399222738260226048,0.0,0.0,0.0,0.0,0.0,0.0,0.0,0.0,1.0,0.0,0.0,0.0,0.0,0.0,0.0,0.0,0.0,0.0,0.0,0.0
399224520872964096,0.0,0.0,0.0,0.474089245096678,0.0,0.0,0.0,0.0,0.0,0.0,0.0,0.0,0.42223437769449734,0.0,0.0,0.46161436787586213,0.6195721857436555,0.0,0.0,0.0
399234503312687104,0.0,0.0,0.0,0.0,0.0,0.0,0.0,0.0,0.39587305612654056,0.8395966222442572,0.0,0.0,0.0,0.0,0.0,0.3719704764481541,0.0,0.0,0.0,0.0
399237439304134658,0.0,0.0,0.0,0.522996362893541,0.0,0.0,0.0,0.0,0.0,0.0,0.0,0.0,0.0,0.0,0.0,0.5092345754632024,0.6834873455689868,0.0,0.0,0.0
399256095555723264,0.0,0.0,0.0,0.0,0.0,0.0,0.0,0.0,0.3747746337576751,0.7948495401141721,0.0,0.0,0.3221046449805884,0.0,0.0,0.3521459642733658,0.0,0.0,0.0,0.0
399258603762491392,0.0,0.5244552388743214,0.0,0.0,0.0,0.0,0.0,0.0,0.0,0.0,0.0,0.0,0.2836459691730848,0.0,0.0,0.0,0.0,0.6026542733791003,0.0,0.5303767466311552
399263586591047681,0.0,0.0,0.0,0.474089245096678,0.0,0.0,0.0,0.0,0.0,0.0,0.0,0.0,0.42223437769449734,0.0,0.0,0.46161436787586213,0.6195721857436555,0.0,0.0,0.0
399284931425501184,0.0,0.0,0.0,0.3234236236819028,0.0,0.0,0.0,0.0,0.33514938450489806,0.7108094042338865,0.0,0.0,0.0,0.0,0.0,0.3149132640028506,0.4226720675869096,0.0,0.0,0.0
399301310157041665,0.0,0.0,0.0,0.7467662656925799,0.0,0.0,0.0,0.0,0.0,0.0,0.0,0.0,0.6650865691198097,0.0,0.0,0.0,0.0,0.0,0.0,0.0
399344532489121792,0.0,0.0,0.0,0.0,0.0,0.0,0.0,0.0,0.0,0.0,0.0,0.0,1.0,0.0,0.0,0.0,0.0,0.0,0.0,0.0
399345304220082177,0.0,0.0,0.0,0.0,0.0,0.0,0.0,0.0,0.0,0.0,0.0,0.6912787506807385,0.34076931824512524,0.0,0.0,0.0,0.0,0.0,0.0,0.6371891089778841
399353147568963584,0.0,0.0,0.0,0.40099643864034434,0.0,0.0,0.0,0.0,0.0,0.0,0.0,0.0,0.3571363060397801,0.0,0.0,0.6610806446374454,0.5240495171181446,0.0,0.0,0.0
399354091282788352,0.0,0.0,0.0,0.474089245096678,0.0,0.0,0.0,0.0,0.0,0.0,0.0,0.0,0.42223437769449734,0.0,0.0,0.46161436787586213,0.6195721857436555,0.0,0.0,0.0
399358092640411648,0.0,0.0,0.0,0.0,0.0,0.0,0.0,0.0,0.47321889049315213,0.0,0.0,0.0,0.0,0.0,0.0,0.44464621533812826,0.0,0.0,0.0,0.7604956442123184
399365906645540864,0.0,0.0,0.0,0.0,0.0,0.0,0.0,0.0,0.0,0.0,0.0,0.0,0.0,0.0,0.0,0.0,0.0,0.0,0.0,1.0
399374001661046784,0.0,0.0,0.0,0.0,0.0,0.0,0.0,0.0,0.39587305612654056,0.8395966222442572,0.0,0.0,0.0,0.0,0.0,0.3719704764481541,0.0,0.0,0.0,0.0
399376316908060673,0.0,0.0,0.0,0.522996362893541,0.0,0.0,0.0,0.0,0.0,0.0,0.0,0.0,0.0,0.0,0.0,0.5092345754632024,0.6834873455689868,0.0,0.0,0.0
399378208547545088,0.0,0.0,0.0,0.25774576377339375,0.0,0.0,0.0,0.0,0.26709036620144505,0.0,0.0,0.0,0.2295540835313803,0.5587563019025471,0.5664648447936659,0.2509636087455935,0.3368397572374469,0.0,0.0,0.0
399388090319384577,0.0,0.0,0.0,0.2651262505068533,0.4432015752531748,0.0,0.0,0.5370727268822156,0.27473843333366654,0.0,0.0,0.0,0.23612730841512403,0.0,0.0,0.0,0.0,0.0,0.5599964361445294,0.0
399391919735705601,0.0,0.0,0.0,0.3943827374422589,0.0,0.0,0.0,0.0,0.0,0.0,0.0,0.0,0.0,0.0,0.0,0.3840052056199579,0.5154062809563168,0.0,0.0,0.6567789765325184
399400086041415681,0.0,0.0,0.0,0.42551254514168185,0.0,0.0,0.0,0.0,0.4409395516006244,0.0,0.0,0.0,0.37897089325968913,0.0,0.0,0.4143158837293841,0.5560888385076447,0.0,0.0,0.0
399403084972978177,0.0,0.0,0.0,0.0,0.0,0.0,0.0,0.0,0.0,0.0,0.0,0.0,1.0,0.0,0.0,0.0,0.0,0.0,0.0,0.0
399413935637405696,0.0,0.0,0.0,0.30764319515348787,0.0,0.0,0.6908538707781665,0.0,0.3187968347179861,0.0,0.0,0.0,0.27399384061347054,0.0,0.0,0.2995480714461854,0.4020491264498927,0.0,0.0,0.0
399442456871047168,0.0,0.0,0.0,0.42551254514168185,0.0,0.0,0.0,0.0,0.4409395516006244,0.0,0.0,0.0,0.37897089325968913,0.0,0.0,0.4143158837293841,0.5560888385076447,0.0,0.0,0.0
399464246305497088,0.0,0.0,0.0,0.3234236236819028,0.0,0.0,0.0,0.0,0.33514938450489806,0.7108094042338865,0.0,0.0,0.0,0.0,0.0,0.3149132640028506,0.4226720675869096,0.0,0.0,0.0
399471322083753984,0.0,0.0,0.0,0.38856177732818237,0.0,0.853967815666892,0.0,0.0,0.0,0.0,0.0,0.0,0.3460617213802781,0.0,0.0,0.0,0.0,0.0,0.0,0.0
399490070623027200,0.0,0.0,0.0,0.522996362893541,0.0,0.0,0.0,0.0,0.0,0.0,0.0,0.0,0.0,0.0,0.0,0.5092345754632024,0.6834873455689868,0.0,0.0,0.0
399491089834704896,0.0,0.0,0.5477991694364803,0.25269140560934894,0.0,0.555356548886058,0.0,0.0,0.2618527616985254,0.0,0.0,0.45653773493635047,0.22505256025045167,0.0,0.0,0.0,0.0,0.0,0.0,0.0
399493765825855488,0.0,0.0,0.0,0.36044035444339717,0.0,0.7921635120127991,0.0,0.0,0.3735081611145504,0.0,0.0,0.0,0.32101615957003343,0.0,0.0,0.0,0.0,0.0,0.0,0.0
399504838771232768,0.0,0.0,0.0,0.0,0.0,0.0,0.0,0.0,0.758386778845111,0.0,0.0,0.0,0.6518047972153447,0.0,0.0,0.0,0.0,0.0,0.0,0.0
399513701327597568,0.6713417459055129,0.0,0.0,0.3460263366242067,0.5784392046345841,0.0,0.0,0.0,0.0,0.0,0.0,0.0,0.3081787161837735,0.0,0.0,0.0,0.0,0.0,0.0,0.0
399519170703798273,0.0,0.0,0.0,0.39373663160752564,0.6581947092365473,0.0,0.0,0.0,0.0,0.0,0.0,0.0,0.0,0.0,0.0,0.38337610099553115,0.5145619057497757,0.0,0.0,0.0
399519921484206080,0.0,0.0,0.0,0.0,0.0,0.0,0.0,0.0,0.6176179605438453,0.0,0.0,0.0,0.5308193137832298,0.0,0.0,0.5803265554223437,0.0,0.0,0.0,0.0
399523180483600385,0.0,0.0,0.0,0.474089245096678,0.0,0.0,0.0,0.0,0.0,0.0,0.0,0.0,0.42223437769449734,0.0,0.0,0.46161436787586213,0.6195721857436555,0.0,0.0,0.0
399533179683360768,0.0,0.0,0.0,0.0,0.5311340330898877,0.0,0.0,0.0,0.3292473228642079,0.0,0.0,0.5740394947116925,0.0,0.0,0.0,0.0,0.0,0.0,0.0,0.5291233294720307
399538435158851584,0.0,0.0,0.0,0.474089245096678,0.0,0.0,0.0,0.0,0.0,0.0,0.0,0.0,0.42223437769449734,0.0,0.0,0.46161436787586213,0.6195721857436555,0.0,0.0,0.0
399540582621536256,0.0,0.6869685144455837,0.0,0.24638645129835804,0.0,0.0,0.0,0.0,0.0,0.0,0.5532936735423093,0.0,0.0,0.0,0.0,0.23990319785903408,0.32199463233429104,0.0,0.0,0.0
399543334101712896,0.0,0.6971967511182979,0.0,0.4233797247219787,0.0,0.0,0.0,0.0,0.4387294055303237,0.0,0.0,0.0,0.3770713561747172,0.0,0.0,0.0,0.0,0.0,0.0,0.0
399544823092228097,0.0,0.0,0.0,0.0,0.0,0.0,0.0,0.0,0.7287656386397119,0.0,0.0,0.0,0.0,0.0,0.0,0.6847632028212768,0.0,0.0,0.0,0.0
399561826792644608,0.0,0.0,0.0,0.0,0.0,0.0,0.0,0.0,0.5648088779032919,0.7074920133788363,0.0,0.0,0.2867039009209946,0.0,0.0,0.3134435445873301,0.0,0.0,0.0,0.0
399564922180214785,0.0,0.0,0.0,0.0,0.0,0.0,0.0,0.0,0.6176179605438453,0.0,0.0,0.0,0.5308193137832298,0.0,0.0,0.5803265554223437,0.0,0.0,0.0,0.0
399569636561154048,0.0,0.0,0.0,0.0,0.0,0.0,0.0,0.0,0.40974972731389014,0.0,0.0,0.0,0.35216441711653224,0.0,0.0,0.38500928248253824,0.0,0.7482334105648095,0.0,0.0
399575336616493056,0.0,0.0,0.0,0.0,0.0,0.0,0.0,0.0,0.758386778845111,0.0,0.0,0.0,0.6518047972153447,0.0,0.0,0.0,0.0,0.0,0.0,0.0
399575856709767168,0.0,0.0,0.0,0.0,0.0,0.0,0.0,0.0,0.0,0.0,0.0,0.0,0.0,0.0,0.0,0.0,0.0,0.75068819666671,0.0,0.6606566667984838
399584731870003200,0.0,0.0,0.0,0.24244285610639107,0.0,0.0,0.0,0.0,0.25123264984991617,0.0,0.0,0.0,0.0,0.5255817659909187,0.5328326364905189,0.2360633718757914,0.0,0.0,0.5120848468558963,0.0
399602096292392960,0.0,0.0,0.7499677618400186,0.3459486952052166,0.0,0.0,0.0,0.0,0.0,0.0,0.0,0.0,0.0,0.0,0.0,0.3368456253886751,0.45210936856361866,0.0,0.0,0.0
399603434287947777,0.0,0.0,0.0,0.0,0.0,0.0,0.0,0.0,0.0,0.0,0.0,0.0,0.0,0.0,0.0,0.0,0.0,0.0,0.0,0.0
399606173177225216,0.0,0.0,0.0,0.34796832367544395,0.0,0.0,0.0,0.0,0.0,0.0,0.461512938743382,0.0,0.0,0.4455289173385165,0.45167538719817396,0.20010789053309397,0.26858194144312764,0.38889298577183584,0.0,0.0
399609377587732480,0.0,0.0,0.0,0.0,0.0,0.0,0.0,0.0,0.0,0.0,0.0,0.0,0.3576071712378789,0.0,0.0,0.39095965894631124,0.0,0.0,0.848096489885335,0.0
399610082251796480,0.0,0.0,0.0,0.0,0.0,0.0,0.0,0.0,0.0,0.0,0.0,0.0,0.0,0.0,0.0,0.3247404769820903,0.0,0.6311060166498004,0.704449301481566,0.0
399615052518408192,0.0,0.8279509205131795,0.0,0.0,0.0,0.0,0.0,0.0,0.0,0.0,0.0,0.0,0.26447100760788456,0.0,0.0,0.0,0.0,0.0,0.0,0.4945223547588613
399625198535593984,0.0,0.0,0.0,0.0,0.0,0.0,0.0,0.0,0.6176179605438453,0.0,0.0,0.0,0.5308193137832298,0.0,0.0,0.5803265554223437,0.0,0.0,0.0,0.0
399628956615180288,0.0,0.0,0.0,0.0,0.7742590710967039,0.0,0.0,0.0,0.47995931437286693,0.0,0.0,0.0,0.41250690584667377,0.0,0.0,0.0,0.0,0.0,0.0,0.0
399639027160453120,0.0,0.6572101040901813,0.0,0.0,0.0,0.0,0.0,0.0,0.0,0.0,0.0,0.0,0.3554450086629324,0.0,0.0,0.0,0.0,0.0,0.0,0.6646305175797912
399643984827404288,0.0,0.0,0.0,0.0,0.0,0.0,0.0,0.0,1.0,0.0,0.0,0.0,0.0,0.0,0.0,0.0,0.0,0.0,0.0,0.0
399644613973385216,0.8065719126056461,0.0,0.0,0.0,0.0,0.0,0.0,0.0,0.4307995918030104,0.0,0.0,0.0,0.0,0.0,0.0,0.40478816867347994,0.0,0.0,0.0,0.0
399648359486472192,0.0,0.0,0.0,0.0,0.0,0.0,0.0,0.0,0.0,0.0,0.0,0.0,1.0,0.0,0.0,0.0,0.0,0.0,0.0,0.0
399649521291915264,0.0,0.0,0.0,0.0,0.0,0.0,0.0,0.0,0.0,0.0,0.0,0.0,0.47159547318028233,0.0,0.0,0.0,0.0,0.0,0.0,0.8818150087608315
399653036106076160,0.0,0.4812477360857154,0.0,0.0,0.4885308189854684,0.0,0.0,0.0,0.0,0.0,0.0,0.0,0.2602776565019632,0.0,0.0,0.2845526376473687,0.0,0.0,0.6172710857860851,0.0
399662230045601792,0.0,0.0,0.0,0.0,0.0,0.0,0.0,0.0,0.3696677449316893,0.0,0.8010945049495655,0.0,0.3177154668877266,0.0,0.0,0.347347426357306,0.0,0.0,0.0,0.0
399680626237779969,0.0,0.0,0.0,0.0,0.0,0.0,0.0,0.0,0.0,0.0,0.0,0.0,1.0,0.0,0.0,0.0,0.0,0.0,0.0,0.0
399686208848023552,0.0,0.0,0.0,0.0,0.0,0.0,0.0,0.0,0.0,0.0,0.0,0.0,0.47159547318028233,0.0,0.0,0.0,0.0,0.0,0.0,0.8818150087608315
399698842108456960,0.0,0.0,0.0,0.0,0.0,0.0,0.0,0.0,0.0,0.0,0.0,0.0,0.0,0.0,0.0,0.0,0.0,0.0,0.0,0.0
399701174145671168,0.0,0.0,0.0,0.2452594599877229,0.4099910092059782,0.0,0.0,0.0,0.2541513700302048,0.0,0.5507628640800776,0.44311043371063064,0.21843350494164224,0.0,0.0,0.23880586146754024,0.32052180316369483,0.0,0.0,0.0
399708614824574976,0.0,0.0,0.0,0.0,0.0,0.0,0.0,0.0,0.48105019393088483,0.0,0.0,0.0,0.4134444756315571,0.0,0.0,0.0,0.0,0.0,0.0,0.7730810930871385
399709206254583808,0.0,0.0,0.0,0.26746227013310137,0.0,0.0,0.0,0.0,0.0,0.0,0.0,0.0,0.23820781921213618,0.5798203111862691,0.5878194509234004,0.26042444125252695,0.3495379509748909,0.0,0.0,0.0
399713916453797888,0.0,0.47907075351259387,0.0,0.29092052339483376,0.0,0.0,0.0,0.0,0.3014678805637198,0.0,0.0,0.0,0.2591002589167063,0.0,0.0,0.2832654292371379,0.3801947975442239,0.5505027225488287,0.0,0.0
399714906313732096,0.0,0.48139050364177743,0.0,0.0,0.0,0.0,0.0,0.0,0.0,0.0,0.0,0.0,0.0,0.0,0.0,0.28463705338920336,0.0,0.5531683596230714,0.6174542061994136,0.0
399719171887726592,0.0,0.0,0.0,0.0,0.0,0.0,0.0,0.0,0.5283192717628035,0.0,0.0,0.0,0.0,0.0,0.0,0.0,0.0,0.0,0.0,0.8490457862118044
399719742308503552,0.0,0.0,0.0,0.0,0.0,0.0,0.0,0.0,0.0,0.0,0.0,0.0,0.0,0.0,0.0,0.0,0.0,0.0,0.0,0.0
399733751317409792,0.0,0.44758795809079405,0.0,0.2718022798892809,0.4543616423271513,0.0,0.0,0.0,0.0,0.0,0.0,0.0,0.24207312798583516,0.0,0.0,0.2646502508039867,0.3552097719634404,0.5143256767448983,0.0,0.0
399735177351819265,0.0,0.0,0.0,0.0,0.0,0.0,0.0,0.0,0.0,0.0,0.0,0.0,0.0,0.5608767101823604,0.5686145060020206,0.25191598335345744,0.0,0.0,0.5464734182649245,0.0
399753581957353473,0.0,0.40091651209843904,0.0,0.2434605758797233,0.40698388234155364,0.0,0.0,0.0,0.0,0.0,0.5467232296312388,0.0,0.2168313789289949,0.0,0.0,0.2370543120304151,0.0,0.46069527268516336,0.0,0.0
399760905220521984,0.0,0.0,0.0,0.37155385782596134,0.6211126011288858,0.0,0.0,0.0,0.0,0.0,0.0,0.0,0.3309140917279033,0.0,0.0,0.36177703035046327,0.4855719428264486,0.0,0.0,0.0
399763988046573568,0.0,0.0,0.0,0.283294362088887,0.8018279832070294,0.0,0.0,0.0,0.0,0.0,0.0,0.0,0.2523082308196385,0.0,0.0,0.27583993779860905,0.3702284094052236,0.0,0.0,0.0
399777825034493952,0.0,0.0,0.0,0.0,0.0,0.0,0.0,0.0,0.7287656386397119,0.0,0.0,0.0,0.0,0.0,0.0,0.6847632028212768,0.0,0.0,0.0,0.0
399794413527777280,0.0,0.0,0.0,0.3801391788466814,0.0,0.0,0.0,0.0,0.0,0.0,0.0,0.6867977138071978,0.0,0.0,0.0,0.3701364427964952,0.4967918263507706,0.0,0.0,0.0
399794916832075776,0.0,0.0,0.0,0.45981045436729157,0.0,0.0,0.0,0.0,0.4764809354856605,0.0,0.0,0.0,0.0,0.0,0.0,0.44771129999413173,0.6009116873807826,0.0,0.0,0.0
399803305443856384,0.0,0.0,0.0,0.42551254514168185,0.0,0.0,0.0,0.0,0.4409395516006244,0.0,0.0,0.0,0.37897089325968913,0.0,0.0,0.4143158837293841,0.5560888385076447,0.0,0.0,0.0
399808841937719297,0.0,0.0,0.0,0.0,0.5173732520848412,0.0,0.0,0.0,0.3207170837453272,0.6802003218994837,0.0,0.0,0.2756442221374932,0.0,0.0,0.30135237697934814,0.0,0.0,0.0,0.0
399843264590643200,0.0,0.4960092556150655,0.0,0.30120659880445694,0.0,0.0,0.0,0.0,0.3121268788250737,0.0,0.0,0.0,0.0,0.0,0.0,0.29328084352304595,0.3936373429935827,0.5699668444033568,0.0,0.0
399851648983384065,0.0,0.0,0.0,0.42551254514168185,0.0,0.0,0.0,0.0,0.4409395516006244,0.0,0.0,0.0,0.37897089325968913,0.0,0.0,0.4143158837293841,0.5560888385076447,0.0,0.0,0.0
399857361642209281,0.0,0.0,0.7908149050642436,0.0,0.0,0.0,0.0,0.0,0.37801639439586776,0.0,0.0,0.0,0.32489081582947316,0.0,0.0,0.3551919893323028,0.0,0.0,0.0,0.0
399869676127145984,0.0,0.0,0.0,0.6944068276843067,0.0,0.0,0.0,0.0,0.719582627406622,0.0,0.0,0.0,0.0,0.0,0.0,0.0,0.0,0.0,0.0,0.0
399877079048544256,0.5252817806339375,0.0,0.0,0.0,0.766304041355358,0.0,0.0,0.0,0.28055920760694575,0.0,0.0,0.0,0.24113004409125047,0.0,0.0,0.0,0.0,0.0,0.0,0.0
399880824566185986,0.0,0.0,0.0,0.0,0.0,0.0,0.0,0.0,0.6176179605438453,0.0,0.0,0.0,0.5308193137832298,0.0,0.0,0.5803265554223437,0.0,0.0,0.0,0.0
399888395281137665,0.0,0.0,0.0,0.24244285610639107,0.0,0.0,0.0,0.0,0.25123264984991617,0.0,0.0,0.0,0.0,0.5255817659909187,0.5328326364905189,0.2360633718757914,0.0,0.0,0.5120848468558963,0.0
399894124717178880,0.0,0.0,0.0,0.474089245096678,0.0,0.0,0.0,0.0,0.0,0.0,0.0,0.0,0.42223437769449734,0.0,0.0,0.46161436787586213,0.6195721857436555,0.0,0.0,0.0
399901343093383168,0.0,0.0,0.0,0.0,0.8499426631025228,0.0,0.0,0.0,0.5268751934169907,0.0,0.0,0.0,0.0,0.0,0.0,0.0,0.0,0.0,0.0,0.0
399908767019442177,0.5286575922441253,0.0,0.0,0.0,0.455500166713549,0.0,0.0,0.0,0.28236226848836754,0.0,0.6118977508652377,0.0,0.24267970682926884,0.0,0.0,0.0,0.0,0.0,0.0,0.0
399909391966552064,0.0,0.0,0.0,0.26746227013310137,0.0,0.0,0.0,0.0,0.0,0.0,0.0,0.0,0.23820781921213618,0.5798203111862691,0.5878194509234004,0.26042444125252695,0.3495379509748909,0.0,0.0,0.0
399913707934740482,0.0,0.0,0.0,0.0,0.5646397378407862,0.0,0.0,0.6842317821974803,0.35001734116963423,0.0,0.0,0.0,0.3008266869187105,0.0,0.0,0.0,0.0,0.0,0.0,0.0
399918493602041858,0.0,0.0,0.0,0.474089245096678,0.0,0.0,0.0,0.0,0.0,0.0,0.0,0.0,0.42223437769449734,0.0,0.0,0.46161436787586213,0.6195721857436555,0.0,0.0,0.0
399919240217509888,0.0,0.0,0.0,0.522996362893541,0.0,0.0,0.0,0.0,0.0,0.0,0.0,0.0,0.0,0.0,0.0,0.5092345754632024,0.6834873455689868,0.0,0.0,0.0
399929025503973376,0.0,0.0,0.0,0.7467662656925799,0.0,0.0,0.0,0.0,0.0,0.0,0.0,0.0,0.6650865691198097,0.0,0.0,0.0,0.0,0.0,0.0,0.0
399939012154359809,0.0,0.0,0.0,0.37155385782596134,0.6211126011288858,0.0,0.0,0.0,0.0,0.0,0.0,0.0,0.3309140917279033,0.0,0.0,0.36177703035046327,0.4855719428264486,0.0,0.0,0.0
399939326718795776,0.0,0.0,0.0,0.21897067303044013,0.0,0.0,0.0,0.4435742452769782,0.0,0.0,0.0,0.0,0.19502012926173634,0.47469739830591323,0.4812462734464425,0.2132088206170678,0.28616582195523793,0.0,0.0,0.3646593039448767
399940048160059392,0.0,0.41027471538329185,0.5401076799150291,0.24914343875061046,0.0,0.0,0.0,0.0,0.0,0.0,0.5594848569751986,0.0,0.0,0.0,0.0,0.24258763972979125,0.3255976517225742,0.0,0.0,0.0
399943013528379392,0.0,0.703126218633157,0.0,0.0,0.0,0.0,0.0,0.0,0.0,0.0,0.0,0.0,0.0,0.0,0.0,0.0,0.0,0.0,0.0,0.711065060786028
399943961436884992,0.0,0.0,0.0,0.45981045436729157,0.0,0.0,0.0,0.0,0.4764809354856605,0.0,0.0,0.0,0.0,0.0,0.0,0.44771129999413173,0.6009116873807826,0.0,0.0,0.0
399944687056072704,0.0,0.0,0.0,0.0,0.0,0.0,0.0,0.7724744342481097,0.0,0.0,0.0,0.0,0.0,0.0,0.0,0.0,0.0,0.0,0.0,0.6350458632516733
399948189299507200,0.0,0.5467083174615897,0.0,0.0,0.5549820644311714,0.0,0.0,0.0,0.0,0.0,0.0,0.0,0.2956813071297014,0.0,0.0,0.0,0.0,0.0,0.0,0.5528810797921232
399952408756760576,0.0,0.0,0.0,0.0,0.0,0.0,0.0,0.0,0.39587305612654056,0.8395966222442572,0.0,0.0,0.0,0.0,0.0,0.3719704764481541,0.0,0.0,0.0,0.0
399953906140073984,0.0,0.0,0.0,0.40099643864034434,0.0,0.0,0.0,0.0,0.0,0.0,0.0,0.0,0.3571363060397801,0.0,0.0,0.6610806446374454,0.5240495171181446,0.0,0.0,0.0
399955315426213888,0.0,0.0,0.0,0.0,0.0,0.0,0.0,0.0,1.0,0.0,0.0,0.0,0.0,0.0,0.0,0.0,0.0,0.0,0.0,0.0
399955420283809792,0.0,0.0,0.0,0.0,0.0,0.0,0.0,0.0,0.0,0.0,0.0,0.0,0.47159547318028233,0.0,0.0,0.0,0.0,0.0,0.0,0.8818150087608315
399956263317929985,0.0,0.0,0.0,0.46795719082572484,0.0,0.0,0.0,0.0,0.0,0.0,0.0,0.0,0.416773034401302,0.0,0.0,0.0,0.0,0.0,0.0,0.7793050143239343
399969437627203585,0.0,0.0,0.0,0.0,0.0,0.0,0.6493002334904301,0.5857159437732161,0.29962176948540914,0.0,0.0,0.0,0.2575135961601802,0.0,0.0,0.28153078524773756,0.0,0.0,0.0,0.0
399994351805538304,0.0,0.0,0.0,0.0,0.5173732520848412,0.0,0.0,0.0,0.3207170837453272,0.6802003218994837,0.0,0.0,0.2756442221374932,0.0,0.0,0.30135237697934814,0.0,0.0,0.0,0.0
399994746078515200,0.0,0.0,0.0,0.0,0.0,0.0,0.0,0.0,0.0,0.0,0.5994648819686693,0.0,0.0,0.0,0.0,0.25992262168433244,0.0,0.5051379240827405,0.563841966934364,0.0
400001020757282816,0.0,0.0,0.0,0.26423770340344255,0.0,0.5807326081939543,0.0,0.0,0.0,0.0,0.5933810436168581,0.0,0.2353359486930017,0.0,0.0,0.2572847236825124,0.34532386707099727,0.0,0.0,0.0
400005047284535296,0.0,0.0,0.0,0.0,0.0,0.0,0.0,0.0,0.7287656386397119,0.0,0.0,0.0,0.0,0.0,0.0,0.6847632028212768,0.0,0.0,0.0,0.0
400005529638305793,0.45120432765935525,0.38296938393510216,0.0,0.23256200217128908,0.0,0.0,0.5222490272076278,0.4711065329688784,0.240993564414434,0.0,0.0,0.0,0.207124867897301,0.0,0.0,0.0,0.0,0.0,0.0,0.0
400014425736085504,0.45120432765935525,0.38296938393510216,0.0,0.23256200217128908,0.0,0.0,0.5222490272076278,0.4711065329688784,0.240993564414434,0.0,0.0,0.0,0.207124867897301,0.0,0.0,0.0,0.0,0.0,0.0,0.0
400015281369931776,0.45120432765935525,0.38296938393510216,0.0,0.23256200217128908,0.0,0.0,0.5222490272076278,0.4711065329688784,0.240993564414434,0.0,0.0,0.0,0.207124867897301,0.0,0.0,0.0,0.0,0.0,0.0,0.0
400020146754170880,0.45120432765935525,0.38296938393510216,0.0,0.23256200217128908,0.0,0.0,0.5222490272076278,0.4711065329688784,0.240993564414434,0.0,0.0,0.0,0.207124867897301,0.0,0.0,0.0,0.0,0.0,0.0,0.0
400029953044934656,0.0,0.0,0.0,0.0,0.0,0.0,0.0,0.0,0.3137367918424191,0.6653960066947449,0.0,0.5469970352225692,0.2696449248459351,0.0,0.0,0.2947935509499203,0.0,0.0,0.0,0.0
400030372471136256,0.45120432765935525,0.38296938393510216,0.0,0.23256200217128908,0.0,0.0,0.5222490272076278,0.4711065329688784,0.240993564414434,0.0,0.0,0.0,0.207124867897301,0.0,0.0,0.0,0.0,0.0,0.0,0.0
400048181511462912,0.45120432765935525,0.38296938393510216,0.0,0.23256200217128908,0.0,0.0,0.5222490272076278,0.4711065329688784,0.240993564414434,0.0,0.0,0.0,0.207124867897301,0.0,0.0,0.0,0.0,0.0,0.0,0.0
400053118173741056,0.0,0.544033768430444,0.0,0.33036996622271986,0.5522670394437714,0.0,0.0,0.0,0.0,0.0,0.0,0.0,0.0,0.0,0.0,0.32167682498676314,0.4317500221607589,0.0,0.0,0.0
400054401668489216,0.0,0.6525790180070092,0.0,0.3962851584720983,0.0,0.0,0.0,0.0,0.0,0.0,0.0,0.0,0.0,0.0,0.0,0.38585756757544576,0.5178924946130343,0.0,0.0,0.0
400057757073567744,0.45120432765935525,0.38296938393510216,0.0,0.23256200217128908,0.0,0.0,0.5222490272076278,0.4711065329688784,0.240993564414434,0.0,0.0,0.0,0.207124867897301,0.0,0.0,0.0,0.0,0.0,0.0,0.0
400067403985747968,0.0,0.0,0.0,0.46687890596293385,0.7804638966517666,0.0,0.0,0.0,0.0,0.0,0.0,0.0,0.41581269003001153,0.0,0.0,0.0,0.0,0.0,0.0,0.0
400067861189640192,0.0,0.0,0.6914109551271215,0.0,0.0,0.0,0.0,0.0,0.3305004428080741,0.0,0.0,0.576224297106234,0.28405264979981276,0.0,0.0,0.0,0.0,0.0,0.0,0.0
400075297682255872,0.45120432765935525,0.38296938393510216,0.0,0.23256200217128908,0.0,0.0,0.5222490272076278,0.4711065329688784,0.240993564414434,0.0,0.0,0.0,0.207124867897301,0.0,0.0,0.0,0.0,0.0,0.0,0.0
400090086802333697,0.45120432765935525,0.38296938393510216,0.0,0.23256200217128908,0.0,0.0,0.5222490272076278,0.4711065329688784,0.240993564414434,0.0,0.0,0.0,0.207124867897301,0.0,0.0,0.0,0.0,0.0,0.0,0.0
400090279706779648,0.45120432765935525,0.38296938393510216,0.0,0.23256200217128908,0.0,0.0,0.5222490272076278,0.4711065329688784,0.240993564414434,0.0,0.0,0.0,0.207124867897301,0.0,0.0,0.0,0.0,0.0,0.0,0.0
400107803517263872,0.0,0.0,0.0,0.39020272061082767,0.6522872032180116,0.0,0.0,0.0,0.0,0.0,0.0,0.0,0.0,0.0,0.0,0.0,0.0,0.0,0.0,0.6498178524370753
400123129499906049,0.0,0.0,0.0,0.0,0.4458399909618379,0.0,0.0,0.0,0.0,0.0,0.0,0.0,0.4021783188298384,0.0,0.0,0.25968667782378674,0.0,0.504679386879846,0.5633301413396771,0.0
400123196633927680,0.0,0.0,0.0,0.39020272061082767,0.6522872032180116,0.0,0.0,0.0,0.0,0.0,0.0,0.0,0.0,0.0,0.0,0.0,0.0,0.0,0.0,0.6498178524370753
400133896286642177,0.0,0.0,0.0,0.3234236236819028,0.0,0.0,0.0,0.0,0.33514938450489806,0.7108094042338865,0.0,0.0,0.0,0.0,0.0,0.3149132640028506,0.4226720675869096,0.0,0.0,0.0
400136857457274880,0.0,0.0,0.0,0.0,0.0,0.0,0.0,0.0,0.0,0.0,0.0,0.6912787506807385,0.34076931824512524,0.0,0.0,0.0,0.0,0.0,0.0,0.6371891089778841
400154985247567872,0.0,0.0,0.0,0.0,0.7742590710967039,0.0,0.0,0.0,0.47995931437286693,0.0,0.0,0.0,0.41250690584667377,0.0,0.0,0.0,0.0,0.0,0.0,0.0
400169484972863488,0.0,0.0,0.0,0.27538957765332717,0.0,0.0,0.0,0.0,0.0,0.0,0.0,0.0,0.0,0.5970055908556565,0.605241816894949,0.26814315473897266,0.3598978975422652,0.0,0.0,0.0
400173972857176064,0.0,0.0,0.9022227623194902,0.0,0.0,0.0,0.0,0.0,0.43127031795915294,0.0,0.0,0.0,0.0,0.0,0.0,0.0,0.0,0.0,0.0,0.0
400177336701976576,0.0,0.0,0.0,0.46795719082572484,0.0,0.0,0.0,0.0,0.0,0.0,0.0,0.0,0.416773034401302,0.0,0.0,0.0,0.0,0.0,0.0,0.7793050143239343
400210396197711872,0.0,0.0,0.0,0.21167324308897673,0.5991136863912317,0.46520823092475033,0.0,0.4287916630528451,0.0,0.0,0.0,0.0,0.18852087659576486,0.0,0.0,0.0,0.0,0.40054477852383463,0.0,0.0
400212124246343681,0.6716987073104558,0.5701187341511885,0.0,0.0,0.0,0.0,0.0,0.0,0.358762218720395,0.0,0.0,0.0,0.3083425789379868,0.0,0.0,0.0,0.0,0.0,0.0,0.0
400218965164580864,0.0,0.0,0.0,0.21167324308897673,0.5991136863912317,0.46520823092475033,0.0,0.4287916630528451,0.0,0.0,0.0,0.0,0.18852087659576486,0.0,0.0,0.0,0.0,0.40054477852383463,0.0,0.0
400219317507092481,0.0,0.0,0.0,0.21167324308897673,0.5991136863912317,0.46520823092475033,0.0,0.4287916630528451,0.0,0.0,0.0,0.0,0.18852087659576486,0.0,0.0,0.0,0.0,0.40054477852383463,0.0,0.0
400228381360656384,0.45120432765935525,0.38296938393510216,0.0,0.23256200217128908,0.0,0.0,0.5222490272076278,0.4711065329688784,0.240993564414434,0.0,0.0,0.0,0.207124867897301,0.0,0.0,0.0,0.0,0.0,0.0,0.0
400230621148352513,0.0,0.0,0.0,0.31573647957207684,0.5278047905242,0.0,0.0,0.0,0.0,0.0,0.0,0.0,0.0,0.0,0.0,0.3074283944224315,0.4126259829572528,0.5974614289295535,0.0,0.0
400230633701924864,0.0,0.0,0.0,0.37173207867561725,0.0,0.0,0.0,0.0,0.0,0.0,0.0,0.0,0.0,0.0,0.0,0.3619505616121552,0.48580485399772794,0.7034207108583002,0.0,0.0
400230650504294400,0.0,0.0,0.0,0.2648174742122241,0.0,0.0,0.0,0.0,0.2744184623188205,0.0,0.0,0.0,0.0,0.5740867683089725,0.5820068086944953,0.25784923877788013,0.346081551137747,0.0,0.0,0.0
400231522923716608,0.0,0.0,0.0,0.0,0.0,0.0,0.0,0.0,1.0,0.0,0.0,0.0,0.0,0.0,0.0,0.0,0.0,0.0,0.0,0.0
400234479911837696,0.0,0.0,0.5353372781751629,0.24694292515324942,0.4128051945679287,0.0,0.0,0.0,0.2558958694197008,0.0,0.0,0.44615195137388625,0.21993283628882668,0.0,0.0,0.0,0.0,0.0,0.0,0.41124244609677685
400234748318318592,0.0,0.0,0.0,0.0,0.8499426631025228,0.0,0.0,0.0,0.5268751934169907,0.0,0.0,0.0,0.0,0.0,0.0,0.0,0.0,0.0,0.0,0.0
400239366246645760,0.6657011644529747,0.0,0.0,0.34311903978417524,0.0,0.0,0.0,0.0,0.3555588601922296,0.0,0.0,0.0,0.0,0.0,0.0,0.3340904276869762,0.4484113817135722,0.0,0.0,0.0
400252335042998272,0.45120432765935525,0.38296938393510216,0.0,0.23256200217128908,0.0,0.0,0.5222490272076278,0.4711065329688784,0.240993564414434,0.0,0.0,0.0,0.207124867897301,0.0,0.0,0.0,0.0,0.0,0.0,0.0
400254264419041280,0.0,0.0,0.0,0.24287653250887536,0.0,0.0,0.0,0.0,0.25168204924045007,0.5337857556899481,0.5454116822613991,0.43880519700862547,0.21631121697259725,0.0,0.0,0.2364856367984109,0.0,0.0,0.0,0.0
400254469952139264,0.0,0.0,0.0,0.474089245096678,0.0,0.0,0.0,0.0,0.0,0.0,0.0,0.0,0.42223437769449734,0.0,0.0,0.46161436787586213,0.6195721857436555,0.0,0.0,0.0
400256185427050496,0.45120432765935525,0.38296938393510216,0.0,0.23256200217128908,0.0,0.0,0.5222490272076278,0.4711065329688784,0.240993564414434,0.0,0.0,0.0,0.207124867897301,0.0,0.0,0.0,0.0,0.0,0.0,0.0
400259343741767682,0.0,0.3702286303672846,0.0,0.0,0.37583157788192323,0.0,0.0,0.4554336032451735,0.2329761099012696,0.0,0.5048746718784498,0.4061915742980184,0.2002341685089304,0.0,0.0,0.0,0.0,0.0,0.0,0.0
400259779945566208,0.0,0.0,0.0,0.0,0.0,0.6687351186555985,0.0,0.6163864364570082,0.31531119605233415,0.0,0.0,0.0,0.2709980658096283,0.0,0.0,0.0,0.0,0.0,0.0,0.0
400266134319935489,0.0,0.0,0.0,0.30764319515348787,0.0,0.0,0.0,0.0,0.3187968347179861,0.0,0.6908538707781665,0.0,0.27399384061347054,0.0,0.0,0.2995480714461854,0.4020491264498927,0.0,0.0,0.0
400266352424124416,0.0,0.0,0.0,0.522996362893541,0.0,0.0,0.0,0.0,0.0,0.0,0.0,0.0,0.0,0.0,0.0,0.5092345754632024,0.6834873455689868,0.0,0.0,0.0
400270282487005184,0.0,0.0,0.0,0.474089245096678,0.0,0.0,0.0,0.0,0.0,0.0,0.0,0.0,0.42223437769449734,0.0,0.0,0.46161436787586213,0.6195721857436555,0.0,0.0,0.0
400272413201825792,0.45120432765935525,0.38296938393510216,0.0,0.23256200217128908,0.0,0.0,0.5222490272076278,0.4711065329688784,0.240993564414434,0.0,0.0,0.0,0.207124867897301,0.0,0.0,0.0,0.0,0.0,0.0,0.0
400280642409496576,0.49660742485734477,0.4215062398488313,0.0,0.2559638947105686,0.0,0.0,0.0,0.0,0.265243895269991,0.0,0.0,0.4624501432284805,0.22796711149466672,0.0,0.0,0.2492286266307685,0.334511089119826,0.0,0.0,0.0
400285021279223808,0.0,0.499238539501916,0.0,0.3031676138563356,0.5067938907218882,0.0,0.0,0.0,0.0,0.0,0.0,0.0,0.2700077888239201,0.0,0.0,0.0,0.0,0.5736776315022556,0.0,0.0
400286594113892353,0.0,0.0,0.0,0.33920290937211356,0.5670327380890358,0.0,0.0,0.6871316256107691,0.0,0.0,0.0,0.0,0.30210162080705033,0.0,0.0,0.0,0.0,0.0,0.0,0.0
400289345589899264,0.0,0.0,0.0,0.7467662656925799,0.0,0.0,0.0,0.0,0.0,0.0,0.0,0.0,0.6650865691198097,0.0,0.0,0.0,0.0,0.0,0.0,0.0
400292457755070465,0.0,0.0,0.0,0.3298492414230838,0.0,0.0,0.0,0.0,0.3418079637592652,0.0,0.0,0.0,0.0,0.0,0.0,0.3211698022021137,0.43106950344910655,0.0,0.6967035490026994,0.0
400293070148612098,0.0,0.0,0.0,0.0,0.0,0.0,0.0,0.0,0.9126937481108127,0.0,0.0,0.0,0.0,0.0,0.0,0.40864424890047873,0.0,0.0,0.0,0.0
400300762493759488,0.0,0.7617480297251034,0.0,0.0,0.0,0.600444340452377,0.0,0.0,0.0,0.0,0.0,0.0,0.24332392654367727,0.0,0.0,0.0,0.0,0.0,0.0,0.0
400301563614597120,0.0,0.0,0.0,0.474089245096678,0.0,0.0,0.0,0.0,0.0,0.0,0.0,0.0,0.42223437769449734,0.0,0.0,0.46161436787586213,0.6195721857436555,0.0,0.0,0.0
400308513546575873,0.0,0.0,0.0,0.35289460054572885,0.0,0.0,0.0,0.0,0.0,0.0,0.0,0.0,0.3142957440909434,0.0,0.0,0.3436087606764885,0.46118675177426743,0.6677749514067285,0.0,0.0
400308962366881792,0.0,0.0,0.0,0.0,0.0,0.0,0.0,0.0,0.758386778845111,0.0,0.0,0.0,0.6518047972153447,0.0,0.0,0.0,0.0,0.0,0.0,0.0
400313639002845184,0.0,0.0,0.0,0.0,0.0,0.0,0.8542852869029018,0.0,0.3942128095830577,0.0,0.0,0.0,0.33881102305246585,0.0,0.0,0.0,0.0,0.0,0.0,0.0
400317527118475264,0.7165745638018706,0.0,0.0,0.0,0.0,0.0,0.0,0.0,0.0,0.0,0.0,0.0,0.3289427932483865,0.0,0.0,0.0,0.0,0.0,0.0,0.6150752257099192
400317665538871296,0.6769778142652766,0.0,0.0,0.3489313073032788,0.0,0.0,0.0,0.0,0.0,0.0,0.0,0.0,0.3107659473846177,0.0,0.0,0.3397497549645003,0.45600724963967015,0.0,0.0,0.0
400319037085077504,0.0,0.0,0.0,0.0,0.0,0.0,0.0,0.0,0.758386778845111,0.0,0.0,0.0,0.6518047972153447,0.0,0.0,0.0,0.0,0.0,0.0,0.0
400324246380875777,0.0,0.0,0.0,0.0,0.0,0.0,0.0,0.0,0.6176179605438453,0.0,0.0,0.0,0.5308193137832298,0.0,0.0,0.5803265554223437,0.0,0.0,0.0,0.0
400324447733022720,0.0,0.0,0.0,0.7467662656925799,0.0,0.0,0.0,0.0,0.0,0.0,0.0,0.0,0.6650865691198097,0.0,0.0,0.0,0.0,0.0,0.0,0.0
400329048871550976,0.0,0.6572101040901813,0.0,0.0,0.0,0.0,0.0,0.0,0.0,0.0,0.0,0.0,0.3554450086629324,0.0,0.0,0.0,0.0,0.0,0.0,0.6646305175797912
400336221114601472,0.0,0.0,0.0,0.33920290937211356,0.5670327380890358,0.0,0.0,0.6871316256107691,0.0,0.0,0.0,0.0,0.30210162080705033,0.0,0.0,0.0,0.0,0.0,0.0,0.0
400347323467046912,0.0,0.0,0.0,0.0,0.0,0.0,0.0,0.0,0.758386778845111,0.0,0.0,0.0,0.6518047972153447,0.0,0.0,0.0,0.0,0.0,0.0,0.0
400351081529475072,0.0,0.0,0.0,0.0,0.0,0.0,0.0,0.0,0.0,0.0,0.0,0.0,0.0,0.0,0.0,0.0,0.0,0.0,0.0,1.0
400363043701661696,0.0,0.0,0.0,0.0,0.0,0.0,0.0,0.0,0.0,0.0,0.0,0.0,0.0,0.0,0.0,0.0,0.0,0.0,0.0,1.0
400370702500761600,0.0,0.0,0.0,0.5119730993775252,0.0,0.0,0.0,0.0,0.5305347432140708,0.0,0.0,0.0,0.4559745770396241,0.0,0.0,0.49850137096109015,0.0,0.0,0.0,0.0
400374754181652480,0.0,0.6153758682762406,0.0,0.37369317239852745,0.0,0.0,0.0,0.0,0.0,0.0,0.0,0.0,0.33281941264919107,0.0,0.0,0.363860052385484,0.48836774513461473,0.0,0.0,0.0
400374758379773952,0.0,0.0,0.0,0.33920290937211356,0.5670327380890358,0.0,0.0,0.6871316256107691,0.0,0.0,0.0,0.0,0.30210162080705033,0.0,0.0,0.0,0.0,0.0,0.0,0.0
400377350480613376,0.0,0.0,0.0,0.0,0.0,0.6641242194624773,0.0,0.0,0.31313713924134656,0.0,0.0,0.0,0.4556759321510446,0.0,0.0,0.0,0.0,0.0,0.0,0.5032331447841818
400383809700761600,0.0,0.4463832264132807,0.0,0.0,0.0,0.0,0.0,0.0,0.0,0.0,0.6087254374246353,0.0,0.4087622367376781,0.0,0.0,0.0,0.0,0.512941313237944,0.0,0.0
400385260925775872,0.0,0.0,0.0,0.0,0.0,0.0,0.0,0.0,0.0,0.0,0.0,0.0,0.47159547318028233,0.0,0.0,0.0,0.0,0.0,0.0,0.8818150087608315
400390470247129088,0.0,0.5384447824563731,0.0,0.0,0.54659347115352,0.0,0.0,0.0,0.3388305509729864,0.0,0.0,0.0,0.0,0.0,0.0,0.0,0.0,0.0,0.0,0.5445242430463476
400394563895840768,0.0,0.0,0.0,0.0,0.0,0.0,0.0,0.0,0.6176179605438453,0.0,0.0,0.0,0.5308193137832298,0.0,0.0,0.5803265554223437,0.0,0.0,0.0,0.0
400397604778819585,0.0,0.0,0.0,0.474089245096678,0.0,0.0,0.0,0.0,0.0,0.0,0.0,0.0,0.42223437769449734,0.0,0.0,0.46161436787586213,0.6195721857436555,0.0,0.0,0.0
400399412498673664,0.0,0.0,0.0,0.0,0.0,0.0,0.0,0.0,0.0,0.0,0.0,0.0,0.0,0.6697223673000958,0.6789617863024336,0.3008036626754468,0.0,0.0,0.0,0.0
400406958085533696,0.8229995854380213,0.0,0.0,0.42419458246000424,0.0,0.0,0.0,0.0,0.0,0.0,0.0,0.0,0.3777970865165953,0.0,0.0,0.0,0.0,0.0,0.0,0.0
400409017454821376,0.0,0.3403552476951376,0.0,0.20668414023116682,0.3455060989063901,0.4542433509025373,0.0,0.0,0.0,0.0,0.46413683304751663,0.0,0.18407747113527687,0.0,0.0,0.20124558768111286,0.27010894224242243,0.3911040052354786,0.0,0.0
400409256538542080,0.0,0.0,0.0,0.33920290937211356,0.5670327380890358,0.0,0.0,0.6871316256107691,0.0,0.0,0.0,0.0,0.30210162080705033,0.0,0.0,0.0,0.0,0.0,0.0,0.0
400419499020541952,0.0,0.386416291304143,0.0,0.2346551712669653,0.3922642188316024,0.0,0.0,0.0,0.24316262159737662,0.0,0.5269495178887874,0.4239516580430871,0.35384928957684575,0.0,0.0,0.0,0.0,0.0,0.0,0.0
400421101245054976,0.0,0.0,0.0,0.0,0.0,0.0,0.0,0.0,0.0,0.0,0.0,0.0,0.47159547318028233,0.0,0.0,0.0,0.0,0.0,0.0,0.8818150087608315
400422854476701697,0.0,0.33405246577093256,0.0,0.0,0.3391079322565832,0.0,0.0,0.0,0.2102113061894525,0.0,0.7712993708099164,0.36650136115896736,0.0,0.0,0.0,0.0,0.0,0.0,0.0,0.0
400427233325506560,0.6097241216785235,0.0,0.0,0.0,0.5253484356384478,0.0,0.0,0.0,0.0,0.0,0.0,0.0,0.27989321115688903,0.0,0.0,0.0,0.0,0.0,0.0,0.5233596344425827
400428227362959360,0.0,0.0,0.0,0.42551254514168185,0.0,0.0,0.0,0.0,0.4409395516006244,0.0,0.0,0.0,0.37897089325968913,0.0,0.0,0.4143158837293841,0.5560888385076447,0.0,0.0,0.0
400429523411292160,0.0,0.6561075842449186,0.0,0.0,0.6660369523622187,0.0,0.0,0.0,0.0,0.0,0.0,0.0,0.35484872267537443,0.0,0.0,0.0,0.0,0.0,0.0,0.0
400459714040836096,0.0,0.4233173174137238,0.0,0.2570636897392236,0.4297236958430575,0.0,0.0,0.5207402004392616,0.26638356349440556,0.0,0.0,0.0,0.22894661329589608,0.0,0.0,0.2502994823656251,0.3359483763327744,0.0,0.0,0.0
400461148455055360,0.0,0.0,0.0,0.3801391788466814,0.0,0.0,0.0,0.0,0.0,0.0,0.0,0.6867977138071978,0.0,0.0,0.0,0.3701364427964952,0.4967918263507706,0.0,0.0,0.0
400467314120097792,0.0,0.0,0.0,0.42551254514168185,0.0,0.0,0.0,0.0,0.4409395516006244,0.0,0.0,0.0,0.37897089325968913,0.0,0.0,0.4143158837293841,0.5560888385076447,0.0,0.0,0.0
400468786299797504,0.0,0.0,0.0,0.0,0.5768791291319442,0.0,0.0,0.0,0.35760447843639503,0.0,0.0,0.0,0.0,0.0,0.0,0.3360125327182164,0.0,0.6530123162931103,0.0,0.0
400474243109900288,0.0,0.532933324146084,0.0,0.32362911001840483,0.0,0.0,0.7267523770228703,0.0,0.0,0.0,0.0,0.0,0.28823125030937913,0.0,0.0,0.0,0.0,0.0,0.0,0.0
400475446858358784,0.0,0.0,0.0,0.474089245096678,0.0,0.0,0.0,0.0,0.0,0.0,0.0,0.0,0.42223437769449734,0.0,0.0,0.46161436787586213,0.6195721857436555,0.0,0.0,0.0
400481759281688576,0.0,0.0,0.0,0.522996362893541,0.0,0.0,0.0,0.0,0.0,0.0,0.0,0.0,0.0,0.0,0.0,0.5092345754632024,0.6834873455689868,0.0,0.0,0.0
400496212874256384,0.0,0.0,0.0,0.45981045436729157,0.0,0.0,0.0,0.0,0.4764809354856605,0.0,0.0,0.0,0.0,0.0,0.0,0.44771129999413173,0.6009116873807826,0.0,0.0,0.0
400499404710244352,0.0,0.8463676409714478,0.0,0.0,0.0,0.0,0.0,0.0,0.532599114077771,0.0,0.0,0.0,0.0,0.0,0.0,0.0,0.0,0.0,0.0,0.0
400500335867097088,0.0,0.0,0.0,0.0,0.5382242046959436,0.0,0.0,0.0,0.3336424846774344,0.707613460520065,0.0,0.0,0.0,0.0,0.0,0.3134973498907213,0.0,0.0,0.0,0.0
400504391754469376,0.0,0.4621335493621313,0.6083774354061574,0.0,0.0,0.0,0.0,0.0,0.2908096990728291,0.0,0.0,0.5070238726948617,0.0,0.0,0.0,0.2732507824055782,0.0,0.0,0.0,0.0
400515548594720768,0.0,0.8463676409714478,0.0,0.0,0.0,0.0,0.0,0.0,0.532599114077771,0.0,0.0,0.0,0.0,0.0,0.0,0.0,0.0,0.0,0.0,0.0
400526894179045376,0.0,0.0,0.0,0.3363872972006401,0.562325985184284,0.0,0.0,0.0,0.0,0.0,0.7554025897947216,0.0,0.0,0.0,0.0,0.0,0.0,0.0,0.0,0.0
400530467729842180,0.0,0.0,0.0,0.0,0.0,0.0,0.0,0.0,0.3747746337576751,0.7948495401141721,0.0,0.0,0.3221046449805884,0.0,0.0,0.3521459642733658,0.0,0.0,0.0,0.0
400540752151085056,0.5614282456592429,0.0,0.0,0.0,0.0,0.6359766722369136,0.0,0.0,0.29986546181026663,0.0,0.0,0.0,0.43636303940613697,0.0,0.0,0.0,0.0,0.0,0.0,0.0
400567029465247744,0.0,0.0,0.0,0.0,0.0,0.0,0.0,0.0,0.39587305612654056,0.8395966222442572,0.0,0.0,0.0,0.0,0.0,0.3719704764481541,0.0,0.0,0.0,0.0
400569214714785792,0.5743839757859315,0.0,0.0,0.0,0.0,0.0,0.0,0.0,0.3067852704012413,0.6506527099961038,0.0,0.0,0.26367035467976613,0.0,0.0,0.288261758238855,0.0,0.0,0.0,0.0
400571659997810688,0.0,0.0,0.0,0.474089245096678,0.0,0.0,0.0,0.0,0.0,0.0,0.0,0.0,0.42223437769449734,0.0,0.0,0.46161436787586213,0.6195721857436555,0.0,0.0,0.0
400582116401872896,0.0,0.0,0.7211146152562916,0.0,0.0,0.0,0.0,0.0,0.34469905038423887,0.0,0.0,0.6009794308692891,0.0,0.0,0.0,0.0,0.0,0.0,0.0,0.0
400585543156633600,0.0,0.0,0.0,0.474089245096678,0.0,0.0,0.0,0.0,0.0,0.0,0.0,0.0,0.42223437769449734,0.0,0.0,0.46161436787586213,0.6195721857436555,0.0,0.0,0.0
400588768572628992,0.0,0.0,0.0,0.0,0.7953007970305835,0.0,0.0,0.0,0.2911754987347135,0.0,0.0,0.0,0.0,0.0,0.0,0.0,0.0,0.5317080695072339,0.0,0.0
400592790880403456,0.0,0.6971967511182979,0.0,0.4233797247219787,0.0,0.0,0.0,0.0,0.4387294055303237,0.0,0.0,0.0,0.3770713561747172,0.0,0.0,0.0,0.0,0.0,0.0,0.0
400597769531830272,0.0,0.0,0.0,0.45981045436729157,0.0,0.0,0.0,0.0,0.4764809354856605,0.0,0.0,0.0,0.0,0.0,0.0,0.44771129999413173,0.6009116873807826,0.0,0.0,0.0
400601452122365952,0.0,0.0,0.0,0.0,0.0,0.0,0.0,0.0,0.3747746337576751,0.7948495401141721,0.0,0.0,0.3221046449805884,0.0,0.0,0.3521459642733658,0.0,0.0,0.0,0.0
400603335390011392,0.0,0.0,0.0,0.0,0.0,0.0,0.0,0.0,0.6176179605438453,0.0,0.0,0.0,0.5308193137832298,0.0,0.0,0.5803265554223437,0.0,0.0,0.0,0.0
400607454171770880,0.0,0.0,0.0,0.0,0.5514223711467978,0.0,0.0,0.0,0.3418239618563305,0.0,0.0,0.0,0.29378478680812453,0.0,0.0,0.3211848343435933,0.0,0.6241959219087133,0.0,0.0
400608687313924096,0.0,0.0,0.0,0.4293083458869504,0.0,0.0,0.0,0.0,0.0,0.0,0.0,0.0,0.0,0.0,0.0,0.7077555077782842,0.5610494500142689,0.0,0.0,0.0
400637992932761600,0.0,0.0,0.0,0.0,0.0,0.0,0.0,0.0,0.0,0.0,0.0,0.0,0.0,0.0,0.0,0.0,0.0,0.0,1.0,0.0
400639850988072960,0.0,0.0,0.0,0.0,0.0,0.0,0.0,0.0,0.0,0.0,0.0,0.0,0.0,0.0,0.0,0.0,0.0,0.0,0.0,0.0
400650143823069184,0.0,0.0,0.0,0.0,0.0,0.0,0.0,0.0,0.0,0.0,0.0,0.0,0.0,0.0,0.0,0.0,0.0,0.0,0.0,0.0
400657261527195649,0.0,0.0,0.0,0.0,0.0,0.0,0.0,0.0,0.0,0.0,0.0,0.0,0.0,0.0,0.0,0.0,0.0,0.0,0.0,0.0
400688488124669952,0.0,0.0,0.0,0.0,0.0,0.0,0.0,0.0,0.39587305612654056,0.8395966222442572,0.0,0.0,0.0,0.0,0.0,0.3719704764481541,0.0,0.0,0.0,0.0
400704430682931200,0.0,0.0,0.0,0.474089245096678,0.0,0.0,0.0,0.0,0.0,0.0,0.0,0.0,0.42223437769449734,0.0,0.0,0.46161436787586213,0.6195721857436555,0.0,0.0,0.0
400714870309392388,0.0,0.0,0.0,0.0,0.0,0.0,0.0,0.0,0.3048907210048913,0.0,0.0,0.0,0.0,0.6378351049345058,0.646634610635126,0.2864816006082493,0.0,0.0,0.0,0.0
400724886311940096,0.0,0.5840092721897047,0.0,0.2094593406748574,0.35014529704665565,0.0,0.0,0.0,0.21705331325773614,0.0,0.0,0.6407382525766384,0.18654912609146604,0.0,0.0,0.0,0.0,0.0,0.0,0.0
400754426794622976,0.0,0.0,0.0,0.3600630931784622,0.0,0.0,0.0,0.0,0.0,0.0,0.0,0.6505262361316712,0.32068016233517616,0.0,0.0,0.35058862623873543,0.47055502725169185,0.0,0.0,0.0
400756515549614080,0.0,0.3890150464297031,0.5121203093953588,0.23623329140007643,0.39490230286740224,0.0,0.0,0.0,0.0,0.0,0.0,0.4268028487643965,0.21039459936428972,0.0,0.0,0.2300172016318215,0.30872578994766325,0.0,0.0,0.0
400772579759104002,0.45120432765935525,0.38296938393510216,0.0,0.23256200217128908,0.0,0.0,0.5222490272076278,0.4711065329688784,0.240993564414434,0.0,0.0,0.0,0.207124867897301,0.0,0.0,0.0,0.0,0.0,0.0,0.0
400789466019037184,0.0,0.46620147142653784,0.0,0.2831055226820158,0.4732568479193252,0.0,0.0,0.5734937780456215,0.293369546097644,0.0,0.0,0.0,0.25214004626310377,0.0,0.0,0.0,0.0,0.0,0.0,0.0
400798785766690817,0.0,0.5306027054952638,0.0,0.3222138184508044,0.0,0.0,0.0,0.0,0.0,0.0,0.0,0.5821439256550649,0.0,0.0,0.0,0.3137352928027392,0.4210910115323625,0.0,0.0,0.0
400803017819054080,0.0,0.3890150464297031,0.5121203093953588,0.23623329140007643,0.39490230286740224,0.0,0.0,0.0,0.0,0.0,0.0,0.4268028487643965,0.21039459936428972,0.0,0.0,0.2300172016318215,0.30872578994766325,0.0,0.0,0.0
400813969138405376,0.0,0.0,0.0,0.0,0.0,0.0,0.0,0.0,0.0,0.0,0.0,0.7352879854361907,0.0,0.0,0.0,0.0,0.0,0.0,0.0,0.6777548070454299
400826602361065473,0.0,0.0,0.0,0.0,0.0,0.0,0.0,0.0,0.0,0.0,0.0,0.0,0.0,0.6073202895806431,0.0,0.0,0.0,0.5301173314309894,0.5917243283659803,0.0
400845610946797569,0.0,0.0,0.0,0.0,0.0,0.0,0.6975207235311608,0.0,0.0,0.0,0.0,0.0,0.27663792595171993,0.0,0.0,0.3024387592880668,0.0,0.5877644894428308,0.0,0.0
400875352764862464,0.0,0.0,0.0,0.37155385782596134,0.6211126011288858,0.0,0.0,0.0,0.0,0.0,0.0,0.0,0.3309140917279033,0.0,0.0,0.36177703035046327,0.4855719428264486,0.0,0.0,0.0
400899721671483392,0.0,0.0,0.0,0.0,0.0,0.0,0.0,0.0,0.32580465498040634,0.6909904162448643,0.0,0.568037236848862,0.0,0.0,0.0,0.30613276368915093,0.0,0.0,0.0,0.0
400901315531780096,0.0,0.35730053899914266,0.4703696277527789,0.2169743384515629,0.0,0.0,0.0,0.0,0.22484076814660872,0.0,0.4872448470833493,0.39200768533112607,0.1932421494883071,0.0,0.0,0.21126501629282246,0.2835568756623129,0.0,0.0,0.0
400905073590419456,0.0,0.0,0.0,1.0,0.0,0.0,0.0,0.0,0.0,0.0,0.0,0.0,0.0,0.0,0.0,0.0,0.0,0.0,0.0,0.0
400928414926127104,0.0,0.0,0.0,0.3234236236819028,0.0,0.0,0.0,0.0,0.33514938450489806,0.7108094042338865,0.0,0.0,0.0,0.0,0.0,0.3149132640028506,0.4226720675869096,0.0,0.0,0.0
400935520051924992,0.0,0.0,0.0,0.0,0.0,0.0,0.0,0.0,0.0,0.0,0.0,0.0,0.47159547318028233,0.0,0.0,0.0,0.0,0.0,0.0,0.8818150087608315
400961239532048384,0.0,0.0,0.0,0.26789444608183627,0.0,0.5887692724767777,0.0,0.0,0.27760699015886986,0.0,0.0,0.0,0.23859272468015919,0.0,0.0,0.2608452452033648,0.35010274800404284,0.5069309658968536,0.0,0.0
400978771731181569,0.0,0.0,0.0,0.0,0.5301732647697992,0.0,0.0,0.0,0.0,0.0,0.0,0.0,0.28246376591111816,0.0,0.0,0.0,0.0,0.60014248077403,0.0,0.5281661983135939
400980642403336192,0.0,0.0,0.0,0.0,0.4950196462866658,0.0,0.0,0.0,0.0,0.0,0.6649863827325497,0.0,0.26373475009312897,0.0,0.0,0.0,0.0,0.0,0.0,0.49314566018958117
400981506400600064,0.0,0.0,0.0,0.0,0.0,0.0,0.0,0.0,0.6176179605438453,0.0,0.0,0.0,0.5308193137832298,0.0,0.0,0.5803265554223437,0.0,0.0,0.0,0.0
400985390342881281,0.7534222136310349,0.0,0.0,0.3883326638095582,0.0,0.0,0.0,0.0,0.4024117093775654,0.0,0.0,0.0,0.3458576678081749,0.0,0.0,0.0,0.0,0.0,0.0,0.0
400997197291864064,0.0,0.0,0.0,0.287791436186995,0.4810901131766756,0.6324981984027499,0.0,0.0,0.0,0.0,0.0,0.0,0.256313424573556,0.0,0.0,0.2802186788026698,0.3761054927966593,0.0,0.0,0.0
401001173483663360,0.0,0.532933324146084,0.0,0.32362911001840483,0.0,0.0,0.0,0.0,0.0,0.0,0.7267523770228703,0.0,0.28823125030937913,0.0,0.0,0.0,0.0,0.0,0.0,0.0
401011436970729472,0.0,0.0,0.0,0.0,0.0,0.0,0.0,0.0,0.7287656386397119,0.0,0.0,0.0,0.0,0.0,0.0,0.6847632028212768,0.0,0.0,0.0,0.0
401013961937539072,0.0,0.0,0.0,0.0,0.0,0.0,0.0,0.0,0.758386778845111,0.0,0.0,0.0,0.6518047972153447,0.0,0.0,0.0,0.0,0.0,0.0,0.0
401054462141530113,0.0,0.0,0.0,0.522996362893541,0.0,0.0,0.0,0.0,0.0,0.0,0.0,0.0,0.0,0.0,0.0,0.5092345754632024,0.6834873455689868,0.0,0.0,0.0
401058232820453376,0.0,0.0,0.0,0.42551254514168185,0.0,0.0,0.0,0.0,0.4409395516006244,0.0,0.0,0.0,0.37897089325968913,0.0,0.0,0.4143158837293841,0.5560888385076447,0.0,0.0,0.0
401064641708560384,0.0,0.3890150464297031,0.5121203093953588,0.23623329140007643,0.39490230286740224,0.0,0.0,0.0,0.0,0.0,0.0,0.4268028487643965,0.21039459936428972,0.0,0.0,0.2300172016318215,0.30872578994766325,0.0,0.0,0.0
401065275069829120,0.0,0.0,0.0,0.0,0.0,0.0,0.0,0.0,1.0,0.0,0.0,0.0,0.0,0.0,0.0,0.0,0.0,0.0,0.0,0.0
401072858345906176,0.0,0.0,0.0,0.21897067303044013,0.0,0.0,0.0,0.4435742452769782,0.0,0.0,0.0,0.0,0.19502012926173634,0.47469739830591323,0.4812462734464425,0.2132088206170678,0.28616582195523793,0.0,0.0,0.3646593039448767
401091384582500352,0.0,0.0,0.0,0.33961575648332193,0.0,0.0,0.0,0.687967940096333,0.0,0.0,0.0,0.0,0.30246931158444496,0.0,0.0,0.0,0.0,0.0,0.0,0.5655736617784647
401096191275851778,0.0,0.0,0.0,0.3234236236819028,0.0,0.0,0.0,0.0,0.33514938450489806,0.7108094042338865,0.0,0.0,0.0,0.0,0.0,0.3149132640028506,0.4226720675869096,0.0,0.0,0.0
401110372196691968,0.0,0.0,0.0,0.0,1.0,0.0,0.0,0.0,0.0,0.0,0.0,0.0,0.0,0.0,0.0,0.0,0.0,0.0,0.0,0.0
401115187261878272,0.0,0.0,0.0,0.522996362893541,0.0,0.0,0.0,0.0,0.0,0.0,0.0,0.0,0.0,0.0,0.0,0.5092345754632024,0.6834873455689868,0.0,0.0,0.0
401134095197302784,0.0,0.0,0.0,0.35630541423090006,0.0,0.0,0.0,0.7217765877880898,0.0,0.0,0.0,0.0,0.0,0.0,0.0,0.0,0.0,0.0,0.0,0.5933675160562201
401144006312480768,0.0,0.0,0.0,0.474089245096678,0.0,0.0,0.0,0.0,0.0,0.0,0.0,0.0,0.42223437769449734,0.0,0.0,0.46161436787586213,0.6195721857436555,0.0,0.0,0.0
401163048477818880,0.0,0.0,0.0,0.2899077282723172,0.48462783901150913,0.0,0.0,0.0,0.3004183664370868,0.0,0.0,0.0,0.2581982411580022,0.0,0.0,0.2822792841492591,0.3788712077470326,0.5485862318666886,0.0,0.0
401177644638957568,0.5694717592832682,0.4833514118814107,0.0,0.0,0.0,0.0,0.0,0.0,0.3041615975072039,0.0,0.0,0.5303027773311537,0.261415406905938,0.0,0.0,0.0,0.0,0.0,0.0,0.0
401185827742826496,0.0,0.0,0.0,0.0,0.0,0.0,0.0,0.0,0.0,0.0,0.0,0.0,0.47159547318028233,0.0,0.0,0.0,0.0,0.0,0.0,0.8818150087608315
401204337193410561,0.0,0.0,0.0,0.31465457065206376,0.0,0.0,0.0,0.0,0.0,0.0,0.7065988506086278,0.5684866274990885,0.28023832685955685,0.0,0.0,0.0,0.0,0.0,0.0,0.0
401208728630095872,0.0,0.6525790180070092,0.0,0.3962851584720983,0.0,0.0,0.0,0.0,0.0,0.0,0.0,0.0,0.0,0.0,0.0,0.38585756757544576,0.5178924946130343,0.0,0.0,0.0
401214009279393792,0.0,0.0,0.0,0.3949946453917417,0.0,0.0,0.0,0.0,0.0,0.0,0.0,0.0,0.0,0.0,0.0,0.384601012220129,0.0,0.0,0.8343028775637206,0.0
401221768738013184,0.0,0.0,0.0,0.0,0.0,0.0,0.0,0.0,0.7287656386397119,0.0,0.0,0.0,0.0,0.0,0.0,0.6847632028212768,0.0,0.0,0.0,0.0
401291918467821568,0.0,0.0,0.0,0.522996362893541,0.0,0.0,0.0,0.0,0.0,0.0,0.0,0.0,0.0,0.0,0.0,0.5092345754632024,0.6834873455689868,0.0,0.0,0.0
401294451835809792,0.0,0.35730053899914266,0.4703696277527789,0.2169743384515629,0.0,0.0,0.0,0.0,0.22484076814660872,0.0,0.4872448470833493,0.39200768533112607,0.1932421494883071,0.0,0.0,0.21126501629282246,0.2835568756623129,0.0,0.0,0.0
401329331634307073,0.0,0.0,0.0,0.7467662656925799,0.0,0.0,0.0,0.0,0.0,0.0,0.0,0.0,0.6650865691198097,0.0,0.0,0.0,0.0,0.0,0.0,0.0
401376714707591168,0.0,0.5308848527658573,0.0,0.0,0.0,0.0,0.0,0.0,0.3340732662414513,0.0,0.7239589104157137,0.0,0.2871233566191286,0.0,0.0,0.0,0.0,0.0,0.0,0.0
401397933683122176,0.0,0.0,0.0,0.0,0.0,0.0,0.0,0.0,1.0,0.0,0.0,0.0,0.0,0.0,0.0,0.0,0.0,0.0,0.0,0.0
401402539025121280,0.7578451414761174,0.3799063552070687,0.0,0.0,0.0,0.0,0.0,0.0,0.23906607296984986,0.0,0.0,0.4168093654839546,0.0,0.0,0.0,0.2246314056715172,0.0,0.0,0.0,0.0
401428929598062592,0.742337416709408,0.37213236172048436,0.0,0.0,0.0,0.0,0.0,0.0,0.23417408296058048,0.0,0.0,0.40828022863744534,0.201263781113969,0.0,0.0,0.22003479110943425,0.0,0.0,0.0,0.0
401432998090129408,0.0,0.0,0.0,0.0,0.0,0.0,0.0,0.0,0.4975334828511139,0.0,0.0,0.8674447725602134,0.0,0.0,0.0,0.0,0.0,0.0,0.0,0.0
401450895151759361,0.5207550608756546,0.0,0.0,0.0,0.0,0.0,0.0,0.0,0.27814143308046235,0.5899027582364349,0.0,0.48493687455051915,0.0,0.0,0.0,0.26134741877921824,0.0,0.0,0.0,0.0
401456901420244992,0.5678365530078817,0.0,0.0,0.29267716991680814,0.0,0.0,0.6572456628678128,0.0,0.30328821450819204,0.0,0.0,0.0,0.2606647672001283,0.0,0.0,0.0,0.0,0.0,0.0,0.0
401476476228210688,0.0,0.0,0.0,0.0,0.0,0.0,0.0,0.0,1.0,0.0,0.0,0.0,0.0,0.0,0.0,0.0,0.0,0.0,0.0,0.0
401491579896348672,0.0,0.0,0.0,0.0,0.7084464855878149,0.0,0.0,0.0,0.0,0.0,0.0,0.0,0.0,0.0,0.0,0.0,0.0,0.0,0.0,0.7057645337208961
401512924730376192,0.0,0.0,0.0,0.0,0.0,0.0,0.0,0.0,0.758386778845111,0.0,0.0,0.0,0.6518047972153447,0.0,0.0,0.0,0.0,0.0,0.0,0.0
401529865515442176,0.0,0.0,0.0,0.0,0.0,0.0,0.0,0.0,0.32580465498040634,0.6909904162448643,0.0,0.568037236848862,0.0,0.0,0.0,0.30613276368915093,0.0,0.0,0.0,0.0
401531631313244161,0.0,0.0,0.0,0.4210621587487049,0.0,0.0,0.0,0.0,0.4363278159350746,0.0,0.0,0.0,0.37500728060959515,0.0,0.0,0.0,0.0,0.0,0.0,0.7012091235865408
401532256264531968,0.6769778142652766,0.0,0.0,0.3489313073032788,0.0,0.0,0.0,0.0,0.0,0.0,0.0,0.0,0.3107659473846177,0.0,0.0,0.3397497549645003,0.45600724963967015,0.0,0.0,0.0
401561205376286720,0.0,0.0,0.0,0.4210621587487049,0.0,0.0,0.0,0.0,0.4363278159350746,0.0,0.0,0.0,0.37500728060959515,0.0,0.0,0.0,0.0,0.0,0.0,0.7012091235865408
401568805433790464,0.0,0.0,0.0,0.474089245096678,0.0,0.0,0.0,0.0,0.0,0.0,0.0,0.0,0.42223437769449734,0.0,0.0,0.46161436787586213,0.6195721857436555,0.0,0.0,0.0
401575348552232960,0.0,0.0,0.0,0.522996362893541,0.0,0.0,0.0,0.0,0.0,0.0,0.0,0.0,0.0,0.0,0.0,0.5092345754632024,0.6834873455689868,0.0,0.0,0.0
401575470182854656,0.0,0.0,0.0,0.0,0.7617101667990629,0.0,0.0,0.0,0.4721803115459511,0.0,0.0,0.0,0.0,0.0,0.0,0.44367034517005116,0.0,0.0,0.0,0.0
401581602272079872,0.0,0.0,0.5420717534065426,0.250049435909754,0.0,0.0,0.0,0.0,0.0,0.0,0.0,0.4517644864773655,0.2226995635445915,0.0,0.0,0.243469797066708,0.32678167065144403,0.4731632324657192,0.0,0.0
401588619351048192,0.593555517469464,0.0,0.0,0.30593336783491293,0.0,0.0,0.0,0.0,0.0,0.0,0.0,0.5527300244184997,0.0,0.0,0.0,0.29788323541583017,0.3998146074010632,0.0,0.0,0.0
401622345724342272,0.0,0.0,0.0,0.0,0.0,0.0,0.0,0.0,0.0,0.0,0.0,0.0,0.0,0.5781763694122581,0.5861528295024087,0.2596860700542628,0.0,0.504678205730496,0.0,0.0
401639827570843648,0.0,0.0,0.0,0.0,0.0,0.0,0.0,0.0,0.4574643169853682,0.0,0.0,0.797584572856849,0.39317330507788595,0.0,0.0,0.0,0.0,0.0,0.0,0.0
401672354407141376,0.0,0.0,0.5420717534065426,0.250049435909754,0.0,0.0,0.0,0.0,0.0,0.0,0.0,0.4517644864773655,0.2226995635445915,0.0,0.0,0.243469797066708,0.32678167065144403,0.4731632324657192,0.0,0.0
401691744682516481,0.0,0.0,0.0,0.0,0.0,0.0,0.0,0.0,0.0,0.0,0.0,0.0,0.0,0.0,0.0,0.0,0.0,0.0,0.0,0.0
401742382497943552,0.0,0.0,0.0,0.0,0.0,0.0,0.0,0.0,0.0,0.0,0.8032317198312057,0.0,0.0,0.0,0.0,0.0,0.0,0.0,0.0,0.5956666888932127
401747587654754304,0.0,0.0,0.0,0.3801391788466814,0.0,0.0,0.0,0.0,0.0,0.0,0.0,0.6867977138071978,0.0,0.0,0.0,0.3701364427964952,0.4967918263507706,0.0,0.0,0.0
401751580631777281,0.0,0.0,0.0,0.0,0.0,0.0,0.0,0.0,0.758386778845111,0.0,0.0,0.0,0.6518047972153447,0.0,0.0,0.0,0.0,0.0,0.0,0.0
401761881821437952,0.0,0.0,0.0,0.0,0.7742590710967039,0.0,0.0,0.0,0.47995931437286693,0.0,0.0,0.0,0.41250690584667377,0.0,0.0,0.0,0.0,0.0,0.0,0.0
401813551465369600,0.0,0.0,0.0,0.0,0.0,0.0,0.0,0.0,0.3747746337576751,0.7948495401141721,0.0,0.0,0.3221046449805884,0.0,0.0,0.3521459642733658,0.0,0.0,0.0,0.0
401828814520479744,0.36611405107003814,0.3107471803642172,0.0,0.1887043441750204,0.5341031942767254,0.0,0.4237608003678614,0.382263003029112,0.0,0.0,0.0,0.0,0.16806426670729446,0.0,0.0,0.18373890032881396,0.24661171749635138,0.0,0.0,0.0
401914613211488256,0.0,0.0,0.0,0.0,0.0,0.0,0.0,0.0,0.48105019393088483,0.0,0.0,0.0,0.4134444756315571,0.0,0.0,0.0,0.0,0.0,0.0,0.7730810930871385
401929205220257792,0.0,0.0,0.0,0.4258361901023859,0.0,0.0,0.0,0.0,0.0,0.0,0.0,0.0,0.37925913862697,0.0,0.0,0.4146310125062901,0.0,0.0,0.0,0.7091594802546336
401991763247648768,0.0,0.0,0.0,0.0,0.0,0.0,0.0,0.0,0.0,0.0,0.0,0.0,0.47159547318028233,0.0,0.0,0.0,0.0,0.0,0.0,0.8818150087608315
402020448080125952,0.0,0.0,0.0,0.0,0.0,0.7948495401141721,0.0,0.0,0.3747746337576751,0.0,0.0,0.0,0.3221046449805884,0.0,0.0,0.3521459642733658,0.0,0.0,0.0,0.0
402041528660398080,0.0,0.0,0.0,0.0,0.0,0.0,0.0,0.0,0.6176179605438453,0.0,0.0,0.0,0.5308193137832298,0.0,0.0,0.5803265554223437,0.0,0.0,0.0,0.0
402050143785992192,0.0,0.0,0.0,0.0,0.0,0.0,0.0,0.0,0.0,0.0,0.0,0.0,0.47159547318028233,0.0,0.0,0.0,0.0,0.0,0.0,0.8818150087608315
402052568085712896,0.0,0.0,0.0,0.46795719082572484,0.0,0.0,0.0,0.0,0.0,0.0,0.0,0.0,0.416773034401302,0.0,0.0,0.0,0.0,0.0,0.0,0.7793050143239343
402085996696973312,0.0,0.0,0.8459782960332589,0.0,0.0,0.0,0.0,0.0,0.4043849744810683,0.0,0.0,0.0,0.34755361464759565,0.0,0.0,0.0,0.0,0.0,0.0,0.0
402096486638292992,0.0,0.0,0.0,0.2242639442182302,0.0,0.49287964424542285,0.0,0.0,0.23239465941209272,0.0,0.0,0.0,0.1997344337709833,0.48617246036147127,0.49287964424542285,0.2183628080964694,0.29308343005006876,0.0,0.0,0.0
402133031613251584,0.0,0.0,0.8459782960332589,0.0,0.0,0.0,0.0,0.0,0.4043849744810683,0.0,0.0,0.0,0.34755361464759565,0.0,0.0,0.0,0.0,0.0,0.0,0.0
402192267760238592,0.0,0.0,0.0,0.0,0.0,0.0,0.688265936752938,0.0,0.3176026238861462,0.0,0.0,0.0,0.0,0.0,0.0,0.2984259663540999,0.0,0.5799659612527771,0.0,0.0
402257283649769472,0.0,0.0,0.0,0.24449693915343165,0.40871633182388134,0.5373470301216715,0.0,0.0,0.2533612039150165,0.0,0.0,0.0,0.2177543870049331,0.0,0.0,0.2380634051124256,0.3195252888895089,0.46265636087883394,0.0,0.0
402261339541753856,0.0,0.0,0.8459782960332589,0.0,0.0,0.0,0.0,0.0,0.4043849744810683,0.0,0.0,0.0,0.34755361464759565,0.0,0.0,0.0,0.0,0.0,0.0,0.0
402269291958923265,0.0,0.0,0.0,0.0,0.0,0.0,0.0,0.0,0.40974972731389014,0.0,0.0,0.0,0.35216441711653224,0.0,0.0,0.38500928248253824,0.0,0.7482334105648095,0.0,0.0
402299025367371776,0.0,0.0,0.0,0.31078723097650696,0.0,0.6830375715262609,0.0,0.0,0.3220548579228172,0.0,0.0,0.0,0.2767939885242525,0.0,0.0,0.3026093771476595,0.40615796706813334,0.0,0.0,0.0
402301529375248384,0.0,0.0,0.0,0.0,0.0,0.0,0.0,0.0,0.40974972731389014,0.0,0.0,0.0,0.35216441711653224,0.0,0.0,0.38500928248253824,0.0,0.7482334105648095,0.0,0.0
402309934768852992,0.0,0.4663521674637273,0.6139310509468371,0.283197034363101,0.0,0.0,0.0,0.0,0.0,0.0,0.0,0.5116522752210236,0.25222154859228424,0.0,0.0,0.0,0.0,0.0,0.0,0.0
402315605463687168,0.0,0.0,0.0,0.31078723097650696,0.0,0.6830375715262609,0.0,0.0,0.3220548579228172,0.0,0.0,0.0,0.2767939885242525,0.0,0.0,0.3026093771476595,0.40615796706813334,0.0,0.0,0.0
402376410297167872,0.0,0.0,0.0,0.29496991117534516,0.49309009966111494,0.0,0.0,0.0,0.0,0.0,0.6623943194872542,0.0,0.0,0.0,0.0,0.28720826405129574,0.38548681389777667,0.0,0.0,0.0
402432907546857472,0.6737207278587842,0.0,0.0,0.0,0.0,0.0,0.0,0.0,0.0,0.0,0.0,0.0,0.0,0.0,0.0,0.33811514555015043,0.0,0.6570985688639341,0.0,0.0
402477165838884864,0.0,0.0,0.0,0.24449693915343165,0.40871633182388134,0.5373470301216715,0.0,0.0,0.2533612039150165,0.0,0.0,0.0,0.2177543870049331,0.0,0.0,0.2380634051124256,0.3195252888895089,0.46265636087883394,0.0,0.0
402480219292196864,0.0,0.0,0.0,0.0,0.0,0.0,0.0,0.0,0.43779573114354664,0.0,0.0,0.0,0.0,0.0,0.0,0.4113618852816775,0.0,0.7994474949175784,0.0,0.0
402576205947224064,0.0,0.0,0.0,0.30764319515348787,0.0,0.0,0.6908538707781665,0.0,0.3187968347179861,0.0,0.0,0.0,0.27399384061347054,0.0,0.0,0.2995480714461854,0.4020491264498927,0.0,0.0,0.0
402587257968029696,0.5271144913160248,0.0,0.0,0.0,0.0,0.0,0.0,0.0,0.0,0.0,0.0,0.0,0.2419713479854097,0.0,0.0,0.2645389782192783,0.0,0.5141094277624794,0.5738560839506786,0.0
402606165861093376,0.0,0.0,0.0,0.0,0.0,0.0,0.0,0.0,0.758386778845111,0.0,0.0,0.0,0.6518047972153447,0.0,0.0,0.0,0.0,0.0,0.0,0.0
402617712771604480,0.0,0.0,0.0,0.4446695744810553,0.0,0.0,0.0,0.0,0.0,0.0,0.0,0.8033848236316153,0.39603256771285267,0.0,0.0,0.0,0.0,0.0,0.0,0.0
402630668976271361,0.0,0.0,0.0,0.0,0.0,0.0,0.0,0.0,0.45071367742359975,0.0,0.0,0.785814898651733,0.0,0.0,0.0,0.4234998536484538,0.0,0.0,0.0,0.0
402632468370845696,0.0,0.0,0.0,0.0,0.0,0.0,0.0,0.0,0.4848856388979123,0.0,0.0,0.0,0.8745775649938451,0.0,0.0,0.0,0.0,0.0,0.0,0.0
402656610775883776,0.0,0.0,0.0,0.0,0.0,0.0,0.0,0.0,1.0,0.0,0.0,0.0,0.0,0.0,0.0,0.0,0.0,0.0,0.0,0.0
402683068454305792,0.5730811607039494,0.0,0.0,0.2953803719732417,0.0,0.6491769025233143,0.0,0.0,0.306089421467326,0.0,0.0,0.0,0.2630722987986313,0.0,0.0,0.0,0.0,0.0,0.0,0.0
407048231592280065,,,,,,,,,,,,,,,,,,,,
407106574352527360,,,,,,,,,,,,,,,,,,,,
407358035497979904,,,,,,,,,,,,,,,,,,,,
407809699124240384,,,,,,,,,,,,,,,,,,,,
407903202722316288,,,,,,,,,,,,,,,,,,,,
407936253859233792,,,,,,,,,,,,,,,,,,,,
407957980328382464,,,,,,,,,,,,,,,,,,,,
408229355991465984,,,,,,,,,,,,,,,,,,,,
408298364879790080,,,,,,,,,,,,,,,,,,,,
408356380500717568,,,,,,,,,,,,,,,,,,,,
408363007484256257,,,,,,,,,,,,,,,,,,,,
408450181919543297,,,,,,,,,,,,,,,,,,,,
408501809582706688,,,,,,,,,,,,,,,,,,,,
408607376028475393,,,,,,,,,,,,,,,,,,,,
409126924456574976,,,,,,,,,,,,,,,,,,,,
409237750567559168,,,,,,,,,,,,,,,,,,,,
409311121535819777,,,,,,,,,,,,,,,,,,,,
409320466453499905,,,,,,,,,,,,,,,,,,,,
409333175173656577,,,,,,,,,,,,,,,,,,,,
409461134987907072,,,,,,,,,,,,,,,,,,,,
410090993644355584,,,,,,,,,,,,,,,,,,,,
410279372419899392,,,,,,,,,,,,,,,,,,,,
410324452769931265,,,,,,,,,,,,,,,,,,,,
410339254489726976,,,,,,,,,,,,,,,,,,,,
410352135193501696,,,,,,,,,,,,,,,,,,,,
410358888005779456,,,,,,,,,,,,,,,,,,,,
410363321393491969,,,,,,,,,,,,,,,,,,,,
410377712054710272,,,,,,,,,,,,,,,,,,,,
410561800069865472,,,,,,,,,,,,,,,,,,,,
410647082845102080,,,,,,,,,,,,,,,,,,,,
410663969133588480,,,,,,,,,,,,,,,,,,,,
410725092725760000,,,,,,,,,,,,,,,,,,,,
410759246905876480,,,,,,,,,,,,,,,,,,,,
410786744775098368,,,,,,,,,,,,,,,,,,,,
410850435281747969,,,,,,,,,,,,,,,,,,,,
410856101773844480,,,,,,,,,,,,,,,,,,,,
410860732323213314,,,,,,,,,,,,,,,,,,,,
410886904780181504,,,,,,,,,,,,,,,,,,,,
410890734158749696,,,,,,,,,,,,,,,,,,,,
411224307142901760,,,,,,,,,,,,,,,,,,,,
411775400969519104,,,,,,,,,,,,,,,,,,,,
412081086013792256,,,,,,,,,,,,,,,,,,,,
412219166696173570,,,,,,,,,,,,,,,,,,,,
412322493383577600,,,,,,,,,,,,,,,,,,,,
412606338695704577,,,,,,,,,,,,,,,,,,,,
413402845421912064,,,,,,,,,,,,,,,,,,,,
413423825322115072,,,,,,,,,,,,,,,,,,,,
413962176831832065,,,,,,,,,,,,,,,,,,,,
415541403595194368,,,,,,,,,,,,,,,,,,,,
415903434953326592,,,,,,,,,,,,,,,,,,,,
416696456200716289,,,,,,,,,,,,,,,,,,,,
417018138346000384,,,,,,,,,,,,,,,,,,,,
417417205421465600,,,,,,,,,,,,,,,,,,,,
